09-23 20:19:31.706 14597 14597 I D05M04  : EVENT,type=submit,id=1,label=initial,at=45679058293983,thread=main,active=0
09-23 20:19:31.768 14597 14614 I D05M04  : EVENT,type=body,ordinal=1,requestId=1,at=45679119502283,thread=DefaultDispatcher-worker-3
09-23 20:19:31.794 14597 14614 I D05M04  : EVENT,type=engine-enter,ordinal=1,requestId=1,at=45679141985583,thread=DefaultDispatcher-worker-3,active=1
09-23 20:19:32.467 14597 14614 I D05M04  : EVENT,type=engine-return,ordinal=1,requestId=1,at=45679819658783,thread=DefaultDispatcher-worker-3,active=0
09-23 20:19:32.468 14597 14614 I D05M04  : EVENT,type=calculator-return,logical=home,ordinal=1,requestId=1,at=45679820468283,thread=DefaultDispatcher-worker-3
09-23 20:19:32.469 14597 14597 I D05M04  : EVENT,type=publication,ordinal=1,requestId=1,at=45679821347483,thread=main
09-23 20:19:32.470 14597 14611 I D05M04  : RESULT,group=A,rep=0,point=clean,valid=true,submitted=1,started=1,skipped=0,finalRequestId=1,finalLabel=initial,finalSubmitNs=45679058293983,finalBodyLaunchNs=45679119502283,finalEngineEnterNs=45679141985583,finalEngineReturnNs=45679819658783,finalCalculatorReturnNs=45679820468283,finalPublicationNs=45679821347483,finalStartNs=83691600,finalRuntimeNs=677673200,finalPublicationLatencyNs=763053500,activeAtFinalSubmission=0,peakConcurrency=1,obsoleteDrainNs=0,engineOnMain=false,finalEngineThread=DefaultDispatcher-worker-3,publicationThread=Main
09-23 20:19:32.480 14597 14597 I D05M04  : EVENT,type=submit,id=1,label=initial,at=45679832326783,thread=main,active=0
09-23 20:19:32.483 14597 14614 I D05M04  : EVENT,type=body,ordinal=1,requestId=1,at=45679835577383,thread=DefaultDispatcher-worker-3
09-23 20:19:32.485 14597 14614 I D05M04  : EVENT,type=engine-enter,ordinal=1,requestId=1,at=45679837431083,thread=DefaultDispatcher-worker-3,active=1
09-23 20:19:33.188 14597 14614 I D05M04  : EVENT,type=engine-return,ordinal=1,requestId=1,at=45680540787283,thread=DefaultDispatcher-worker-3,active=0
09-23 20:19:33.188 14597 14614 I D05M04  : EVENT,type=calculator-return,logical=home,ordinal=1,requestId=1,at=45680541018183,thread=DefaultDispatcher-worker-3
09-23 20:19:33.195 14597 14597 I D05M04  : EVENT,type=publication,ordinal=1,requestId=1,at=45680547925783,thread=main
09-23 20:19:33.214 14597 14611 I D05M04  : RESULT,group=A,rep=1,point=clean,valid=true,submitted=1,started=1,skipped=0,finalRequestId=1,finalLabel=initial,finalSubmitNs=45679832326783,finalBodyLaunchNs=45679835577383,finalEngineEnterNs=45679837431083,finalEngineReturnNs=45680540787283,finalCalculatorReturnNs=45680541018183,finalPublicationNs=45680547925783,finalStartNs=5104300,finalRuntimeNs=703356200,finalPublicationLatencyNs=715599000,activeAtFinalSubmission=0,peakConcurrency=1,obsoleteDrainNs=0,engineOnMain=false,finalEngineThread=DefaultDispatcher-worker-3,publicationThread=Main
09-23 20:19:33.218 14597 14597 I D05M04  : EVENT,type=submit,id=1,label=initial,at=45680571047983,thread=main,active=0
09-23 20:19:33.223 14597 14614 I D05M04  : EVENT,type=body,ordinal=1,requestId=1,at=45680575177283,thread=DefaultDispatcher-worker-3
09-23 20:19:33.225 14597 14614 I D05M04  : EVENT,type=engine-enter,ordinal=1,requestId=1,at=45680577526783,thread=DefaultDispatcher-worker-3,active=1
09-23 20:19:33.976 14597 14614 I D05M04  : EVENT,type=engine-return,ordinal=1,requestId=1,at=45681328704983,thread=DefaultDispatcher-worker-3,active=0
09-23 20:19:33.976 14597 14614 I D05M04  : EVENT,type=calculator-return,logical=home,ordinal=1,requestId=1,at=45681328967283,thread=DefaultDispatcher-worker-3
09-23 20:19:33.979 14597 14597 I D05M04  : EVENT,type=publication,ordinal=1,requestId=1,at=45681330853683,thread=main
09-23 20:19:33.991 14597 14611 I D05M04  : RESULT,group=A,rep=2,point=clean,valid=true,submitted=1,started=1,skipped=0,finalRequestId=1,finalLabel=initial,finalSubmitNs=45680571047983,finalBodyLaunchNs=45680575177283,finalEngineEnterNs=45680577526783,finalEngineReturnNs=45681328704983,finalCalculatorReturnNs=45681328967283,finalPublicationNs=45681330853683,finalStartNs=6478800,finalRuntimeNs=751178200,finalPublicationLatencyNs=759805700,activeAtFinalSubmission=0,peakConcurrency=1,obsoleteDrainNs=0,engineOnMain=false,finalEngineThread=DefaultDispatcher-worker-3,publicationThread=Main
09-23 20:19:33.996 14597 14597 I D05M04  : EVENT,type=submit,id=1,label=initial,at=45681348805183,thread=main,active=0
09-23 20:19:33.999 14597 14614 I D05M04  : EVENT,type=body,ordinal=1,requestId=1,at=45681351974683,thread=DefaultDispatcher-worker-3
09-23 20:19:34.002 14597 14614 I D05M04  : EVENT,type=engine-enter,ordinal=1,requestId=1,at=45681354582983,thread=DefaultDispatcher-worker-3,active=1
09-23 20:19:34.778 14597 14614 I D05M04  : EVENT,type=engine-return,ordinal=1,requestId=1,at=45682130193283,thread=DefaultDispatcher-worker-3,active=0
09-23 20:19:34.778 14597 14614 I D05M04  : EVENT,type=calculator-return,logical=home,ordinal=1,requestId=1,at=45682130461283,thread=DefaultDispatcher-worker-3
09-23 20:19:34.778 14597 14597 I D05M04  : EVENT,type=publication,ordinal=1,requestId=1,at=45682130818283,thread=main
09-23 20:19:34.781 14597 14611 I D05M04  : RESULT,group=A,rep=3,point=clean,valid=true,submitted=1,started=1,skipped=0,finalRequestId=1,finalLabel=initial,finalSubmitNs=45681348805183,finalBodyLaunchNs=45681351974683,finalEngineEnterNs=45681354582983,finalEngineReturnNs=45682130193283,finalCalculatorReturnNs=45682130461283,finalPublicationNs=45682130818283,finalStartNs=5777800,finalRuntimeNs=775610300,finalPublicationLatencyNs=782013100,activeAtFinalSubmission=0,peakConcurrency=1,obsoleteDrainNs=0,engineOnMain=false,finalEngineThread=DefaultDispatcher-worker-3,publicationThread=Main
09-23 20:19:34.785 14597 14597 I D05M04  : EVENT,type=submit,id=1,label=initial,at=45682137695483,thread=main,active=0
09-23 20:19:34.789 14597 14614 I D05M04  : EVENT,type=body,ordinal=1,requestId=1,at=45682141764183,thread=DefaultDispatcher-worker-3
09-23 20:19:34.792 14597 14614 I D05M04  : EVENT,type=engine-enter,ordinal=1,requestId=1,at=45682144745283,thread=DefaultDispatcher-worker-3,active=1
09-23 20:19:35.551 14597 14614 I D05M04  : EVENT,type=engine-return,ordinal=1,requestId=1,at=45682903966383,thread=DefaultDispatcher-worker-3,active=0
09-23 20:19:35.551 14597 14614 I D05M04  : EVENT,type=calculator-return,logical=home,ordinal=1,requestId=1,at=45682904148983,thread=DefaultDispatcher-worker-3
09-23 20:19:35.552 14597 14597 I D05M04  : EVENT,type=publication,ordinal=1,requestId=1,at=45682904537383,thread=main
09-23 20:19:35.557 14597 14611 I D05M04  : RESULT,group=A,rep=4,point=clean,valid=true,submitted=1,started=1,skipped=0,finalRequestId=1,finalLabel=initial,finalSubmitNs=45682137695483,finalBodyLaunchNs=45682141764183,finalEngineEnterNs=45682144745283,finalEngineReturnNs=45682903966383,finalCalculatorReturnNs=45682904148983,finalPublicationNs=45682904537383,finalStartNs=7049800,finalRuntimeNs=759221100,finalPublicationLatencyNs=766841900,activeAtFinalSubmission=0,peakConcurrency=1,obsoleteDrainNs=0,engineOnMain=false,finalEngineThread=DefaultDispatcher-worker-3,publicationThread=Main
09-23 20:19:35.562 14597 14597 I D05M04  : EVENT,type=submit,id=1,label=initial,at=45682914495683,thread=main,active=0
09-23 20:19:35.565 14597 14614 I D05M04  : EVENT,type=body,ordinal=1,requestId=1,at=45682917995983,thread=DefaultDispatcher-worker-3
09-23 20:19:35.568 14597 14614 I D05M04  : EVENT,type=engine-enter,ordinal=1,requestId=1,at=45682920420783,thread=DefaultDispatcher-worker-3,active=1
09-23 20:19:36.306 14597 14614 I D05M04  : EVENT,type=engine-return,ordinal=1,requestId=1,at=45683658542483,thread=DefaultDispatcher-worker-3,active=0
09-23 20:19:36.306 14597 14614 I D05M04  : EVENT,type=calculator-return,logical=home,ordinal=1,requestId=1,at=45683658734583,thread=DefaultDispatcher-worker-3
09-23 20:19:36.307 14597 14597 I D05M04  : EVENT,type=publication,ordinal=1,requestId=1,at=45683659218383,thread=main
09-23 20:19:36.309 14597 14611 I D05M04  : RESULT,group=A,rep=5,point=clean,valid=true,submitted=1,started=1,skipped=0,finalRequestId=1,finalLabel=initial,finalSubmitNs=45682914495683,finalBodyLaunchNs=45682917995983,finalEngineEnterNs=45682920420783,finalEngineReturnNs=45683658542483,finalCalculatorReturnNs=45683658734583,finalPublicationNs=45683659218383,finalStartNs=5925100,finalRuntimeNs=738121700,finalPublicationLatencyNs=744722700,activeAtFinalSubmission=0,peakConcurrency=1,obsoleteDrainNs=0,engineOnMain=false,finalEngineThread=DefaultDispatcher-worker-3,publicationThread=Main
09-23 20:19:36.316 14597 14597 I D05M04  : EVENT,type=submit,id=1,label=initial,at=45683668867083,thread=main,active=0
09-23 20:19:36.321 14597 14614 I D05M04  : EVENT,type=body,ordinal=1,requestId=1,at=45683674098083,thread=DefaultDispatcher-worker-3
09-23 20:19:36.325 14597 14614 I D05M04  : EVENT,type=engine-enter,ordinal=1,requestId=1,at=45683677105583,thread=DefaultDispatcher-worker-3,active=1
09-23 20:19:37.096 14597 14614 I D05M04  : EVENT,type=engine-return,ordinal=1,requestId=1,at=45684448518983,thread=DefaultDispatcher-worker-3,active=0
09-23 20:19:37.098 14597 14614 I D05M04  : EVENT,type=calculator-return,logical=home,ordinal=1,requestId=1,at=45684448801683,thread=DefaultDispatcher-worker-3
09-23 20:19:37.100 14597 14597 I D05M04  : EVENT,type=publication,ordinal=1,requestId=1,at=45684452540083,thread=main
09-23 20:19:37.102 14597 14611 I D05M04  : RESULT,group=A,rep=6,point=clean,valid=true,submitted=1,started=1,skipped=0,finalRequestId=1,finalLabel=initial,finalSubmitNs=45683668867083,finalBodyLaunchNs=45683674098083,finalEngineEnterNs=45683677105583,finalEngineReturnNs=45684448518983,finalCalculatorReturnNs=45684448801683,finalPublicationNs=45684452540083,finalStartNs=8238500,finalRuntimeNs=771413400,finalPublicationLatencyNs=783673000,activeAtFinalSubmission=0,peakConcurrency=1,obsoleteDrainNs=0,engineOnMain=false,finalEngineThread=DefaultDispatcher-worker-3,publicationThread=Main
09-23 20:19:37.107 14597 14597 I D05M04  : EVENT,type=submit,id=1,label=initial,at=45684459468983,thread=main,active=0
09-23 20:19:37.112 14597 14614 I D05M04  : EVENT,type=body,ordinal=1,requestId=1,at=45684463994283,thread=DefaultDispatcher-worker-3
09-23 20:19:37.117 14597 14614 I D05M04  : EVENT,type=engine-enter,ordinal=1,requestId=1,at=45684469246783,thread=DefaultDispatcher-worker-3,active=1
09-23 20:19:37.867 14597 14614 I D05M04  : EVENT,type=engine-return,ordinal=1,requestId=1,at=45685219968783,thread=DefaultDispatcher-worker-3,active=0
09-23 20:19:37.868 14597 14614 I D05M04  : EVENT,type=calculator-return,logical=home,ordinal=1,requestId=1,at=45685220316283,thread=DefaultDispatcher-worker-3
09-23 20:19:37.871 14597 14597 I D05M04  : EVENT,type=publication,ordinal=1,requestId=1,at=45685223542783,thread=main
09-23 20:19:37.891 14597 14611 I D05M04  : RESULT,group=A,rep=7,point=clean,valid=true,submitted=1,started=1,skipped=0,finalRequestId=1,finalLabel=initial,finalSubmitNs=45684459468983,finalBodyLaunchNs=45684463994283,finalEngineEnterNs=45684469246783,finalEngineReturnNs=45685219968783,finalCalculatorReturnNs=45685220316283,finalPublicationNs=45685223542783,finalStartNs=9777800,finalRuntimeNs=750722000,finalPublicationLatencyNs=764073800,activeAtFinalSubmission=0,peakConcurrency=1,obsoleteDrainNs=0,engineOnMain=false,finalEngineThread=DefaultDispatcher-worker-3,publicationThread=Main
09-23 20:19:37.895 14597 14597 I D05M04  : EVENT,type=submit,id=1,label=initial,at=45685248159783,thread=main,active=0
09-23 20:19:37.897 14597 14614 I D05M04  : EVENT,type=body,ordinal=1,requestId=1,at=45685249331683,thread=DefaultDispatcher-worker-3
09-23 20:19:37.898 14597 14614 I D05M04  : EVENT,type=engine-enter,ordinal=1,requestId=1,at=45685250470583,thread=DefaultDispatcher-worker-3,active=1
09-23 20:19:38.660 14597 14614 I D05M04  : EVENT,type=engine-return,ordinal=1,requestId=1,at=45686012762983,thread=DefaultDispatcher-worker-3,active=0
09-23 20:19:38.660 14597 14614 I D05M04  : EVENT,type=calculator-return,logical=home,ordinal=1,requestId=1,at=45686012972683,thread=DefaultDispatcher-worker-3
09-23 20:19:38.663 14597 14597 I D05M04  : EVENT,type=publication,ordinal=1,requestId=1,at=45686015727983,thread=main
09-23 20:19:38.665 14597 14611 I D05M04  : RESULT,group=A,rep=8,point=clean,valid=true,submitted=1,started=1,skipped=0,finalRequestId=1,finalLabel=initial,finalSubmitNs=45685248159783,finalBodyLaunchNs=45685249331683,finalEngineEnterNs=45685250470583,finalEngineReturnNs=45686012762983,finalCalculatorReturnNs=45686012972683,finalPublicationNs=45686015727983,finalStartNs=2310800,finalRuntimeNs=762292400,finalPublicationLatencyNs=767568200,activeAtFinalSubmission=0,peakConcurrency=1,obsoleteDrainNs=0,engineOnMain=false,finalEngineThread=DefaultDispatcher-worker-3,publicationThread=Main
09-23 20:19:38.671 14597 14597 I D05M04  : EVENT,type=submit,id=1,label=initial,at=45686023128983,thread=main,active=0
09-23 20:19:38.676 14597 14614 I D05M04  : EVENT,type=body,ordinal=1,requestId=1,at=45686028441883,thread=DefaultDispatcher-worker-3
09-23 20:19:38.679 14597 14614 I D05M04  : EVENT,type=engine-enter,ordinal=1,requestId=1,at=45686031120383,thread=DefaultDispatcher-worker-3,active=1
09-23 20:19:39.428 14597 14614 I D05M04  : EVENT,type=engine-return,ordinal=1,requestId=1,at=45686780621783,thread=DefaultDispatcher-worker-3,active=0
09-23 20:19:39.428 14597 14614 I D05M04  : EVENT,type=calculator-return,logical=home,ordinal=1,requestId=1,at=45686780842483,thread=DefaultDispatcher-worker-3
09-23 20:19:39.429 14597 14597 I D05M04  : EVENT,type=publication,ordinal=1,requestId=1,at=45686781222883,thread=main
09-23 20:19:39.432 14597 14611 I D05M04  : RESULT,group=A,rep=9,point=clean,valid=true,submitted=1,started=1,skipped=0,finalRequestId=1,finalLabel=initial,finalSubmitNs=45686023128983,finalBodyLaunchNs=45686028441883,finalEngineEnterNs=45686031120383,finalEngineReturnNs=45686780621783,finalCalculatorReturnNs=45686780842483,finalPublicationNs=45686781222883,finalStartNs=7991400,finalRuntimeNs=749501400,finalPublicationLatencyNs=758093900,activeAtFinalSubmission=0,peakConcurrency=1,obsoleteDrainNs=0,engineOnMain=false,finalEngineThread=DefaultDispatcher-worker-3,publicationThread=Main
09-23 20:19:39.438 14597 14597 I D05M04  : EVENT,type=submit,id=1,label=initial,at=45686790615483,thread=main,active=0
09-23 20:19:39.442 14597 14614 I D05M04  : EVENT,type=body,ordinal=1,requestId=1,at=45686794283483,thread=DefaultDispatcher-worker-3
09-23 20:19:39.445 14597 14614 I D05M04  : EVENT,type=engine-enter,ordinal=1,requestId=1,at=45686797414383,thread=DefaultDispatcher-worker-3,active=1
09-23 20:19:40.204 14597 14614 I D05M04  : EVENT,type=engine-return,ordinal=1,requestId=1,at=45687557109883,thread=DefaultDispatcher-worker-3,active=0
09-23 20:19:40.205 14597 14614 I D05M04  : EVENT,type=calculator-return,logical=home,ordinal=1,requestId=1,at=45687557316083,thread=DefaultDispatcher-worker-3
09-23 20:19:40.207 14597 14597 I D05M04  : EVENT,type=publication,ordinal=1,requestId=1,at=45687559859583,thread=main
09-23 20:19:40.215 14597 14611 I D05M04  : RESULT,group=A,rep=10,point=clean,valid=true,submitted=1,started=1,skipped=0,finalRequestId=1,finalLabel=initial,finalSubmitNs=45686790615483,finalBodyLaunchNs=45686794283483,finalEngineEnterNs=45686797414383,finalEngineReturnNs=45687557109883,finalCalculatorReturnNs=45687557316083,finalPublicationNs=45687559859583,finalStartNs=6798900,finalRuntimeNs=759695500,finalPublicationLatencyNs=769244100,activeAtFinalSubmission=0,peakConcurrency=1,obsoleteDrainNs=0,engineOnMain=false,finalEngineThread=DefaultDispatcher-worker-3,publicationThread=Main
09-23 20:19:40.220 14597 14597 I D05M04  : EVENT,type=submit,id=1,label=initial,at=45687572726783,thread=main,active=0
09-23 20:19:40.223 14597 14614 I D05M04  : EVENT,type=body,ordinal=1,requestId=1,at=45687575791683,thread=DefaultDispatcher-worker-3
09-23 20:19:40.225 14597 14614 I D05M04  : EVENT,type=engine-enter,ordinal=1,requestId=1,at=45687577423083,thread=DefaultDispatcher-worker-3,active=1
09-23 20:19:40.981 14597 14614 I D05M04  : EVENT,type=engine-return,ordinal=1,requestId=1,at=45688333513983,thread=DefaultDispatcher-worker-3,active=0
09-23 20:19:40.981 14597 14614 I D05M04  : EVENT,type=calculator-return,logical=home,ordinal=1,requestId=1,at=45688333717383,thread=DefaultDispatcher-worker-3
09-23 20:19:40.981 14597 14597 I D05M04  : EVENT,type=publication,ordinal=1,requestId=1,at=45688334036383,thread=main
09-23 20:19:40.989 14597 14611 I D05M04  : RESULT,group=A,rep=11,point=clean,valid=true,submitted=1,started=1,skipped=0,finalRequestId=1,finalLabel=initial,finalSubmitNs=45687572726783,finalBodyLaunchNs=45687575791683,finalEngineEnterNs=45687577423083,finalEngineReturnNs=45688333513983,finalCalculatorReturnNs=45688333717383,finalPublicationNs=45688334036383,finalStartNs=4696300,finalRuntimeNs=756090900,finalPublicationLatencyNs=761309600,activeAtFinalSubmission=0,peakConcurrency=1,obsoleteDrainNs=0,engineOnMain=false,finalEngineThread=DefaultDispatcher-worker-3,publicationThread=Main
09-23 20:19:40.992 14597 14597 I D05M04  : EVENT,type=submit,id=1,label=initial,at=45688345155983,thread=main,active=0
09-23 20:19:40.996 14597 14614 I D05M04  : EVENT,type=body,ordinal=1,requestId=1,at=45688348479583,thread=DefaultDispatcher-worker-3
09-23 20:19:40.998 14597 14614 I D05M04  : EVENT,type=engine-enter,ordinal=1,requestId=1,at=45688350513783,thread=DefaultDispatcher-worker-3,active=1
09-23 20:19:41.771 14597 14614 I D05M04  : EVENT,type=engine-return,ordinal=1,requestId=1,at=45689123663883,thread=DefaultDispatcher-worker-3,active=0
09-23 20:19:41.771 14597 14614 I D05M04  : EVENT,type=calculator-return,logical=home,ordinal=1,requestId=1,at=45689123862183,thread=DefaultDispatcher-worker-3
09-23 20:19:41.774 14597 14597 I D05M04  : EVENT,type=publication,ordinal=1,requestId=1,at=45689126323483,thread=main
09-23 20:19:41.775 14597 14611 I D05M04  : RESULT,group=A,rep=12,point=clean,valid=true,submitted=1,started=1,skipped=0,finalRequestId=1,finalLabel=initial,finalSubmitNs=45688345155983,finalBodyLaunchNs=45688348479583,finalEngineEnterNs=45688350513783,finalEngineReturnNs=45689123663883,finalCalculatorReturnNs=45689123862183,finalPublicationNs=45689126323483,finalStartNs=5357800,finalRuntimeNs=773150100,finalPublicationLatencyNs=781167500,activeAtFinalSubmission=0,peakConcurrency=1,obsoleteDrainNs=0,engineOnMain=false,finalEngineThread=DefaultDispatcher-worker-3,publicationThread=Main
09-23 20:19:41.780 14597 14597 I D05M04  : EVENT,type=submit,id=1,label=initial,at=45689133021283,thread=main,active=0
09-23 20:19:41.783 14597 14614 I D05M04  : EVENT,type=body,ordinal=1,requestId=1,at=45689135903683,thread=DefaultDispatcher-worker-3
09-23 20:19:41.786 14597 14614 I D05M04  : EVENT,type=engine-enter,ordinal=1,requestId=1,at=45689138270283,thread=DefaultDispatcher-worker-3,active=1
09-23 20:19:42.549 14597 14614 I D05M04  : EVENT,type=engine-return,ordinal=1,requestId=1,at=45689901668183,thread=DefaultDispatcher-worker-3,active=0
09-23 20:19:42.549 14597 14614 I D05M04  : EVENT,type=calculator-return,logical=home,ordinal=1,requestId=1,at=45689901906083,thread=DefaultDispatcher-worker-3
09-23 20:19:42.553 14597 14597 I D05M04  : EVENT,type=publication,ordinal=1,requestId=1,at=45689905272183,thread=main
09-23 20:19:42.569 14597 14611 I D05M04  : RESULT,group=A,rep=13,point=clean,valid=true,submitted=1,started=1,skipped=0,finalRequestId=1,finalLabel=initial,finalSubmitNs=45689133021283,finalBodyLaunchNs=45689135903683,finalEngineEnterNs=45689138270283,finalEngineReturnNs=45689901668183,finalCalculatorReturnNs=45689901906083,finalPublicationNs=45689905272183,finalStartNs=5249000,finalRuntimeNs=763397900,finalPublicationLatencyNs=772250900,activeAtFinalSubmission=0,peakConcurrency=1,obsoleteDrainNs=0,engineOnMain=false,finalEngineThread=DefaultDispatcher-worker-3,publicationThread=Main
09-23 20:19:42.573 14597 14597 I D05M04  : EVENT,type=submit,id=1,label=initial,at=45689925666083,thread=main,active=0
09-23 20:19:42.576 14597 14614 I D05M04  : EVENT,type=body,ordinal=1,requestId=1,at=45689928432583,thread=DefaultDispatcher-worker-3
09-23 20:19:42.578 14597 14614 I D05M04  : EVENT,type=engine-enter,ordinal=1,requestId=1,at=45689930788783,thread=DefaultDispatcher-worker-3,active=1
09-23 20:19:43.342 14597 14614 I D05M04  : EVENT,type=engine-return,ordinal=1,requestId=1,at=45690694889383,thread=DefaultDispatcher-worker-3,active=0
09-23 20:19:43.342 14597 14614 I D05M04  : EVENT,type=calculator-return,logical=home,ordinal=1,requestId=1,at=45690695098483,thread=DefaultDispatcher-worker-3
09-23 20:19:43.344 14597 14597 I D05M04  : EVENT,type=publication,ordinal=1,requestId=1,at=45690695969883,thread=main
09-23 20:19:43.345 14597 14611 I D05M04  : RESULT,group=A,rep=14,point=clean,valid=true,submitted=1,started=1,skipped=0,finalRequestId=1,finalLabel=initial,finalSubmitNs=45689925666083,finalBodyLaunchNs=45689928432583,finalEngineEnterNs=45689930788783,finalEngineReturnNs=45690694889383,finalCalculatorReturnNs=45690695098483,finalPublicationNs=45690695969883,finalStartNs=5122700,finalRuntimeNs=764100600,finalPublicationLatencyNs=770303800,activeAtFinalSubmission=0,peakConcurrency=1,obsoleteDrainNs=0,engineOnMain=false,finalEngineThread=DefaultDispatcher-worker-3,publicationThread=Main
09-23 20:19:43.351 14597 14597 I D05M04  : EVENT,type=submit,id=1,label=initial,at=45690703894883,thread=main,active=0
09-23 20:19:43.356 14597 14614 I D05M04  : EVENT,type=body,ordinal=1,requestId=1,at=45690708694483,thread=DefaultDispatcher-worker-3
09-23 20:19:43.358 14597 14614 I D05M04  : EVENT,type=engine-enter,ordinal=1,requestId=1,at=45690710397483,thread=DefaultDispatcher-worker-3,active=1
09-23 20:19:44.103 14597 14614 I D05M04  : EVENT,type=engine-return,ordinal=1,requestId=1,at=45691456075883,thread=DefaultDispatcher-worker-3,active=0
09-23 20:19:44.104 14597 14614 I D05M04  : EVENT,type=calculator-return,logical=home,ordinal=1,requestId=1,at=45691456341283,thread=DefaultDispatcher-worker-3
09-23 20:19:44.107 14597 14597 I D05M04  : EVENT,type=publication,ordinal=1,requestId=1,at=45691459703883,thread=main
09-23 20:19:44.122 14597 14611 I D05M04  : RESULT,group=A,rep=15,point=clean,valid=true,submitted=1,started=1,skipped=0,finalRequestId=1,finalLabel=initial,finalSubmitNs=45690703894883,finalBodyLaunchNs=45690708694483,finalEngineEnterNs=45690710397483,finalEngineReturnNs=45691456075883,finalCalculatorReturnNs=45691456341283,finalPublicationNs=45691459703883,finalStartNs=6502600,finalRuntimeNs=745678400,finalPublicationLatencyNs=755809000,activeAtFinalSubmission=0,peakConcurrency=1,obsoleteDrainNs=0,engineOnMain=false,finalEngineThread=DefaultDispatcher-worker-3,publicationThread=Main
09-23 20:19:44.125 14597 14597 I D05M04  : EVENT,type=submit,id=1,label=initial,at=45691477780983,thread=main,active=0
09-23 20:19:44.126 14597 14614 I D05M04  : EVENT,type=body,ordinal=1,requestId=1,at=45691478898583,thread=DefaultDispatcher-worker-3
09-23 20:19:44.130 14597 14614 I D05M04  : EVENT,type=engine-enter,ordinal=1,requestId=1,at=45691482221683,thread=DefaultDispatcher-worker-3,active=1
09-23 20:19:44.922 14597 14614 I D05M04  : EVENT,type=engine-return,ordinal=1,requestId=1,at=45692274651383,thread=DefaultDispatcher-worker-3,active=0
09-23 20:19:44.922 14597 14614 I D05M04  : EVENT,type=calculator-return,logical=home,ordinal=1,requestId=1,at=45692274854183,thread=DefaultDispatcher-worker-3
09-23 20:19:44.925 14597 14597 I D05M04  : EVENT,type=publication,ordinal=1,requestId=1,at=45692275290083,thread=main
09-23 20:19:44.927 14597 14611 I D05M04  : RESULT,group=A,rep=16,point=clean,valid=true,submitted=1,started=1,skipped=0,finalRequestId=1,finalLabel=initial,finalSubmitNs=45691477780983,finalBodyLaunchNs=45691478898583,finalEngineEnterNs=45691482221683,finalEngineReturnNs=45692274651383,finalCalculatorReturnNs=45692274854183,finalPublicationNs=45692275290083,finalStartNs=4440700,finalRuntimeNs=792429700,finalPublicationLatencyNs=797509100,activeAtFinalSubmission=0,peakConcurrency=1,obsoleteDrainNs=0,engineOnMain=false,finalEngineThread=DefaultDispatcher-worker-3,publicationThread=Main
09-23 20:19:44.930 14597 14597 I D05M04  : EVENT,type=submit,id=1,label=initial,at=45692282178083,thread=main,active=0
09-23 20:19:44.932 14597 14614 I D05M04  : EVENT,type=body,ordinal=1,requestId=1,at=45692284529983,thread=DefaultDispatcher-worker-3
09-23 20:19:44.936 14597 14614 I D05M04  : EVENT,type=engine-enter,ordinal=1,requestId=1,at=45692288486183,thread=DefaultDispatcher-worker-3,active=1
09-23 20:19:45.699 14597 14614 I D05M04  : EVENT,type=engine-return,ordinal=1,requestId=1,at=45693051815983,thread=DefaultDispatcher-worker-3,active=0
09-23 20:19:45.699 14597 14614 I D05M04  : EVENT,type=calculator-return,logical=home,ordinal=1,requestId=1,at=45693052035383,thread=DefaultDispatcher-worker-3
09-23 20:19:45.705 14597 14597 I D05M04  : EVENT,type=publication,ordinal=1,requestId=1,at=45693057144983,thread=main
09-23 20:19:45.705 14597 14611 I D05M04  : RESULT,group=A,rep=17,point=clean,valid=true,submitted=1,started=1,skipped=0,finalRequestId=1,finalLabel=initial,finalSubmitNs=45692282178083,finalBodyLaunchNs=45692284529983,finalEngineEnterNs=45692288486183,finalEngineReturnNs=45693051815983,finalCalculatorReturnNs=45693052035383,finalPublicationNs=45693057144983,finalStartNs=6308100,finalRuntimeNs=763329800,finalPublicationLatencyNs=774966900,activeAtFinalSubmission=0,peakConcurrency=1,obsoleteDrainNs=0,engineOnMain=false,finalEngineThread=DefaultDispatcher-worker-3,publicationThread=Main
09-23 20:19:45.708 14597 14597 I D05M04  : EVENT,type=submit,id=1,label=initial,at=45693060929183,thread=main,active=0
09-23 20:19:45.713 14597 14614 I D05M04  : EVENT,type=body,ordinal=1,requestId=1,at=45693065432483,thread=DefaultDispatcher-worker-3
09-23 20:19:45.715 14597 14614 I D05M04  : EVENT,type=engine-enter,ordinal=1,requestId=1,at=45693068137183,thread=DefaultDispatcher-worker-3,active=1
09-23 20:19:46.530 14597 14614 I D05M04  : EVENT,type=engine-return,ordinal=1,requestId=1,at=45693883116483,thread=DefaultDispatcher-worker-3,active=0
09-23 20:19:46.531 14597 14614 I D05M04  : EVENT,type=calculator-return,logical=home,ordinal=1,requestId=1,at=45693883324683,thread=DefaultDispatcher-worker-3
09-23 20:19:46.533 14597 14597 I D05M04  : EVENT,type=publication,ordinal=1,requestId=1,at=45693886023583,thread=main
09-23 20:19:46.534 14597 14611 I D05M04  : RESULT,group=A,rep=18,point=clean,valid=true,submitted=1,started=1,skipped=0,finalRequestId=1,finalLabel=initial,finalSubmitNs=45693060929183,finalBodyLaunchNs=45693065432483,finalEngineEnterNs=45693068137183,finalEngineReturnNs=45693883116483,finalCalculatorReturnNs=45693883324683,finalPublicationNs=45693886023583,finalStartNs=7208000,finalRuntimeNs=814979300,finalPublicationLatencyNs=825094400,activeAtFinalSubmission=0,peakConcurrency=1,obsoleteDrainNs=0,engineOnMain=false,finalEngineThread=DefaultDispatcher-worker-3,publicationThread=Main
09-23 20:19:46.543 14597 14597 I D05M04  : EVENT,type=submit,id=1,label=initial,at=45693895485683,thread=main,active=0
09-23 20:19:46.548 14597 14614 I D05M04  : EVENT,type=body,ordinal=1,requestId=1,at=45693900349183,thread=DefaultDispatcher-worker-3
09-23 20:19:46.549 14597 14614 I D05M04  : EVENT,type=engine-enter,ordinal=1,requestId=1,at=45693901433283,thread=DefaultDispatcher-worker-3,active=1
09-23 20:19:47.317 14597 14614 I D05M04  : EVENT,type=engine-return,ordinal=1,requestId=1,at=45694669428483,thread=DefaultDispatcher-worker-3,active=0
09-23 20:19:47.317 14597 14614 I D05M04  : EVENT,type=calculator-return,logical=home,ordinal=1,requestId=1,at=45694669827483,thread=DefaultDispatcher-worker-3
09-23 20:19:47.321 14597 14597 I D05M04  : EVENT,type=publication,ordinal=1,requestId=1,at=45694673514383,thread=main
09-23 20:19:47.325 14597 14611 I D05M04  : RESULT,group=A,rep=19,point=clean,valid=true,submitted=1,started=1,skipped=0,finalRequestId=1,finalLabel=initial,finalSubmitNs=45693895485683,finalBodyLaunchNs=45693900349183,finalEngineEnterNs=45693901433283,finalEngineReturnNs=45694669428483,finalCalculatorReturnNs=45694669827483,finalPublicationNs=45694673514383,finalStartNs=5947600,finalRuntimeNs=767995200,finalPublicationLatencyNs=778028700,activeAtFinalSubmission=0,peakConcurrency=1,obsoleteDrainNs=0,engineOnMain=false,finalEngineThread=DefaultDispatcher-worker-3,publicationThread=Main
09-23 20:19:47.329 14597 14597 I D05M04  : EVENT,type=submit,id=1,label=initial,at=45694681217783,thread=main,active=0
09-23 20:19:47.331 14597 14614 I D05M04  : EVENT,type=body,ordinal=1,requestId=1,at=45694683997883,thread=DefaultDispatcher-worker-3
09-23 20:19:47.334 14597 14614 I D05M04  : EVENT,type=engine-enter,ordinal=1,requestId=1,at=45694686382583,thread=DefaultDispatcher-worker-3,active=1
09-23 20:19:48.120 14597 14614 I D05M04  : EVENT,type=engine-return,ordinal=1,requestId=1,at=45695472927583,thread=DefaultDispatcher-worker-3,active=0
09-23 20:19:48.120 14597 14614 I D05M04  : EVENT,type=calculator-return,logical=home,ordinal=1,requestId=1,at=45695473135983,thread=DefaultDispatcher-worker-3
09-23 20:19:48.121 14597 14597 I D05M04  : EVENT,type=publication,ordinal=1,requestId=1,at=45695473436783,thread=main
09-23 20:19:48.126 14597 14611 I D05M04  : RESULT,group=A,rep=20,point=clean,valid=true,submitted=1,started=1,skipped=0,finalRequestId=1,finalLabel=initial,finalSubmitNs=45694681217783,finalBodyLaunchNs=45694683997883,finalEngineEnterNs=45694686382583,finalEngineReturnNs=45695472927583,finalCalculatorReturnNs=45695473135983,finalPublicationNs=45695473436783,finalStartNs=5164800,finalRuntimeNs=786545000,finalPublicationLatencyNs=792219000,activeAtFinalSubmission=0,peakConcurrency=1,obsoleteDrainNs=0,engineOnMain=false,finalEngineThread=DefaultDispatcher-worker-3,publicationThread=Main
09-23 20:19:48.135 14597 14597 I D05M04  : EVENT,type=submit,id=1,label=initial,at=45695487817283,thread=main,active=0
09-23 20:19:48.139 14597 14614 I D05M04  : EVENT,type=body,ordinal=1,requestId=1,at=45695492091483,thread=DefaultDispatcher-worker-3
09-23 20:19:48.143 14597 14614 I D05M04  : EVENT,type=engine-enter,ordinal=1,requestId=1,at=45695495230683,thread=DefaultDispatcher-worker-3,active=1
09-23 20:19:48.922 14597 14614 I D05M04  : EVENT,type=engine-return,ordinal=1,requestId=1,at=45696274254983,thread=DefaultDispatcher-worker-3,active=0
09-23 20:19:48.922 14597 14614 I D05M04  : EVENT,type=calculator-return,logical=home,ordinal=1,requestId=1,at=45696274498183,thread=DefaultDispatcher-worker-3
09-23 20:19:48.923 14597 14597 I D05M04  : EVENT,type=publication,ordinal=1,requestId=1,at=45696275138283,thread=main
09-23 20:19:48.925 14597 14611 I D05M04  : RESULT,group=A,rep=21,point=clean,valid=true,submitted=1,started=1,skipped=0,finalRequestId=1,finalLabel=initial,finalSubmitNs=45695487817283,finalBodyLaunchNs=45695492091483,finalEngineEnterNs=45695495230683,finalEngineReturnNs=45696274254983,finalCalculatorReturnNs=45696274498183,finalPublicationNs=45696275138283,finalStartNs=7413400,finalRuntimeNs=779024300,finalPublicationLatencyNs=787321000,activeAtFinalSubmission=0,peakConcurrency=1,obsoleteDrainNs=0,engineOnMain=false,finalEngineThread=DefaultDispatcher-worker-3,publicationThread=Main
09-23 20:19:48.932 14597 14597 I D05M04  : EVENT,type=submit,id=1,label=initial,at=45696284974283,thread=main,active=0
09-23 20:19:48.935 14597 14614 I D05M04  : EVENT,type=body,ordinal=1,requestId=1,at=45696287544383,thread=DefaultDispatcher-worker-3
09-23 20:19:48.938 14597 14614 I D05M04  : EVENT,type=engine-enter,ordinal=1,requestId=1,at=45696290224683,thread=DefaultDispatcher-worker-3,active=1
09-23 20:19:49.696 14597 14614 I D05M04  : EVENT,type=engine-return,ordinal=1,requestId=1,at=45697048938583,thread=DefaultDispatcher-worker-3,active=0
09-23 20:19:49.697 14597 14614 I D05M04  : EVENT,type=calculator-return,logical=home,ordinal=1,requestId=1,at=45697049261083,thread=DefaultDispatcher-worker-3
09-23 20:19:49.700 14597 14597 I D05M04  : EVENT,type=publication,ordinal=1,requestId=1,at=45697052236283,thread=main
09-23 20:19:49.701 14597 14611 I D05M04  : RESULT,group=A,rep=22,point=clean,valid=true,submitted=1,started=1,skipped=0,finalRequestId=1,finalLabel=initial,finalSubmitNs=45696284974283,finalBodyLaunchNs=45696287544383,finalEngineEnterNs=45696290224683,finalEngineReturnNs=45697048938583,finalCalculatorReturnNs=45697049261083,finalPublicationNs=45697052236283,finalStartNs=5250400,finalRuntimeNs=758713900,finalPublicationLatencyNs=767262000,activeAtFinalSubmission=0,peakConcurrency=1,obsoleteDrainNs=0,engineOnMain=false,finalEngineThread=DefaultDispatcher-worker-3,publicationThread=Main
09-23 20:19:49.705 14597 14597 I D05M04  : EVENT,type=submit,id=1,label=initial,at=45697057360383,thread=main,active=0
09-23 20:19:49.708 14597 14614 I D05M04  : EVENT,type=body,ordinal=1,requestId=1,at=45697060518483,thread=DefaultDispatcher-worker-3
09-23 20:19:49.711 14597 14614 I D05M04  : EVENT,type=engine-enter,ordinal=1,requestId=1,at=45697063584883,thread=DefaultDispatcher-worker-3,active=1
09-23 20:19:50.473 14597 14614 I D05M04  : EVENT,type=engine-return,ordinal=1,requestId=1,at=45697825924183,thread=DefaultDispatcher-worker-3,active=0
09-23 20:19:50.474 14597 14614 I D05M04  : EVENT,type=calculator-return,logical=home,ordinal=1,requestId=1,at=45697826245483,thread=DefaultDispatcher-worker-3
09-23 20:19:50.476 14597 14597 I D05M04  : EVENT,type=publication,ordinal=1,requestId=1,at=45697828599083,thread=main
09-23 20:19:50.492 14597 14611 I D05M04  : RESULT,group=A,rep=23,point=clean,valid=true,submitted=1,started=1,skipped=0,finalRequestId=1,finalLabel=initial,finalSubmitNs=45697057360383,finalBodyLaunchNs=45697060518483,finalEngineEnterNs=45697063584883,finalEngineReturnNs=45697825924183,finalCalculatorReturnNs=45697826245483,finalPublicationNs=45697828599083,finalStartNs=6224500,finalRuntimeNs=762339300,finalPublicationLatencyNs=771238700,activeAtFinalSubmission=0,peakConcurrency=1,obsoleteDrainNs=0,engineOnMain=false,finalEngineThread=DefaultDispatcher-worker-3,publicationThread=Main
09-23 20:19:50.495 14597 14597 I D05M04  : EVENT,type=submit,id=1,label=initial,at=45697848139383,thread=main,active=0
09-23 20:19:50.499 14597 14614 I D05M04  : EVENT,type=body,ordinal=1,requestId=1,at=45697851305783,thread=DefaultDispatcher-worker-3
09-23 20:19:50.502 14597 14614 I D05M04  : EVENT,type=engine-enter,ordinal=1,requestId=1,at=45697854213183,thread=DefaultDispatcher-worker-3,active=1
09-23 20:19:51.255 14597 14614 I D05M04  : EVENT,type=engine-return,ordinal=1,requestId=1,at=45698608056683,thread=DefaultDispatcher-worker-3,active=0
09-23 20:19:51.260 14597 14614 I D05M04  : EVENT,type=calculator-return,logical=home,ordinal=1,requestId=1,at=45698612815983,thread=DefaultDispatcher-worker-3
09-23 20:19:51.263 14597 14597 I D05M04  : EVENT,type=publication,ordinal=1,requestId=1,at=45698615615383,thread=main
09-23 20:19:51.266 14597 14611 I D05M04  : RESULT,group=A,rep=24,point=clean,valid=true,submitted=1,started=1,skipped=0,finalRequestId=1,finalLabel=initial,finalSubmitNs=45697848139383,finalBodyLaunchNs=45697851305783,finalEngineEnterNs=45697854213183,finalEngineReturnNs=45698608056683,finalCalculatorReturnNs=45698612815983,finalPublicationNs=45698615615383,finalStartNs=6073800,finalRuntimeNs=753843500,finalPublicationLatencyNs=767476000,activeAtFinalSubmission=0,peakConcurrency=1,obsoleteDrainNs=0,engineOnMain=false,finalEngineThread=DefaultDispatcher-worker-3,publicationThread=Main
09-23 20:19:51.270 14597 14597 I D05M04  : EVENT,type=submit,id=1,label=initial,at=45698622499083,thread=main,active=0
09-23 20:19:51.273 14597 14614 I D05M04  : EVENT,type=body,ordinal=1,requestId=1,at=45698624835983,thread=DefaultDispatcher-worker-3
09-23 20:19:51.275 14597 14614 I D05M04  : EVENT,type=engine-enter,ordinal=1,requestId=1,at=45698627596883,thread=DefaultDispatcher-worker-3,active=1
09-23 20:19:52.046 14597 14614 I D05M04  : EVENT,type=engine-return,ordinal=1,requestId=1,at=45699398446583,thread=DefaultDispatcher-worker-3,active=0
09-23 20:19:52.046 14597 14614 I D05M04  : EVENT,type=calculator-return,logical=home,ordinal=1,requestId=1,at=45699398674683,thread=DefaultDispatcher-worker-3
09-23 20:19:52.048 14597 14597 I D05M04  : EVENT,type=publication,ordinal=1,requestId=1,at=45699400292183,thread=main
09-23 20:19:52.055 14597 14611 I D05M04  : RESULT,group=A,rep=25,point=clean,valid=true,submitted=1,started=1,skipped=0,finalRequestId=1,finalLabel=initial,finalSubmitNs=45698622499083,finalBodyLaunchNs=45698624835983,finalEngineEnterNs=45698627596883,finalEngineReturnNs=45699398446583,finalCalculatorReturnNs=45699398674683,finalPublicationNs=45699400292183,finalStartNs=5097800,finalRuntimeNs=770849700,finalPublicationLatencyNs=777793100,activeAtFinalSubmission=0,peakConcurrency=1,obsoleteDrainNs=0,engineOnMain=false,finalEngineThread=DefaultDispatcher-worker-3,publicationThread=Main
09-23 20:19:52.058 14597 14597 I D05M04  : EVENT,type=submit,id=1,label=initial,at=45699410777783,thread=main,active=0
09-23 20:19:52.061 14597 14614 I D05M04  : EVENT,type=body,ordinal=1,requestId=1,at=45699413983683,thread=DefaultDispatcher-worker-3
09-23 20:19:52.063 14597 14614 I D05M04  : EVENT,type=engine-enter,ordinal=1,requestId=1,at=45699415300083,thread=DefaultDispatcher-worker-3,active=1
09-23 20:19:52.830 14597 14614 I D05M04  : EVENT,type=engine-return,ordinal=1,requestId=1,at=45700182878683,thread=DefaultDispatcher-worker-3,active=0
09-23 20:19:52.830 14597 14614 I D05M04  : EVENT,type=calculator-return,logical=home,ordinal=1,requestId=1,at=45700183106883,thread=DefaultDispatcher-worker-3
09-23 20:19:52.831 14597 14597 I D05M04  : EVENT,type=publication,ordinal=1,requestId=1,at=45700183447983,thread=main
09-23 20:19:52.837 14597 14611 I D05M04  : RESULT,group=A,rep=26,point=clean,valid=true,submitted=1,started=1,skipped=0,finalRequestId=1,finalLabel=initial,finalSubmitNs=45699410777783,finalBodyLaunchNs=45699413983683,finalEngineEnterNs=45699415300083,finalEngineReturnNs=45700182878683,finalCalculatorReturnNs=45700183106883,finalPublicationNs=45700183447983,finalStartNs=4522300,finalRuntimeNs=767578600,finalPublicationLatencyNs=772670200,activeAtFinalSubmission=0,peakConcurrency=1,obsoleteDrainNs=0,engineOnMain=false,finalEngineThread=DefaultDispatcher-worker-3,publicationThread=Main
09-23 20:19:52.841 14597 14597 I D05M04  : EVENT,type=submit,id=1,label=initial,at=45700193594583,thread=main,active=0
09-23 20:19:52.844 14597 14614 I D05M04  : EVENT,type=body,ordinal=1,requestId=1,at=45700195884883,thread=DefaultDispatcher-worker-3
09-23 20:19:52.847 14597 14614 I D05M04  : EVENT,type=engine-enter,ordinal=1,requestId=1,at=45700199206483,thread=DefaultDispatcher-worker-3,active=1
09-23 20:19:53.624 14597 14614 I D05M04  : EVENT,type=engine-return,ordinal=1,requestId=1,at=45700976351183,thread=DefaultDispatcher-worker-3,active=0
09-23 20:19:53.624 14597 14614 I D05M04  : EVENT,type=calculator-return,logical=home,ordinal=1,requestId=1,at=45700976596083,thread=DefaultDispatcher-worker-3
09-23 20:19:53.627 14597 14597 I D05M04  : EVENT,type=publication,ordinal=1,requestId=1,at=45700979216583,thread=main
09-23 20:19:53.629 14597 14611 I D05M04  : RESULT,group=A,rep=27,point=clean,valid=true,submitted=1,started=1,skipped=0,finalRequestId=1,finalLabel=initial,finalSubmitNs=45700193594583,finalBodyLaunchNs=45700195884883,finalEngineEnterNs=45700199206483,finalEngineReturnNs=45700976351183,finalCalculatorReturnNs=45700976596083,finalPublicationNs=45700979216583,finalStartNs=5611900,finalRuntimeNs=777144700,finalPublicationLatencyNs=785622000,activeAtFinalSubmission=0,peakConcurrency=1,obsoleteDrainNs=0,engineOnMain=false,finalEngineThread=DefaultDispatcher-worker-3,publicationThread=Main
09-23 20:19:53.635 14597 14597 I D05M04  : EVENT,type=submit,id=1,label=initial,at=45700987926383,thread=main,active=0
09-23 20:19:53.638 14597 14614 I D05M04  : EVENT,type=body,ordinal=1,requestId=1,at=45700990352983,thread=DefaultDispatcher-worker-3
09-23 20:19:53.641 14597 14614 I D05M04  : EVENT,type=engine-enter,ordinal=1,requestId=1,at=45700994114683,thread=DefaultDispatcher-worker-3,active=1
09-23 20:19:54.390 14597 14614 I D05M04  : EVENT,type=engine-return,ordinal=1,requestId=1,at=45701742467283,thread=DefaultDispatcher-worker-3,active=0
09-23 20:19:54.390 14597 14614 I D05M04  : EVENT,type=calculator-return,logical=home,ordinal=1,requestId=1,at=45701742710183,thread=DefaultDispatcher-worker-3
09-23 20:19:54.393 14597 14597 I D05M04  : EVENT,type=publication,ordinal=1,requestId=1,at=45701745832283,thread=main
09-23 20:19:54.402 14597 14611 I D05M04  : RESULT,group=A,rep=28,point=clean,valid=true,submitted=1,started=1,skipped=0,finalRequestId=1,finalLabel=initial,finalSubmitNs=45700987926383,finalBodyLaunchNs=45700990352983,finalEngineEnterNs=45700994114683,finalEngineReturnNs=45701742467283,finalCalculatorReturnNs=45701742710183,finalPublicationNs=45701745832283,finalStartNs=6188300,finalRuntimeNs=748352600,finalPublicationLatencyNs=757905900,activeAtFinalSubmission=0,peakConcurrency=1,obsoleteDrainNs=0,engineOnMain=false,finalEngineThread=DefaultDispatcher-worker-3,publicationThread=Main
09-23 20:19:54.405 14597 14597 I D05M04  : EVENT,type=submit,id=1,label=initial,at=45701757608283,thread=main,active=0
09-23 20:19:54.407 14597 14614 I D05M04  : EVENT,type=body,ordinal=1,requestId=1,at=45701760001483,thread=DefaultDispatcher-worker-3
09-23 20:19:54.410 14597 14614 I D05M04  : EVENT,type=engine-enter,ordinal=1,requestId=1,at=45701762354783,thread=DefaultDispatcher-worker-3,active=1
09-23 20:19:55.229 14597 14614 I D05M04  : EVENT,type=engine-return,ordinal=1,requestId=1,at=45702581802883,thread=DefaultDispatcher-worker-3,active=0
09-23 20:19:55.229 14597 14614 I D05M04  : EVENT,type=calculator-return,logical=home,ordinal=1,requestId=1,at=45702582120783,thread=DefaultDispatcher-worker-3
09-23 20:19:55.232 14597 14597 I D05M04  : EVENT,type=publication,ordinal=1,requestId=1,at=45702584349583,thread=main
09-23 20:19:55.245 14597 14611 I D05M04  : RESULT,group=A,rep=29,point=clean,valid=true,submitted=1,started=1,skipped=0,finalRequestId=1,finalLabel=initial,finalSubmitNs=45701757608283,finalBodyLaunchNs=45701760001483,finalEngineEnterNs=45701762354783,finalEngineReturnNs=45702581802883,finalCalculatorReturnNs=45702582120783,finalPublicationNs=45702584349583,finalStartNs=4746500,finalRuntimeNs=819448100,finalPublicationLatencyNs=826741300,activeAtFinalSubmission=0,peakConcurrency=1,obsoleteDrainNs=0,engineOnMain=false,finalEngineThread=DefaultDispatcher-worker-3,publicationThread=Main
09-23 20:19:55.258 14597 14597 I D05M04  : EVENT,type=submit,id=1,label=initial,at=45702610868783,thread=main,active=0
09-23 20:19:55.262 14597 14614 I D05M04  : EVENT,type=body,ordinal=1,requestId=1,at=45702614417383,thread=DefaultDispatcher-worker-3
09-23 20:19:55.263 14597 14614 I D05M04  : EVENT,type=engine-enter,ordinal=1,requestId=1,at=45702616094083,thread=DefaultDispatcher-worker-3,active=1
09-23 20:19:55.465 14597 14597 I D05M04  : EVENT,type=submit,id=2,label=burst-1,at=45702817576383,thread=main,active=1
09-23 20:19:55.670 14597 14597 I D05M04  : EVENT,type=submit,id=3,label=burst-2,at=45703022985083,thread=main,active=1
09-23 20:19:55.874 14597 14597 I D05M04  : EVENT,type=submit,id=4,label=burst-3,at=45703226850183,thread=main,active=1
09-23 20:19:56.035 14597 14614 I D05M04  : EVENT,type=engine-return,ordinal=1,requestId=1,at=45703387449383,thread=DefaultDispatcher-worker-3,active=0
09-23 20:19:56.039 14597 14614 I D05M04  : EVENT,type=body,ordinal=2,requestId=4,at=45703391734583,thread=DefaultDispatcher-worker-3
09-23 20:19:56.043 14597 14614 I D05M04  : EVENT,type=engine-enter,ordinal=2,requestId=4,at=45703395626783,thread=DefaultDispatcher-worker-3,active=1
09-23 20:19:56.091 14597 14597 I D05M04  : EVENT,type=submit,id=5,label=burst-final,at=45703443255483,thread=main,active=1
09-23 20:19:56.803 14597 14614 I D05M04  : EVENT,type=engine-return,ordinal=2,requestId=4,at=45704155697683,thread=DefaultDispatcher-worker-3,active=0
09-23 20:19:56.806 14597 14614 I D05M04  : EVENT,type=body,ordinal=3,requestId=5,at=45704158987383,thread=DefaultDispatcher-worker-3
09-23 20:19:56.810 14597 14614 I D05M04  : EVENT,type=engine-enter,ordinal=3,requestId=5,at=45704162811883,thread=DefaultDispatcher-worker-3,active=1
09-23 20:19:57.557 14597 14614 I D05M04  : EVENT,type=engine-return,ordinal=3,requestId=5,at=45704909646483,thread=DefaultDispatcher-worker-3,active=0
09-23 20:19:57.557 14597 14614 I D05M04  : EVENT,type=calculator-return,logical=home,ordinal=3,requestId=5,at=45704909976783,thread=DefaultDispatcher-worker-3
09-23 20:19:57.560 14597 14597 I D05M04  : EVENT,type=publication,ordinal=3,requestId=5,at=45704912211583,thread=main
09-23 20:19:57.562 14597 14611 I D05M04  : RESULT,group=C,rep=0,point=manual-refresh-200ms,valid=true,submitted=5,started=3,skipped=2,finalRequestId=5,finalLabel=burst-final,finalSubmitNs=45703443255483,finalBodyLaunchNs=45704158987383,finalEngineEnterNs=45704162811883,finalEngineReturnNs=45704909646483,finalCalculatorReturnNs=45704909976783,finalPublicationNs=45704912211583,finalStartNs=719556400,finalRuntimeNs=746834600,finalPublicationLatencyNs=1468956100,activeAtFinalSubmission=1,peakConcurrency=1,obsoleteDrainNs=712442200,engineOnMain=false,finalEngineThread=DefaultDispatcher-worker-3,publicationThread=Main
09-23 20:19:57.566 14597 14597 I D05M04  : EVENT,type=submit,id=1,label=initial,at=45704918783383,thread=main,active=0
09-23 20:19:57.569 14597 14614 I D05M04  : EVENT,type=body,ordinal=1,requestId=1,at=45704921603283,thread=DefaultDispatcher-worker-3
09-23 20:19:57.571 14597 14614 I D05M04  : EVENT,type=engine-enter,ordinal=1,requestId=1,at=45704923500283,thread=DefaultDispatcher-worker-3,active=1
09-23 20:19:57.775 14597 14597 I D05M04  : EVENT,type=submit,id=2,label=burst-1,at=45705128004083,thread=main,active=1
09-23 20:19:57.980 14597 14597 I D05M04  : EVENT,type=submit,id=3,label=burst-2,at=45705332935483,thread=main,active=1
09-23 20:19:58.198 14597 14597 I D05M04  : EVENT,type=submit,id=4,label=burst-3,at=45705550250383,thread=main,active=1
09-23 20:19:58.339 14597 14614 I D05M04  : EVENT,type=engine-return,ordinal=1,requestId=1,at=45705691164483,thread=DefaultDispatcher-worker-3,active=0
09-23 20:19:58.342 14597 14614 I D05M04  : EVENT,type=body,ordinal=2,requestId=4,at=45705694849883,thread=DefaultDispatcher-worker-3
09-23 20:19:58.344 14597 14614 I D05M04  : EVENT,type=engine-enter,ordinal=2,requestId=4,at=45705695527883,thread=DefaultDispatcher-worker-3,active=1
09-23 20:19:58.401 14597 14597 I D05M04  : EVENT,type=submit,id=5,label=burst-final,at=45705753200283,thread=main,active=1
09-23 20:19:59.102 14597 14614 I D05M04  : EVENT,type=engine-return,ordinal=2,requestId=4,at=45706454021883,thread=DefaultDispatcher-worker-3,active=0
09-23 20:19:59.104 14597 14614 I D05M04  : EVENT,type=body,ordinal=3,requestId=5,at=45706456962283,thread=DefaultDispatcher-worker-3
09-23 20:19:59.106 14597 14614 I D05M04  : EVENT,type=engine-enter,ordinal=3,requestId=5,at=45706457904183,thread=DefaultDispatcher-worker-3,active=1
09-23 20:19:59.879 14597 14614 I D05M04  : EVENT,type=engine-return,ordinal=3,requestId=5,at=45707231596183,thread=DefaultDispatcher-worker-3,active=0
09-23 20:19:59.880 14597 14614 I D05M04  : EVENT,type=calculator-return,logical=home,ordinal=3,requestId=5,at=45707232295183,thread=DefaultDispatcher-worker-3
09-23 20:19:59.882 14597 14597 I D05M04  : EVENT,type=publication,ordinal=3,requestId=5,at=45707234765183,thread=main
09-23 20:19:59.890 14597 14611 I D05M04  : RESULT,group=C,rep=1,point=manual-refresh-200ms,valid=true,submitted=5,started=3,skipped=2,finalRequestId=5,finalLabel=burst-final,finalSubmitNs=45705753200283,finalBodyLaunchNs=45706456962283,finalEngineEnterNs=45706457904183,finalEngineReturnNs=45707231596183,finalCalculatorReturnNs=45707232295183,finalPublicationNs=45707234765183,finalStartNs=704703900,finalRuntimeNs=773692000,finalPublicationLatencyNs=1481564900,activeAtFinalSubmission=1,peakConcurrency=1,obsoleteDrainNs=700821600,engineOnMain=false,finalEngineThread=DefaultDispatcher-worker-3,publicationThread=Main
09-23 20:19:59.894 14597 14597 I D05M04  : EVENT,type=submit,id=1,label=initial,at=45707246729483,thread=main,active=0
09-23 20:19:59.895 14597 14614 I D05M04  : EVENT,type=body,ordinal=1,requestId=1,at=45707247950483,thread=DefaultDispatcher-worker-3
09-23 20:19:59.899 14597 14614 I D05M04  : EVENT,type=engine-enter,ordinal=1,requestId=1,at=45707251678183,thread=DefaultDispatcher-worker-3,active=1
09-23 20:20:00.103 14597 14597 I D05M04  : EVENT,type=submit,id=2,label=burst-1,at=45707455544683,thread=main,active=1
09-23 20:20:00.322 14597 14597 I D05M04  : EVENT,type=submit,id=3,label=burst-2,at=45707674813683,thread=main,active=1
09-23 20:20:00.523 14597 14597 I D05M04  : EVENT,type=submit,id=4,label=burst-3,at=45707876094683,thread=main,active=1
09-23 20:20:00.708 14597 14614 I D05M04  : EVENT,type=engine-return,ordinal=1,requestId=1,at=45708060626683,thread=DefaultDispatcher-worker-3,active=0
09-23 20:20:00.711 14597 14614 I D05M04  : EVENT,type=body,ordinal=2,requestId=4,at=45708063227683,thread=DefaultDispatcher-worker-3
09-23 20:20:00.713 14597 14614 I D05M04  : EVENT,type=body,ordinal=3,requestId=4,at=45708065962783,thread=DefaultDispatcher-worker-3
09-23 20:20:00.715 14597 14614 I D05M04  : EVENT,type=engine-enter,ordinal=3,requestId=4,at=45708067801183,thread=DefaultDispatcher-worker-3,active=1
09-23 20:20:00.726 14597 14597 I D05M04  : EVENT,type=submit,id=5,label=burst-final,at=45708078255283,thread=main,active=1
09-23 20:20:01.485 14597 14614 I D05M04  : EVENT,type=engine-return,ordinal=3,requestId=4,at=45708837737683,thread=DefaultDispatcher-worker-3,active=0
09-23 20:20:01.488 14597 14614 I D05M04  : EVENT,type=body,ordinal=4,requestId=5,at=45708838613483,thread=DefaultDispatcher-worker-3
09-23 20:20:01.489 14597 14614 I D05M04  : EVENT,type=engine-enter,ordinal=4,requestId=5,at=45708841999383,thread=DefaultDispatcher-worker-3,active=1
09-23 20:20:02.259 14597 14614 I D05M04  : EVENT,type=engine-return,ordinal=4,requestId=5,at=45709611551783,thread=DefaultDispatcher-worker-3,active=0
09-23 20:20:02.260 14597 14614 I D05M04  : EVENT,type=calculator-return,logical=home,ordinal=4,requestId=5,at=45709612210383,thread=DefaultDispatcher-worker-3
09-23 20:20:02.260 14597 14597 I D05M04  : EVENT,type=publication,ordinal=4,requestId=5,at=45709612831983,thread=main
09-23 20:20:02.275 14597 14611 I D05M04  : RESULT,group=C,rep=2,point=manual-refresh-200ms,valid=true,submitted=5,started=4,skipped=1,finalRequestId=5,finalLabel=burst-final,finalSubmitNs=45708078255283,finalBodyLaunchNs=45708838613483,finalEngineEnterNs=45708841999383,finalEngineReturnNs=45709611551783,finalCalculatorReturnNs=45709612210383,finalPublicationNs=45709612831983,finalStartNs=763744100,finalRuntimeNs=769552400,finalPublicationLatencyNs=1534576700,activeAtFinalSubmission=1,peakConcurrency=1,obsoleteDrainNs=759482400,engineOnMain=false,finalEngineThread=DefaultDispatcher-worker-3,publicationThread=Main
09-23 20:20:02.279 14597 14597 I D05M04  : EVENT,type=submit,id=1,label=initial,at=45709631850083,thread=main,active=0
09-23 20:20:02.282 14597 14614 I D05M04  : EVENT,type=body,ordinal=1,requestId=1,at=45709634029783,thread=DefaultDispatcher-worker-3
09-23 20:20:02.284 14597 14614 I D05M04  : EVENT,type=engine-enter,ordinal=1,requestId=1,at=45709636583983,thread=DefaultDispatcher-worker-3,active=1
09-23 20:20:02.493 14597 14597 I D05M04  : EVENT,type=submit,id=2,label=burst-1,at=45709845229283,thread=main,active=1
09-23 20:20:02.709 14597 14597 I D05M04  : EVENT,type=submit,id=3,label=burst-2,at=45710061550483,thread=main,active=1
09-23 20:20:02.913 14597 14597 I D05M04  : EVENT,type=submit,id=4,label=burst-3,at=45710265069183,thread=main,active=1
09-23 20:20:03.056 14597 14614 I D05M04  : EVENT,type=engine-return,ordinal=1,requestId=1,at=45710408967183,thread=DefaultDispatcher-worker-3,active=0
09-23 20:20:03.059 14597 14612 I D05M04  : EVENT,type=body,ordinal=2,requestId=4,at=45710411416483,thread=DefaultDispatcher-worker-1
09-23 20:20:03.061 14597 14612 I D05M04  : EVENT,type=engine-enter,ordinal=2,requestId=4,at=45710414014283,thread=DefaultDispatcher-worker-1,active=1
09-23 20:20:03.131 14597 14597 I D05M04  : EVENT,type=submit,id=5,label=burst-final,at=45710483828883,thread=main,active=1
09-23 20:20:03.815 14597 14612 I D05M04  : EVENT,type=engine-return,ordinal=2,requestId=4,at=45711167565083,thread=DefaultDispatcher-worker-1,active=0
09-23 20:20:03.819 14597 14612 I D05M04  : EVENT,type=body,ordinal=3,requestId=5,at=45711171721183,thread=DefaultDispatcher-worker-1
09-23 20:20:03.821 14597 14612 I D05M04  : EVENT,type=engine-enter,ordinal=3,requestId=5,at=45711173544083,thread=DefaultDispatcher-worker-1,active=1
09-23 20:20:04.575 14597 14612 I D05M04  : EVENT,type=engine-return,ordinal=3,requestId=5,at=45711927229683,thread=DefaultDispatcher-worker-1,active=0
09-23 20:20:04.575 14597 14612 I D05M04  : EVENT,type=calculator-return,logical=home,ordinal=3,requestId=5,at=45711927494083,thread=DefaultDispatcher-worker-1
09-23 20:20:04.578 14597 14597 I D05M04  : EVENT,type=publication,ordinal=3,requestId=5,at=45711929584283,thread=main
09-23 20:20:04.599 14597 14611 I D05M04  : RESULT,group=C,rep=3,point=manual-refresh-200ms,valid=true,submitted=5,started=3,skipped=2,finalRequestId=5,finalLabel=burst-final,finalSubmitNs=45710483828883,finalBodyLaunchNs=45711171721183,finalEngineEnterNs=45711173544083,finalEngineReturnNs=45711927229683,finalCalculatorReturnNs=45711927494083,finalPublicationNs=45711929584283,finalStartNs=689715200,finalRuntimeNs=753685600,finalPublicationLatencyNs=1445755400,activeAtFinalSubmission=1,peakConcurrency=1,obsoleteDrainNs=683736200,engineOnMain=false,finalEngineThread=DefaultDispatcher-worker-1,publicationThread=Main
09-23 20:20:04.603 14597 14597 I D05M04  : EVENT,type=submit,id=1,label=initial,at=45711955173383,thread=main,active=0
09-23 20:20:04.606 14597 14612 I D05M04  : EVENT,type=body,ordinal=1,requestId=1,at=45711958951283,thread=DefaultDispatcher-worker-1
09-23 20:20:04.608 14597 14612 I D05M04  : EVENT,type=engine-enter,ordinal=1,requestId=1,at=45711961018183,thread=DefaultDispatcher-worker-1,active=1
09-23 20:20:04.818 14597 14597 I D05M04  : EVENT,type=submit,id=2,label=burst-1,at=45712170817983,thread=main,active=1
09-23 20:20:05.022 14597 14597 I D05M04  : EVENT,type=submit,id=3,label=burst-2,at=45712374612583,thread=main,active=1
09-23 20:20:05.226 14597 14597 I D05M04  : EVENT,type=submit,id=4,label=burst-3,at=45712578273983,thread=main,active=1
09-23 20:20:05.399 14597 14612 I D05M04  : EVENT,type=engine-return,ordinal=1,requestId=1,at=45712751621083,thread=DefaultDispatcher-worker-1,active=0
09-23 20:20:05.402 14597 14612 I D05M04  : EVENT,type=body,ordinal=2,requestId=4,at=45712754229083,thread=DefaultDispatcher-worker-1
09-23 20:20:05.403 14597 14612 I D05M04  : EVENT,type=body,ordinal=3,requestId=4,at=45712756173283,thread=DefaultDispatcher-worker-1
09-23 20:20:05.404 14597 14612 I D05M04  : EVENT,type=engine-enter,ordinal=3,requestId=4,at=45712756805983,thread=DefaultDispatcher-worker-1,active=1
09-23 20:20:05.442 14597 14597 I D05M04  : EVENT,type=submit,id=5,label=burst-final,at=45712794785983,thread=main,active=1
09-23 20:20:06.164 14597 14612 I D05M04  : EVENT,type=engine-return,ordinal=3,requestId=4,at=45713516249083,thread=DefaultDispatcher-worker-1,active=0
09-23 20:20:06.167 14597 14612 I D05M04  : EVENT,type=body,ordinal=4,requestId=5,at=45713519647783,thread=DefaultDispatcher-worker-1
09-23 20:20:06.170 14597 14612 I D05M04  : EVENT,type=engine-enter,ordinal=4,requestId=5,at=45713522297483,thread=DefaultDispatcher-worker-1,active=1
09-23 20:20:06.928 14597 14612 I D05M04  : EVENT,type=engine-return,ordinal=4,requestId=5,at=45714280261483,thread=DefaultDispatcher-worker-1,active=0
09-23 20:20:06.928 14597 14612 I D05M04  : EVENT,type=calculator-return,logical=home,ordinal=4,requestId=5,at=45714280469283,thread=DefaultDispatcher-worker-1
09-23 20:20:06.928 14597 14597 I D05M04  : EVENT,type=publication,ordinal=4,requestId=5,at=45714280835383,thread=main
09-23 20:20:06.933 14597 14611 I D05M04  : RESULT,group=C,rep=4,point=manual-refresh-200ms,valid=true,submitted=5,started=4,skipped=1,finalRequestId=5,finalLabel=burst-final,finalSubmitNs=45712794785983,finalBodyLaunchNs=45713519647783,finalEngineEnterNs=45713522297483,finalEngineReturnNs=45714280261483,finalCalculatorReturnNs=45714280469283,finalPublicationNs=45714280835383,finalStartNs=727511500,finalRuntimeNs=757964000,finalPublicationLatencyNs=1486049400,activeAtFinalSubmission=1,peakConcurrency=1,obsoleteDrainNs=721463100,engineOnMain=false,finalEngineThread=DefaultDispatcher-worker-1,publicationThread=Main
09-23 20:20:06.936 14597 14597 I D05M04  : EVENT,type=submit,id=1,label=initial,at=45714288765683,thread=main,active=0
09-23 20:20:06.939 14597 14612 I D05M04  : EVENT,type=body,ordinal=1,requestId=1,at=45714291183683,thread=DefaultDispatcher-worker-1
09-23 20:20:06.941 14597 14612 I D05M04  : EVENT,type=engine-enter,ordinal=1,requestId=1,at=45714293692083,thread=DefaultDispatcher-worker-1,active=1
09-23 20:20:07.159 14597 14597 I D05M04  : EVENT,type=submit,id=2,label=burst-1,at=45714512054183,thread=main,active=1
09-23 20:20:07.378 14597 14597 I D05M04  : EVENT,type=submit,id=3,label=burst-2,at=45714731038283,thread=main,active=1
09-23 20:20:07.582 14597 14597 I D05M04  : EVENT,type=submit,id=4,label=burst-3,at=45714934603883,thread=main,active=1
09-23 20:20:07.700 14597 14612 I D05M04  : EVENT,type=engine-return,ordinal=1,requestId=1,at=45715052495283,thread=DefaultDispatcher-worker-1,active=0
09-23 20:20:07.703 14597 14612 I D05M04  : EVENT,type=body,ordinal=2,requestId=4,at=45715055763783,thread=DefaultDispatcher-worker-1
09-23 20:20:07.705 14597 14612 I D05M04  : EVENT,type=engine-enter,ordinal=2,requestId=4,at=45715057914683,thread=DefaultDispatcher-worker-1,active=1
09-23 20:20:07.800 14597 14597 I D05M04  : EVENT,type=submit,id=5,label=burst-final,at=45715152592883,thread=main,active=1
09-23 20:20:08.453 14597 14612 I D05M04  : EVENT,type=engine-return,ordinal=2,requestId=4,at=45715806148283,thread=DefaultDispatcher-worker-1,active=0
09-23 20:20:08.456 14597 14612 I D05M04  : EVENT,type=body,ordinal=3,requestId=5,at=45715809003883,thread=DefaultDispatcher-worker-1
09-23 20:20:08.458 14597 14612 I D05M04  : EVENT,type=engine-enter,ordinal=3,requestId=5,at=45715810006883,thread=DefaultDispatcher-worker-1,active=1
09-23 20:20:09.223 14597 14612 I D05M04  : EVENT,type=engine-return,ordinal=3,requestId=5,at=45716575505283,thread=DefaultDispatcher-worker-1,active=0
09-23 20:20:09.223 14597 14612 I D05M04  : EVENT,type=calculator-return,logical=home,ordinal=3,requestId=5,at=45716575691983,thread=DefaultDispatcher-worker-1
09-23 20:20:09.225 14597 14597 I D05M04  : EVENT,type=publication,ordinal=3,requestId=5,at=45716576101983,thread=main
09-23 20:20:09.239 14597 14611 I D05M04  : RESULT,group=C,rep=5,point=manual-refresh-200ms,valid=true,submitted=5,started=3,skipped=2,finalRequestId=5,finalLabel=burst-final,finalSubmitNs=45715152592883,finalBodyLaunchNs=45715809003883,finalEngineEnterNs=45715810006883,finalEngineReturnNs=45716575505283,finalCalculatorReturnNs=45716575691983,finalPublicationNs=45716576101983,finalStartNs=657414000,finalRuntimeNs=765498400,finalPublicationLatencyNs=1423509100,activeAtFinalSubmission=1,peakConcurrency=1,obsoleteDrainNs=653555400,engineOnMain=false,finalEngineThread=DefaultDispatcher-worker-1,publicationThread=Main
09-23 20:20:09.242 14597 14597 I D05M04  : EVENT,type=submit,id=1,label=initial,at=45716594749183,thread=main,active=0
09-23 20:20:09.245 14597 14612 I D05M04  : EVENT,type=body,ordinal=1,requestId=1,at=45716597848983,thread=DefaultDispatcher-worker-1
09-23 20:20:09.246 14597 14612 I D05M04  : EVENT,type=engine-enter,ordinal=1,requestId=1,at=45716598552283,thread=DefaultDispatcher-worker-1,active=1
09-23 20:20:09.458 14597 14597 I D05M04  : EVENT,type=submit,id=2,label=burst-1,at=45716810624483,thread=main,active=1
09-23 20:20:09.662 14597 14597 I D05M04  : EVENT,type=submit,id=3,label=burst-2,at=45717014189883,thread=main,active=1
09-23 20:20:09.878 14597 14597 I D05M04  : EVENT,type=submit,id=4,label=burst-3,at=45717231034983,thread=main,active=1
09-23 20:20:09.995 14597 14612 I D05M04  : EVENT,type=engine-return,ordinal=1,requestId=1,at=45717347720683,thread=DefaultDispatcher-worker-1,active=0
09-23 20:20:09.999 14597 14612 I D05M04  : EVENT,type=body,ordinal=2,requestId=4,at=45717352079483,thread=DefaultDispatcher-worker-1
09-23 20:20:10.002 14597 14612 I D05M04  : EVENT,type=engine-enter,ordinal=2,requestId=4,at=45717354225683,thread=DefaultDispatcher-worker-1,active=1
09-23 20:20:10.096 14597 14597 I D05M04  : EVENT,type=submit,id=5,label=burst-final,at=45717448416383,thread=main,active=1
09-23 20:20:10.778 14597 14612 I D05M04  : EVENT,type=engine-return,ordinal=2,requestId=4,at=45718130742983,thread=DefaultDispatcher-worker-1,active=0
09-23 20:20:10.781 14597 14612 I D05M04  : EVENT,type=body,ordinal=3,requestId=5,at=45718133768283,thread=DefaultDispatcher-worker-1
09-23 20:20:10.785 14597 14612 I D05M04  : EVENT,type=engine-enter,ordinal=3,requestId=5,at=45718137088683,thread=DefaultDispatcher-worker-1,active=1
09-23 20:20:11.532 14597 14612 I D05M04  : EVENT,type=engine-return,ordinal=3,requestId=5,at=45718884569783,thread=DefaultDispatcher-worker-1,active=0
09-23 20:20:11.532 14597 14612 I D05M04  : EVENT,type=calculator-return,logical=home,ordinal=3,requestId=5,at=45718884792983,thread=DefaultDispatcher-worker-1
09-23 20:20:11.535 14597 14597 I D05M04  : EVENT,type=publication,ordinal=3,requestId=5,at=45718887903083,thread=main
09-23 20:20:11.555 14597 14611 I D05M04  : RESULT,group=C,rep=6,point=manual-refresh-200ms,valid=true,submitted=5,started=3,skipped=2,finalRequestId=5,finalLabel=burst-final,finalSubmitNs=45717448416383,finalBodyLaunchNs=45718133768283,finalEngineEnterNs=45718137088683,finalEngineReturnNs=45718884569783,finalCalculatorReturnNs=45718884792983,finalPublicationNs=45718887903083,finalStartNs=688672300,finalRuntimeNs=747481100,finalPublicationLatencyNs=1439486700,activeAtFinalSubmission=1,peakConcurrency=1,obsoleteDrainNs=682326600,engineOnMain=false,finalEngineThread=DefaultDispatcher-worker-1,publicationThread=Main
09-23 20:20:11.556 14597 14597 I D05M04  : EVENT,type=submit,id=1,label=initial,at=45718909173783,thread=main,active=0
09-23 20:20:11.561 14597 14612 I D05M04  : EVENT,type=body,ordinal=1,requestId=1,at=45718913561983,thread=DefaultDispatcher-worker-1
09-23 20:20:11.563 14597 14612 I D05M04  : EVENT,type=engine-enter,ordinal=1,requestId=1,at=45718916032283,thread=DefaultDispatcher-worker-1,active=1
09-23 20:20:11.775 14597 14597 I D05M04  : EVENT,type=submit,id=2,label=burst-1,at=45719127280083,thread=main,active=1
09-23 20:20:11.991 14597 14597 I D05M04  : EVENT,type=submit,id=3,label=burst-2,at=45719343796283,thread=main,active=1
09-23 20:20:12.194 14597 14597 I D05M04  : EVENT,type=submit,id=4,label=burst-3,at=45719546692683,thread=main,active=1
09-23 20:20:12.324 14597 14612 I D05M04  : EVENT,type=engine-return,ordinal=1,requestId=1,at=45719676854483,thread=DefaultDispatcher-worker-1,active=0
09-23 20:20:12.328 14597 14612 I D05M04  : EVENT,type=body,ordinal=2,requestId=4,at=45719680516583,thread=DefaultDispatcher-worker-1
09-23 20:20:12.329 14597 14612 I D05M04  : EVENT,type=engine-enter,ordinal=2,requestId=4,at=45719681758783,thread=DefaultDispatcher-worker-1,active=1
09-23 20:20:12.399 14597 14597 I D05M04  : EVENT,type=submit,id=5,label=burst-final,at=45719751217283,thread=main,active=1
09-23 20:20:13.119 14597 14612 I D05M04  : EVENT,type=engine-return,ordinal=2,requestId=4,at=45720471507383,thread=DefaultDispatcher-worker-1,active=0
09-23 20:20:13.122 14597 14612 I D05M04  : EVENT,type=body,ordinal=3,requestId=5,at=45720474847983,thread=DefaultDispatcher-worker-1
09-23 20:20:13.125 14597 14612 I D05M04  : EVENT,type=engine-enter,ordinal=3,requestId=5,at=45720477362183,thread=DefaultDispatcher-worker-1,active=1
09-23 20:20:13.894 14597 14612 I D05M04  : EVENT,type=engine-return,ordinal=3,requestId=5,at=45721246188883,thread=DefaultDispatcher-worker-1,active=0
09-23 20:20:13.894 14597 14612 I D05M04  : EVENT,type=calculator-return,logical=home,ordinal=3,requestId=5,at=45721246645383,thread=DefaultDispatcher-worker-1
09-23 20:20:13.897 14597 14597 I D05M04  : EVENT,type=publication,ordinal=3,requestId=5,at=45721248696183,thread=main
09-23 20:20:13.899 14597 14611 I D05M04  : RESULT,group=C,rep=7,point=manual-refresh-200ms,valid=true,submitted=5,started=3,skipped=2,finalRequestId=5,finalLabel=burst-final,finalSubmitNs=45719751217283,finalBodyLaunchNs=45720474847983,finalEngineEnterNs=45720477362183,finalEngineReturnNs=45721246188883,finalCalculatorReturnNs=45721246645383,finalPublicationNs=45721248696183,finalStartNs=726144900,finalRuntimeNs=768826700,finalPublicationLatencyNs=1497478900,activeAtFinalSubmission=1,peakConcurrency=1,obsoleteDrainNs=720290100,engineOnMain=false,finalEngineThread=DefaultDispatcher-worker-1,publicationThread=Main
09-23 20:20:13.902 14597 14597 I D05M04  : EVENT,type=submit,id=1,label=initial,at=45721255126583,thread=main,active=0
09-23 20:20:13.903 14597 14612 I D05M04  : EVENT,type=body,ordinal=1,requestId=1,at=45721255820483,thread=DefaultDispatcher-worker-1
09-23 20:20:13.907 14597 14612 I D05M04  : EVENT,type=engine-enter,ordinal=1,requestId=1,at=45721259736483,thread=DefaultDispatcher-worker-1,active=1
09-23 20:20:14.117 14597 14597 I D05M04  : EVENT,type=submit,id=2,label=burst-1,at=45721469679083,thread=main,active=1
09-23 20:20:14.321 14597 14597 I D05M04  : EVENT,type=submit,id=3,label=burst-2,at=45721673591083,thread=main,active=1
09-23 20:20:14.524 14597 14597 I D05M04  : EVENT,type=submit,id=4,label=burst-3,at=45721876217583,thread=main,active=1
09-23 20:20:14.651 14597 14612 I D05M04  : EVENT,type=engine-return,ordinal=1,requestId=1,at=45722003825683,thread=DefaultDispatcher-worker-1,active=0
09-23 20:20:14.654 14597 14612 I D05M04  : EVENT,type=body,ordinal=2,requestId=4,at=45722007169083,thread=DefaultDispatcher-worker-1
09-23 20:20:14.657 14597 14612 I D05M04  : EVENT,type=engine-enter,ordinal=2,requestId=4,at=45722009805783,thread=DefaultDispatcher-worker-1,active=1
09-23 20:20:14.742 14597 14597 I D05M04  : EVENT,type=submit,id=5,label=burst-final,at=45722095030383,thread=main,active=1
09-23 20:20:15.444 14597 14612 I D05M04  : EVENT,type=engine-return,ordinal=2,requestId=4,at=45722796421783,thread=DefaultDispatcher-worker-1,active=0
09-23 20:20:15.446 14597 14612 I D05M04  : EVENT,type=body,ordinal=3,requestId=5,at=45722798651283,thread=DefaultDispatcher-worker-1
09-23 20:20:15.447 14597 14612 I D05M04  : EVENT,type=engine-enter,ordinal=3,requestId=5,at=45722799660983,thread=DefaultDispatcher-worker-1,active=1
09-23 20:20:16.212 14597 14612 I D05M04  : EVENT,type=engine-return,ordinal=3,requestId=5,at=45723565137483,thread=DefaultDispatcher-worker-1,active=0
09-23 20:20:16.213 14597 14612 I D05M04  : EVENT,type=calculator-return,logical=home,ordinal=3,requestId=5,at=45723565337683,thread=DefaultDispatcher-worker-1
09-23 20:20:16.215 14597 14597 I D05M04  : EVENT,type=publication,ordinal=3,requestId=5,at=45723567931383,thread=main
09-23 20:20:16.230 14597 14611 I D05M04  : RESULT,group=C,rep=8,point=manual-refresh-200ms,valid=true,submitted=5,started=3,skipped=2,finalRequestId=5,finalLabel=burst-final,finalSubmitNs=45722095030383,finalBodyLaunchNs=45722798651283,finalEngineEnterNs=45722799660983,finalEngineReturnNs=45723565137483,finalCalculatorReturnNs=45723565337683,finalPublicationNs=45723567931383,finalStartNs=704630600,finalRuntimeNs=765476500,finalPublicationLatencyNs=1472901000,activeAtFinalSubmission=1,peakConcurrency=1,obsoleteDrainNs=701391400,engineOnMain=false,finalEngineThread=DefaultDispatcher-worker-1,publicationThread=Main
09-23 20:20:16.232 14597 14597 I D05M04  : EVENT,type=submit,id=1,label=initial,at=45723585104983,thread=main,active=0
09-23 20:20:16.235 14597 14612 I D05M04  : EVENT,type=body,ordinal=1,requestId=1,at=45723588067883,thread=DefaultDispatcher-worker-1
09-23 20:20:16.237 14597 14612 I D05M04  : EVENT,type=engine-enter,ordinal=1,requestId=1,at=45723589808183,thread=DefaultDispatcher-worker-1,active=1
09-23 20:20:16.451 14597 14597 I D05M04  : EVENT,type=submit,id=2,label=burst-1,at=45723803237883,thread=main,active=1
09-23 20:20:16.667 14597 14597 I D05M04  : EVENT,type=submit,id=3,label=burst-2,at=45724019587983,thread=main,active=1
09-23 20:20:16.870 14597 14597 I D05M04  : EVENT,type=submit,id=4,label=burst-3,at=45724222827783,thread=main,active=1
09-23 20:20:17.008 14597 14612 I D05M04  : EVENT,type=engine-return,ordinal=1,requestId=1,at=45724360860183,thread=DefaultDispatcher-worker-1,active=0
09-23 20:20:17.010 14597 14612 I D05M04  : EVENT,type=body,ordinal=2,requestId=4,at=45724362972283,thread=DefaultDispatcher-worker-1
09-23 20:20:17.012 14597 14612 I D05M04  : EVENT,type=body,ordinal=3,requestId=4,at=45724364943583,thread=DefaultDispatcher-worker-1
09-23 20:20:17.015 14597 14612 I D05M04  : EVENT,type=engine-enter,ordinal=3,requestId=4,at=45724367271283,thread=DefaultDispatcher-worker-1,active=1
09-23 20:20:17.081 14597 14597 I D05M04  : EVENT,type=submit,id=5,label=burst-final,at=45724433507683,thread=main,active=1
09-23 20:20:17.768 14597 14612 I D05M04  : EVENT,type=engine-return,ordinal=3,requestId=4,at=45725120383183,thread=DefaultDispatcher-worker-1,active=0
09-23 20:20:17.771 14597 14612 I D05M04  : EVENT,type=body,ordinal=4,requestId=5,at=45725123329983,thread=DefaultDispatcher-worker-1
09-23 20:20:17.773 14597 14612 I D05M04  : EVENT,type=engine-enter,ordinal=4,requestId=5,at=45725125133983,thread=DefaultDispatcher-worker-1,active=1
09-23 20:20:18.535 14597 14612 I D05M04  : EVENT,type=engine-return,ordinal=4,requestId=5,at=45725887401083,thread=DefaultDispatcher-worker-1,active=0
09-23 20:20:18.535 14597 14612 I D05M04  : EVENT,type=calculator-return,logical=home,ordinal=4,requestId=5,at=45725887755583,thread=DefaultDispatcher-worker-1
09-23 20:20:18.537 14597 14597 I D05M04  : EVENT,type=publication,ordinal=4,requestId=5,at=45725888983183,thread=main
09-23 20:20:18.538 14597 14611 I D05M04  : RESULT,group=C,rep=9,point=manual-refresh-200ms,valid=true,submitted=5,started=4,skipped=1,finalRequestId=5,finalLabel=burst-final,finalSubmitNs=45724433507683,finalBodyLaunchNs=45725123329983,finalEngineEnterNs=45725125133983,finalEngineReturnNs=45725887401083,finalCalculatorReturnNs=45725887755583,finalPublicationNs=45725888983183,finalStartNs=691626300,finalRuntimeNs=762267100,finalPublicationLatencyNs=1455475500,activeAtFinalSubmission=1,peakConcurrency=1,obsoleteDrainNs=686875500,engineOnMain=false,finalEngineThread=DefaultDispatcher-worker-1,publicationThread=Main
09-23 20:20:18.542 14597 14597 I D05M04  : EVENT,type=submit,id=1,label=initial,at=45725894814283,thread=main,active=0
09-23 20:20:18.543 14597 14612 I D05M04  : EVENT,type=body,ordinal=1,requestId=1,at=45725895674983,thread=DefaultDispatcher-worker-1
09-23 20:20:18.545 14597 14612 I D05M04  : EVENT,type=engine-enter,ordinal=1,requestId=1,at=45725897376883,thread=DefaultDispatcher-worker-1,active=1
09-23 20:20:18.771 14597 14597 I D05M04  : EVENT,type=submit,id=2,label=burst-1,at=45726123919583,thread=main,active=1
09-23 20:20:18.974 14597 14597 I D05M04  : EVENT,type=submit,id=3,label=burst-2,at=45726326859483,thread=main,active=1
09-23 20:20:19.180 14597 14597 I D05M04  : EVENT,type=submit,id=4,label=burst-3,at=45726532230483,thread=main,active=1
09-23 20:20:19.312 14597 14612 I D05M04  : EVENT,type=engine-return,ordinal=1,requestId=1,at=45726664951583,thread=DefaultDispatcher-worker-1,active=0
09-23 20:20:19.316 14597 14612 I D05M04  : EVENT,type=body,ordinal=2,requestId=4,at=45726668724483,thread=DefaultDispatcher-worker-1
09-23 20:20:19.317 14597 14612 I D05M04  : EVENT,type=engine-enter,ordinal=2,requestId=4,at=45726669486783,thread=DefaultDispatcher-worker-1,active=1
09-23 20:20:19.384 14597 14597 I D05M04  : EVENT,type=submit,id=5,label=burst-final,at=45726736106383,thread=main,active=1
09-23 20:20:20.103 14597 14612 I D05M04  : EVENT,type=engine-return,ordinal=2,requestId=4,at=45727455411883,thread=DefaultDispatcher-worker-1,active=0
09-23 20:20:20.105 14597 14612 I D05M04  : EVENT,type=body,ordinal=3,requestId=5,at=45727457792783,thread=DefaultDispatcher-worker-1
09-23 20:20:20.106 14597 14612 I D05M04  : EVENT,type=engine-enter,ordinal=3,requestId=5,at=45727458280483,thread=DefaultDispatcher-worker-1,active=1
09-23 20:20:20.867 14597 14612 I D05M04  : EVENT,type=engine-return,ordinal=3,requestId=5,at=45728219782783,thread=DefaultDispatcher-worker-1,active=0
09-23 20:20:20.867 14597 14612 I D05M04  : EVENT,type=calculator-return,logical=home,ordinal=3,requestId=5,at=45728219979183,thread=DefaultDispatcher-worker-1
09-23 20:20:20.870 14597 14597 I D05M04  : EVENT,type=publication,ordinal=3,requestId=5,at=45728222491783,thread=main
09-23 20:20:20.878 14597 14611 I D05M04  : RESULT,group=C,rep=10,point=manual-refresh-200ms,valid=true,submitted=5,started=3,skipped=2,finalRequestId=5,finalLabel=burst-final,finalSubmitNs=45726736106383,finalBodyLaunchNs=45727457792783,finalEngineEnterNs=45727458280483,finalEngineReturnNs=45728219782783,finalCalculatorReturnNs=45728219979183,finalPublicationNs=45728222491783,finalStartNs=722174100,finalRuntimeNs=761502300,finalPublicationLatencyNs=1486385400,activeAtFinalSubmission=1,peakConcurrency=1,obsoleteDrainNs=719305500,engineOnMain=false,finalEngineThread=DefaultDispatcher-worker-1,publicationThread=Main
09-23 20:20:20.882 14597 14597 I D05M04  : EVENT,type=submit,id=1,label=initial,at=45728234349183,thread=main,active=0
09-23 20:20:20.885 14597 14612 I D05M04  : EVENT,type=body,ordinal=1,requestId=1,at=45728237568683,thread=DefaultDispatcher-worker-1
09-23 20:20:20.887 14597 14612 I D05M04  : EVENT,type=engine-enter,ordinal=1,requestId=1,at=45728238120883,thread=DefaultDispatcher-worker-1,active=1
09-23 20:20:21.096 14597 14597 I D05M04  : EVENT,type=submit,id=2,label=burst-1,at=45728448371283,thread=main,active=1
09-23 20:20:21.313 14597 14597 I D05M04  : EVENT,type=submit,id=3,label=burst-2,at=45728665973983,thread=main,active=1
09-23 20:20:21.519 14597 14597 I D05M04  : EVENT,type=submit,id=4,label=burst-3,at=45728871340483,thread=main,active=1
09-23 20:20:21.641 14597 14612 I D05M04  : EVENT,type=engine-return,ordinal=1,requestId=1,at=45728993603083,thread=DefaultDispatcher-worker-1,active=0
09-23 20:20:21.642 14597 14612 I D05M04  : EVENT,type=body,ordinal=2,requestId=4,at=45728994799383,thread=DefaultDispatcher-worker-1
09-23 20:20:21.642 14597 14612 I D05M04  : EVENT,type=engine-enter,ordinal=2,requestId=4,at=45728995144883,thread=DefaultDispatcher-worker-1,active=1
09-23 20:20:21.722 14597 14597 I D05M04  : EVENT,type=submit,id=5,label=burst-final,at=45729074514083,thread=main,active=1
09-23 20:20:22.413 14597 14612 I D05M04  : EVENT,type=engine-return,ordinal=2,requestId=4,at=45729765599683,thread=DefaultDispatcher-worker-1,active=0
09-23 20:20:22.415 14597 14612 I D05M04  : EVENT,type=body,ordinal=3,requestId=5,at=45729767448483,thread=DefaultDispatcher-worker-1
09-23 20:20:22.417 14597 14612 I D05M04  : EVENT,type=engine-enter,ordinal=3,requestId=5,at=45729769420483,thread=DefaultDispatcher-worker-1,active=1
09-23 20:20:23.206 14597 14612 I D05M04  : EVENT,type=engine-return,ordinal=3,requestId=5,at=45730558848183,thread=DefaultDispatcher-worker-1,active=0
09-23 20:20:23.206 14597 14612 I D05M04  : EVENT,type=calculator-return,logical=home,ordinal=3,requestId=5,at=45730559026283,thread=DefaultDispatcher-worker-1
09-23 20:20:23.209 14597 14597 I D05M04  : EVENT,type=publication,ordinal=3,requestId=5,at=45730561499283,thread=main
09-23 20:20:23.230 14597 14611 I D05M04  : RESULT,group=C,rep=11,point=manual-refresh-200ms,valid=true,submitted=5,started=3,skipped=2,finalRequestId=5,finalLabel=burst-final,finalSubmitNs=45729074514083,finalBodyLaunchNs=45729767448483,finalEngineEnterNs=45729769420483,finalEngineReturnNs=45730558848183,finalCalculatorReturnNs=45730559026283,finalPublicationNs=45730561499283,finalStartNs=694906400,finalRuntimeNs=789427700,finalPublicationLatencyNs=1486985200,activeAtFinalSubmission=1,peakConcurrency=1,obsoleteDrainNs=691085600,engineOnMain=false,finalEngineThread=DefaultDispatcher-worker-1,publicationThread=Main
09-23 20:20:23.232 14597 14597 I D05M04  : EVENT,type=submit,id=1,label=initial,at=45730585112183,thread=main,active=0
09-23 20:20:23.235 14597 14612 I D05M04  : EVENT,type=body,ordinal=1,requestId=1,at=45730587854983,thread=DefaultDispatcher-worker-1
09-23 20:20:23.238 14597 14612 I D05M04  : EVENT,type=engine-enter,ordinal=1,requestId=1,at=45730590581983,thread=DefaultDispatcher-worker-1,active=1
09-23 20:20:23.450 14597 14597 I D05M04  : EVENT,type=submit,id=2,label=burst-1,at=45730802614783,thread=main,active=1
09-23 20:20:23.667 14597 14597 I D05M04  : EVENT,type=submit,id=3,label=burst-2,at=45731019791483,thread=main,active=1
09-23 20:20:23.871 14597 14597 I D05M04  : EVENT,type=submit,id=4,label=burst-3,at=45731223895883,thread=main,active=1
09-23 20:20:23.987 14597 14612 I D05M04  : EVENT,type=engine-return,ordinal=1,requestId=1,at=45731339809283,thread=DefaultDispatcher-worker-1,active=0
09-23 20:20:23.992 14597 14612 I D05M04  : EVENT,type=body,ordinal=2,requestId=4,at=45731344185783,thread=DefaultDispatcher-worker-1
09-23 20:20:23.992 14597 14612 I D05M04  : EVENT,type=engine-enter,ordinal=2,requestId=4,at=45731344823583,thread=DefaultDispatcher-worker-1,active=1
09-23 20:20:24.073 14597 14597 I D05M04  : EVENT,type=submit,id=5,label=burst-final,at=45731425752783,thread=main,active=1
09-23 20:20:24.743 14597 14612 I D05M04  : EVENT,type=engine-return,ordinal=2,requestId=4,at=45732095698383,thread=DefaultDispatcher-worker-1,active=0
09-23 20:20:24.746 14597 14612 I D05M04  : EVENT,type=body,ordinal=3,requestId=5,at=45732099093683,thread=DefaultDispatcher-worker-1
09-23 20:20:24.747 14597 14612 I D05M04  : EVENT,type=engine-enter,ordinal=3,requestId=5,at=45732099494383,thread=DefaultDispatcher-worker-1,active=1
09-23 20:20:25.506 14597 14612 I D05M04  : EVENT,type=engine-return,ordinal=3,requestId=5,at=45732858788783,thread=DefaultDispatcher-worker-1,active=0
09-23 20:20:25.506 14597 14612 I D05M04  : EVENT,type=calculator-return,logical=home,ordinal=3,requestId=5,at=45732858994883,thread=DefaultDispatcher-worker-1
09-23 20:20:25.509 14597 14597 I D05M04  : EVENT,type=publication,ordinal=3,requestId=5,at=45732861495283,thread=main
09-23 20:20:25.525 14597 14611 I D05M04  : RESULT,group=C,rep=12,point=manual-refresh-200ms,valid=true,submitted=5,started=3,skipped=2,finalRequestId=5,finalLabel=burst-final,finalSubmitNs=45731425752783,finalBodyLaunchNs=45732099093683,finalEngineEnterNs=45732099494383,finalEngineReturnNs=45732858788783,finalCalculatorReturnNs=45732858994883,finalPublicationNs=45732861495283,finalStartNs=673741600,finalRuntimeNs=759294400,finalPublicationLatencyNs=1435742500,activeAtFinalSubmission=1,peakConcurrency=1,obsoleteDrainNs=669945600,engineOnMain=false,finalEngineThread=DefaultDispatcher-worker-1,publicationThread=Main
09-23 20:20:25.528 14597 14597 I D05M04  : EVENT,type=submit,id=1,label=initial,at=45732880184283,thread=main,active=0
09-23 20:20:25.531 14597 14612 I D05M04  : EVENT,type=body,ordinal=1,requestId=1,at=45732883322183,thread=DefaultDispatcher-worker-1
09-23 20:20:25.533 14597 14612 I D05M04  : EVENT,type=engine-enter,ordinal=1,requestId=1,at=45732885717983,thread=DefaultDispatcher-worker-1,active=1
09-23 20:20:25.744 14597 14597 I D05M04  : EVENT,type=submit,id=2,label=burst-1,at=45733097112983,thread=main,active=1
09-23 20:20:25.947 14597 14597 I D05M04  : EVENT,type=submit,id=3,label=burst-2,at=45733300094183,thread=main,active=1
09-23 20:20:26.153 14597 14597 I D05M04  : EVENT,type=submit,id=4,label=burst-3,at=45733505738483,thread=main,active=1
09-23 20:20:26.325 14597 14612 I D05M04  : EVENT,type=engine-return,ordinal=1,requestId=1,at=45733677695883,thread=DefaultDispatcher-worker-1,active=0
09-23 20:20:26.328 14597 14612 I D05M04  : EVENT,type=body,ordinal=2,requestId=4,at=45733680251783,thread=DefaultDispatcher-worker-1
09-23 20:20:26.328 14597 14612 I D05M04  : EVENT,type=engine-enter,ordinal=2,requestId=4,at=45733680765583,thread=DefaultDispatcher-worker-1,active=1
09-23 20:20:26.356 14597 14597 I D05M04  : EVENT,type=submit,id=5,label=burst-final,at=45733708356383,thread=main,active=1
09-23 20:20:27.114 14597 14612 I D05M04  : EVENT,type=engine-return,ordinal=2,requestId=4,at=45734466821783,thread=DefaultDispatcher-worker-1,active=0
09-23 20:20:27.117 14597 14612 I D05M04  : EVENT,type=body,ordinal=3,requestId=5,at=45734469633683,thread=DefaultDispatcher-worker-1
09-23 20:20:27.117 14597 14612 I D05M04  : EVENT,type=engine-enter,ordinal=3,requestId=5,at=45734469854183,thread=DefaultDispatcher-worker-1,active=1
09-23 20:20:27.887 14597 14612 I D05M04  : EVENT,type=engine-return,ordinal=3,requestId=5,at=45735239971583,thread=DefaultDispatcher-worker-1,active=0
09-23 20:20:27.888 14597 14612 I D05M04  : EVENT,type=calculator-return,logical=home,ordinal=3,requestId=5,at=45735240170583,thread=DefaultDispatcher-worker-1
09-23 20:20:27.889 14597 14597 I D05M04  : EVENT,type=publication,ordinal=3,requestId=5,at=45735241779983,thread=main
09-23 20:20:27.905 14597 14611 I D05M04  : RESULT,group=C,rep=13,point=manual-refresh-200ms,valid=true,submitted=5,started=3,skipped=2,finalRequestId=5,finalLabel=burst-final,finalSubmitNs=45733708356383,finalBodyLaunchNs=45734469633683,finalEngineEnterNs=45734469854183,finalEngineReturnNs=45735239971583,finalCalculatorReturnNs=45735240170583,finalPublicationNs=45735241779983,finalStartNs=761497800,finalRuntimeNs=770117400,finalPublicationLatencyNs=1533423600,activeAtFinalSubmission=1,peakConcurrency=1,obsoleteDrainNs=758465400,engineOnMain=false,finalEngineThread=DefaultDispatcher-worker-1,publicationThread=Main
09-23 20:20:27.908 14597 14597 I D05M04  : EVENT,type=submit,id=1,label=initial,at=45735260600783,thread=main,active=0
09-23 20:20:27.910 14597 14612 I D05M04  : EVENT,type=body,ordinal=1,requestId=1,at=45735262948283,thread=DefaultDispatcher-worker-1
09-23 20:20:27.913 14597 14612 I D05M04  : EVENT,type=engine-enter,ordinal=1,requestId=1,at=45735265772583,thread=DefaultDispatcher-worker-1,active=1
09-23 20:20:28.125 14597 14597 I D05M04  : EVENT,type=submit,id=2,label=burst-1,at=45735477729983,thread=main,active=1
09-23 20:20:28.329 14597 14597 I D05M04  : EVENT,type=submit,id=3,label=burst-2,at=45735681371383,thread=main,active=1
09-23 20:20:28.533 14597 14597 I D05M04  : EVENT,type=submit,id=4,label=burst-3,at=45735885354883,thread=main,active=1
09-23 20:20:28.664 14597 14612 I D05M04  : EVENT,type=engine-return,ordinal=1,requestId=1,at=45736016917883,thread=DefaultDispatcher-worker-1,active=0
09-23 20:20:28.667 14597 14612 I D05M04  : EVENT,type=body,ordinal=2,requestId=4,at=45736020071583,thread=DefaultDispatcher-worker-1
09-23 20:20:28.669 14597 14612 I D05M04  : EVENT,type=engine-enter,ordinal=2,requestId=4,at=45736021283283,thread=DefaultDispatcher-worker-1,active=1
09-23 20:20:28.736 14597 14597 I D05M04  : EVENT,type=submit,id=5,label=burst-final,at=45736089105383,thread=main,active=1
09-23 20:20:29.424 14597 14612 I D05M04  : EVENT,type=engine-return,ordinal=2,requestId=4,at=45736776742683,thread=DefaultDispatcher-worker-1,active=0
09-23 20:20:29.427 14597 14612 I D05M04  : EVENT,type=body,ordinal=3,requestId=5,at=45736779723883,thread=DefaultDispatcher-worker-1
09-23 20:20:29.428 14597 14612 I D05M04  : EVENT,type=engine-enter,ordinal=3,requestId=5,at=45736780984483,thread=DefaultDispatcher-worker-1,active=1
09-23 20:20:30.184 14597 14612 I D05M04  : EVENT,type=engine-return,ordinal=3,requestId=5,at=45737536360883,thread=DefaultDispatcher-worker-1,active=0
09-23 20:20:30.184 14597 14612 I D05M04  : EVENT,type=calculator-return,logical=home,ordinal=3,requestId=5,at=45737536559083,thread=DefaultDispatcher-worker-1
09-23 20:20:30.184 14597 14597 I D05M04  : EVENT,type=publication,ordinal=3,requestId=5,at=45737536910083,thread=main
09-23 20:20:30.186 14597 14611 I D05M04  : RESULT,group=C,rep=14,point=manual-refresh-200ms,valid=true,submitted=5,started=3,skipped=2,finalRequestId=5,finalLabel=burst-final,finalSubmitNs=45736089105383,finalBodyLaunchNs=45736779723883,finalEngineEnterNs=45736780984483,finalEngineReturnNs=45737536360883,finalCalculatorReturnNs=45737536559083,finalPublicationNs=45737536910083,finalStartNs=691879100,finalRuntimeNs=755376400,finalPublicationLatencyNs=1447804700,activeAtFinalSubmission=1,peakConcurrency=1,obsoleteDrainNs=687637300,engineOnMain=false,finalEngineThread=DefaultDispatcher-worker-1,publicationThread=Main
09-23 20:20:30.191 14597 14597 I D05M04  : EVENT,type=submit,id=1,label=initial,at=45737543629583,thread=main,active=0
09-23 20:20:30.194 14597 14612 I D05M04  : EVENT,type=body,ordinal=1,requestId=1,at=45737546729583,thread=DefaultDispatcher-worker-1
09-23 20:20:30.195 14597 14612 I D05M04  : EVENT,type=engine-enter,ordinal=1,requestId=1,at=45737547198483,thread=DefaultDispatcher-worker-1,active=1
09-23 20:20:30.396 14597 14597 I D05M04  : EVENT,type=submit,id=2,label=burst-1,at=45737748175883,thread=main,active=1
09-23 20:20:30.612 14597 14597 I D05M04  : EVENT,type=submit,id=3,label=burst-2,at=45737965138083,thread=main,active=1
09-23 20:20:30.818 14597 14597 I D05M04  : EVENT,type=submit,id=4,label=burst-3,at=45738170360683,thread=main,active=1
09-23 20:20:30.935 14597 14612 I D05M04  : EVENT,type=engine-return,ordinal=1,requestId=1,at=45738288013683,thread=DefaultDispatcher-worker-1,active=0
09-23 20:20:30.938 14597 14612 I D05M04  : EVENT,type=body,ordinal=2,requestId=4,at=45738291023383,thread=DefaultDispatcher-worker-1
09-23 20:20:30.939 14597 14612 I D05M04  : EVENT,type=engine-enter,ordinal=2,requestId=4,at=45738291637583,thread=DefaultDispatcher-worker-1,active=1
09-23 20:20:31.021 14597 14597 I D05M04  : EVENT,type=submit,id=5,label=burst-final,at=45738373534883,thread=main,active=1
09-23 20:20:31.712 14597 14612 I D05M04  : EVENT,type=engine-return,ordinal=2,requestId=4,at=45739064145783,thread=DefaultDispatcher-worker-1,active=0
09-23 20:20:31.714 14597 14612 I D05M04  : EVENT,type=body,ordinal=3,requestId=5,at=45739066295383,thread=DefaultDispatcher-worker-1
09-23 20:20:31.715 14597 14612 I D05M04  : EVENT,type=engine-enter,ordinal=3,requestId=5,at=45739066560083,thread=DefaultDispatcher-worker-1,active=1
09-23 20:20:32.501 14597 14612 I D05M04  : EVENT,type=engine-return,ordinal=3,requestId=5,at=45739853900983,thread=DefaultDispatcher-worker-1,active=0
09-23 20:20:32.501 14597 14612 I D05M04  : EVENT,type=calculator-return,logical=home,ordinal=3,requestId=5,at=45739854096783,thread=DefaultDispatcher-worker-1
09-23 20:20:32.504 14597 14597 I D05M04  : EVENT,type=publication,ordinal=3,requestId=5,at=45739856341783,thread=main
09-23 20:20:32.522 14597 14611 I D05M04  : RESULT,group=C,rep=15,point=manual-refresh-200ms,valid=true,submitted=5,started=3,skipped=2,finalRequestId=5,finalLabel=burst-final,finalSubmitNs=45738373534883,finalBodyLaunchNs=45739066295383,finalEngineEnterNs=45739066560083,finalEngineReturnNs=45739853900983,finalCalculatorReturnNs=45739854096783,finalPublicationNs=45739856341783,finalStartNs=693025200,finalRuntimeNs=787340900,finalPublicationLatencyNs=1482806900,activeAtFinalSubmission=1,peakConcurrency=1,obsoleteDrainNs=690610900,engineOnMain=false,finalEngineThread=DefaultDispatcher-worker-1,publicationThread=Main
09-23 20:20:32.525 14597 14597 I D05M04  : EVENT,type=submit,id=1,label=initial,at=45739877652683,thread=main,active=0
09-23 20:20:32.527 14597 14612 I D05M04  : EVENT,type=body,ordinal=1,requestId=1,at=45739880130983,thread=DefaultDispatcher-worker-1
09-23 20:20:32.529 14597 14612 I D05M04  : EVENT,type=engine-enter,ordinal=1,requestId=1,at=45739880486683,thread=DefaultDispatcher-worker-1,active=1
09-23 20:20:32.743 14597 14597 I D05M04  : EVENT,type=submit,id=2,label=burst-1,at=45740095349783,thread=main,active=1
09-23 20:20:32.958 14597 14597 I D05M04  : EVENT,type=submit,id=3,label=burst-2,at=45740310394783,thread=main,active=1
09-23 20:20:33.160 14597 14597 I D05M04  : EVENT,type=submit,id=4,label=burst-3,at=45740512844283,thread=main,active=1
09-23 20:20:33.288 14597 14612 I D05M04  : EVENT,type=engine-return,ordinal=1,requestId=1,at=45740640199183,thread=DefaultDispatcher-worker-1,active=0
09-23 20:20:33.291 14597 14612 I D05M04  : EVENT,type=body,ordinal=2,requestId=4,at=45740643274083,thread=DefaultDispatcher-worker-1
09-23 20:20:33.291 14597 14612 I D05M04  : EVENT,type=engine-enter,ordinal=2,requestId=4,at=45740643608883,thread=DefaultDispatcher-worker-1,active=1
09-23 20:20:33.378 14597 14597 I D05M04  : EVENT,type=submit,id=5,label=burst-final,at=45740730285983,thread=main,active=1
09-23 20:20:34.051 14597 14612 I D05M04  : EVENT,type=engine-return,ordinal=2,requestId=4,at=45741403763483,thread=DefaultDispatcher-worker-1,active=0
09-23 20:20:34.054 14597 14612 I D05M04  : EVENT,type=body,ordinal=3,requestId=5,at=45741406526983,thread=DefaultDispatcher-worker-1
09-23 20:20:34.054 14597 14612 I D05M04  : EVENT,type=engine-enter,ordinal=3,requestId=5,at=45741406847183,thread=DefaultDispatcher-worker-1,active=1
09-23 20:20:34.809 14597 14612 I D05M04  : EVENT,type=engine-return,ordinal=3,requestId=5,at=45742161837383,thread=DefaultDispatcher-worker-1,active=0
09-23 20:20:34.809 14597 14612 I D05M04  : EVENT,type=calculator-return,logical=home,ordinal=3,requestId=5,at=45742162068583,thread=DefaultDispatcher-worker-1
09-23 20:20:34.813 14597 14597 I D05M04  : EVENT,type=publication,ordinal=3,requestId=5,at=45742165702883,thread=main
09-23 20:20:34.817 14597 14611 I D05M04  : RESULT,group=C,rep=16,point=manual-refresh-200ms,valid=true,submitted=5,started=3,skipped=2,finalRequestId=5,finalLabel=burst-final,finalSubmitNs=45740730285983,finalBodyLaunchNs=45741406526983,finalEngineEnterNs=45741406847183,finalEngineReturnNs=45742161837383,finalCalculatorReturnNs=45742162068583,finalPublicationNs=45742165702883,finalStartNs=676561200,finalRuntimeNs=754990200,finalPublicationLatencyNs=1435416900,activeAtFinalSubmission=1,peakConcurrency=1,obsoleteDrainNs=673477500,engineOnMain=false,finalEngineThread=DefaultDispatcher-worker-1,publicationThread=Main
09-23 20:20:34.820 14597 14597 I D05M04  : EVENT,type=submit,id=1,label=initial,at=45742172951483,thread=main,active=0
09-23 20:20:34.821 14597 14612 I D05M04  : EVENT,type=body,ordinal=1,requestId=1,at=45742173744383,thread=DefaultDispatcher-worker-1
09-23 20:20:34.825 14597 14612 I D05M04  : EVENT,type=engine-enter,ordinal=1,requestId=1,at=45742177439383,thread=DefaultDispatcher-worker-1,active=1
09-23 20:20:35.043 14597 14597 I D05M04  : EVENT,type=submit,id=2,label=burst-1,at=45742395591183,thread=main,active=1
09-23 20:20:35.255 14597 14597 I D05M04  : EVENT,type=submit,id=3,label=burst-2,at=45742607458083,thread=main,active=1
09-23 20:20:35.459 14597 14597 I D05M04  : EVENT,type=submit,id=4,label=burst-3,at=45742811256083,thread=main,active=1
09-23 20:20:35.586 14597 14612 I D05M04  : EVENT,type=engine-return,ordinal=1,requestId=1,at=45742938835583,thread=DefaultDispatcher-worker-1,active=0
09-23 20:20:35.590 14597 14612 I D05M04  : EVENT,type=body,ordinal=2,requestId=4,at=45742942306883,thread=DefaultDispatcher-worker-1
09-23 20:20:35.590 14597 14612 I D05M04  : EVENT,type=engine-enter,ordinal=2,requestId=4,at=45742942678383,thread=DefaultDispatcher-worker-1,active=1
09-23 20:20:35.664 14597 14597 I D05M04  : EVENT,type=submit,id=5,label=burst-final,at=45743016250983,thread=main,active=1
09-23 20:20:36.357 14597 14612 I D05M04  : EVENT,type=engine-return,ordinal=2,requestId=4,at=45743709917783,thread=DefaultDispatcher-worker-1,active=0
09-23 20:20:36.361 14597 14612 I D05M04  : EVENT,type=body,ordinal=3,requestId=5,at=45743713265083,thread=DefaultDispatcher-worker-1
09-23 20:20:36.361 14597 14612 I D05M04  : EVENT,type=engine-enter,ordinal=3,requestId=5,at=45743713752283,thread=DefaultDispatcher-worker-1,active=1
09-23 20:20:37.123 14597 14612 I D05M04  : EVENT,type=engine-return,ordinal=3,requestId=5,at=45744476140983,thread=DefaultDispatcher-worker-1,active=0
09-23 20:20:37.124 14597 14612 I D05M04  : EVENT,type=calculator-return,logical=home,ordinal=3,requestId=5,at=45744476351483,thread=DefaultDispatcher-worker-1
09-23 20:20:37.124 14597 14597 I D05M04  : EVENT,type=publication,ordinal=3,requestId=5,at=45744476757283,thread=main
09-23 20:20:37.129 14597 14611 I D05M04  : RESULT,group=C,rep=17,point=manual-refresh-200ms,valid=true,submitted=5,started=3,skipped=2,finalRequestId=5,finalLabel=burst-final,finalSubmitNs=45743016250983,finalBodyLaunchNs=45743713265083,finalEngineEnterNs=45743713752283,finalEngineReturnNs=45744476140983,finalCalculatorReturnNs=45744476351483,finalPublicationNs=45744476757283,finalStartNs=697501300,finalRuntimeNs=762388700,finalPublicationLatencyNs=1460506300,activeAtFinalSubmission=1,peakConcurrency=1,obsoleteDrainNs=693666800,engineOnMain=false,finalEngineThread=DefaultDispatcher-worker-1,publicationThread=Main
09-23 20:20:37.131 14597 14597 I D05M04  : EVENT,type=submit,id=1,label=initial,at=45744483281683,thread=main,active=0
09-23 20:20:37.134 14597 14612 I D05M04  : EVENT,type=body,ordinal=1,requestId=1,at=45744486472783,thread=DefaultDispatcher-worker-1
09-23 20:20:37.134 14597 14612 I D05M04  : EVENT,type=engine-enter,ordinal=1,requestId=1,at=45744486876183,thread=DefaultDispatcher-worker-1,active=1
09-23 20:20:37.349 14597 14597 I D05M04  : EVENT,type=submit,id=2,label=burst-1,at=45744701946983,thread=main,active=1
09-23 20:20:37.566 14597 14597 I D05M04  : EVENT,type=submit,id=3,label=burst-2,at=45744918851683,thread=main,active=1
09-23 20:20:37.768 14597 14597 I D05M04  : EVENT,type=submit,id=4,label=burst-3,at=45745120640683,thread=main,active=1
09-23 20:20:37.888 14597 14612 I D05M04  : EVENT,type=engine-return,ordinal=1,requestId=1,at=45745240413483,thread=DefaultDispatcher-worker-1,active=0
09-23 20:20:37.891 14597 14612 I D05M04  : EVENT,type=body,ordinal=2,requestId=4,at=45745244104883,thread=DefaultDispatcher-worker-1
09-23 20:20:37.893 14597 14612 I D05M04  : EVENT,type=engine-enter,ordinal=2,requestId=4,at=45745245901083,thread=DefaultDispatcher-worker-1,active=1
09-23 20:20:37.972 14597 14597 I D05M04  : EVENT,type=submit,id=5,label=burst-final,at=45745324521983,thread=main,active=1
09-23 20:20:38.648 14597 14612 I D05M04  : EVENT,type=engine-return,ordinal=2,requestId=4,at=45746000583683,thread=DefaultDispatcher-worker-1,active=0
09-23 20:20:38.651 14597 14612 I D05M04  : EVENT,type=body,ordinal=3,requestId=5,at=45746003406683,thread=DefaultDispatcher-worker-1
09-23 20:20:38.652 14597 14612 I D05M04  : EVENT,type=engine-enter,ordinal=3,requestId=5,at=45746005039583,thread=DefaultDispatcher-worker-1,active=1
09-23 20:20:39.407 14597 14612 I D05M04  : EVENT,type=engine-return,ordinal=3,requestId=5,at=45746759815583,thread=DefaultDispatcher-worker-1,active=0
09-23 20:20:39.407 14597 14612 I D05M04  : EVENT,type=calculator-return,logical=home,ordinal=3,requestId=5,at=45746760010983,thread=DefaultDispatcher-worker-1
09-23 20:20:39.410 14597 14597 I D05M04  : EVENT,type=publication,ordinal=3,requestId=5,at=45746762505483,thread=main
09-23 20:20:39.410 14597 14611 I D05M04  : RESULT,group=C,rep=18,point=manual-refresh-200ms,valid=true,submitted=5,started=3,skipped=2,finalRequestId=5,finalLabel=burst-final,finalSubmitNs=45745324521983,finalBodyLaunchNs=45746003406683,finalEngineEnterNs=45746005039583,finalEngineReturnNs=45746759815583,finalCalculatorReturnNs=45746760010983,finalPublicationNs=45746762505483,finalStartNs=680517600,finalRuntimeNs=754776000,finalPublicationLatencyNs=1437983500,activeAtFinalSubmission=1,peakConcurrency=1,obsoleteDrainNs=676061700,engineOnMain=false,finalEngineThread=DefaultDispatcher-worker-1,publicationThread=Main
09-23 20:20:39.418 14597 14597 I D05M04  : EVENT,type=submit,id=1,label=initial,at=45746770585483,thread=main,active=0
09-23 20:20:39.422 14597 14612 I D05M04  : EVENT,type=body,ordinal=1,requestId=1,at=45746774495983,thread=DefaultDispatcher-worker-1
09-23 20:20:39.422 14597 14612 I D05M04  : EVENT,type=engine-enter,ordinal=1,requestId=1,at=45746774838383,thread=DefaultDispatcher-worker-1,active=1
09-23 20:20:39.635 14597 14597 I D05M04  : EVENT,type=submit,id=2,label=burst-1,at=45746987160083,thread=main,active=1
09-23 20:20:39.839 14597 14597 I D05M04  : EVENT,type=submit,id=3,label=burst-2,at=45747191677883,thread=main,active=1
09-23 20:20:40.043 14597 14597 I D05M04  : EVENT,type=submit,id=4,label=burst-3,at=45747395040483,thread=main,active=1
09-23 20:20:40.173 14597 14612 I D05M04  : EVENT,type=engine-return,ordinal=1,requestId=1,at=45747525883383,thread=DefaultDispatcher-worker-1,active=0
09-23 20:20:40.175 14597 14612 I D05M04  : EVENT,type=body,ordinal=2,requestId=4,at=45747526541583,thread=DefaultDispatcher-worker-1
09-23 20:20:40.178 14597 14612 I D05M04  : EVENT,type=body,ordinal=3,requestId=4,at=45747530855483,thread=DefaultDispatcher-worker-1
09-23 20:20:40.179 14597 14612 I D05M04  : EVENT,type=engine-enter,ordinal=3,requestId=4,at=45747531219383,thread=DefaultDispatcher-worker-1,active=1
09-23 20:20:40.258 14597 14597 I D05M04  : EVENT,type=submit,id=5,label=burst-final,at=45747611094283,thread=main,active=1
09-23 20:20:40.925 14597 14612 I D05M04  : EVENT,type=engine-return,ordinal=3,requestId=4,at=45748278119983,thread=DefaultDispatcher-worker-1,active=0
09-23 20:20:40.927 14597 14612 I D05M04  : EVENT,type=body,ordinal=4,requestId=5,at=45748279155783,thread=DefaultDispatcher-worker-1
09-23 20:20:40.930 14597 14612 I D05M04  : EVENT,type=engine-enter,ordinal=4,requestId=5,at=45748282281483,thread=DefaultDispatcher-worker-1,active=1
09-23 20:20:41.706 14597 14612 I D05M04  : EVENT,type=engine-return,ordinal=4,requestId=5,at=45749058381083,thread=DefaultDispatcher-worker-1,active=0
09-23 20:20:41.706 14597 14612 I D05M04  : EVENT,type=calculator-return,logical=home,ordinal=4,requestId=5,at=45749058589683,thread=DefaultDispatcher-worker-1
09-23 20:20:41.709 14597 14597 I D05M04  : EVENT,type=publication,ordinal=4,requestId=5,at=45749059088883,thread=main
09-23 20:20:41.710 14597 14611 I D05M04  : RESULT,group=C,rep=19,point=manual-refresh-200ms,valid=true,submitted=5,started=4,skipped=1,finalRequestId=5,finalLabel=burst-final,finalSubmitNs=45747611094283,finalBodyLaunchNs=45748279155783,finalEngineEnterNs=45748282281483,finalEngineReturnNs=45749058381083,finalCalculatorReturnNs=45749058589683,finalPublicationNs=45749059088883,finalStartNs=671187200,finalRuntimeNs=776099600,finalPublicationLatencyNs=1447994600,activeAtFinalSubmission=1,peakConcurrency=1,obsoleteDrainNs=667025700,engineOnMain=false,finalEngineThread=DefaultDispatcher-worker-1,publicationThread=Main
09-23 20:20:41.713 14597 14597 I D05M04  : EVENT,type=submit,id=1,label=initial,at=45749066033083,thread=main,active=0
09-23 20:20:41.717 14597 14612 I D05M04  : EVENT,type=body,ordinal=1,requestId=1,at=45749069897883,thread=DefaultDispatcher-worker-1
09-23 20:20:41.719 14597 14612 I D05M04  : EVENT,type=engine-enter,ordinal=1,requestId=1,at=45749071054583,thread=DefaultDispatcher-worker-1,active=1
09-23 20:20:41.925 14597 14597 I D05M04  : EVENT,type=submit,id=2,label=burst-1,at=45749277208983,thread=main,active=1
09-23 20:20:42.129 14597 14597 I D05M04  : EVENT,type=submit,id=3,label=burst-2,at=45749481338283,thread=main,active=1
09-23 20:20:42.331 14597 14597 I D05M04  : EVENT,type=submit,id=4,label=burst-3,at=45749684089683,thread=main,active=1
09-23 20:20:42.492 14597 14612 I D05M04  : EVENT,type=engine-return,ordinal=1,requestId=1,at=45749844612183,thread=DefaultDispatcher-worker-1,active=0
09-23 20:20:42.496 14597 14612 I D05M04  : EVENT,type=body,ordinal=2,requestId=4,at=45749848224383,thread=DefaultDispatcher-worker-1
09-23 20:20:42.496 14597 14612 I D05M04  : EVENT,type=engine-enter,ordinal=2,requestId=4,at=45749848508883,thread=DefaultDispatcher-worker-1,active=1
09-23 20:20:42.533 14597 14597 I D05M04  : EVENT,type=submit,id=5,label=burst-final,at=45749885588583,thread=main,active=1
09-23 20:20:43.303 14597 14612 I D05M04  : EVENT,type=engine-return,ordinal=2,requestId=4,at=45750655535683,thread=DefaultDispatcher-worker-1,active=0
09-23 20:20:43.306 14597 14612 I D05M04  : EVENT,type=body,ordinal=3,requestId=5,at=45750658214283,thread=DefaultDispatcher-worker-1
09-23 20:20:43.306 14597 14612 I D05M04  : EVENT,type=engine-enter,ordinal=3,requestId=5,at=45750658559383,thread=DefaultDispatcher-worker-1,active=1
09-23 20:20:44.082 14597 14612 I D05M04  : EVENT,type=engine-return,ordinal=3,requestId=5,at=45751434881983,thread=DefaultDispatcher-worker-1,active=0
09-23 20:20:44.083 14597 14612 I D05M04  : EVENT,type=calculator-return,logical=home,ordinal=3,requestId=5,at=45751435310583,thread=DefaultDispatcher-worker-1
09-23 20:20:44.085 14597 14597 I D05M04  : EVENT,type=publication,ordinal=3,requestId=5,at=45751437967483,thread=main
09-23 20:20:44.086 14597 14611 I D05M04  : RESULT,group=C,rep=20,point=manual-refresh-200ms,valid=true,submitted=5,started=3,skipped=2,finalRequestId=5,finalLabel=burst-final,finalSubmitNs=45749885588583,finalBodyLaunchNs=45750658214283,finalEngineEnterNs=45750658559383,finalEngineReturnNs=45751434881983,finalCalculatorReturnNs=45751435310583,finalPublicationNs=45751437967483,finalStartNs=772970800,finalRuntimeNs=776322600,finalPublicationLatencyNs=1552378900,activeAtFinalSubmission=1,peakConcurrency=1,obsoleteDrainNs=769947100,engineOnMain=false,finalEngineThread=DefaultDispatcher-worker-1,publicationThread=Main
09-23 20:20:44.089 14597 14597 I D05M04  : EVENT,type=submit,id=1,label=initial,at=45751442161583,thread=main,active=0
09-23 20:20:44.091 14597 14612 I D05M04  : EVENT,type=body,ordinal=1,requestId=1,at=45751443898483,thread=DefaultDispatcher-worker-1
09-23 20:20:44.094 14597 14612 I D05M04  : EVENT,type=engine-enter,ordinal=1,requestId=1,at=45751447036683,thread=DefaultDispatcher-worker-1,active=1
09-23 20:20:44.299 14597 14597 I D05M04  : EVENT,type=submit,id=2,label=burst-1,at=45751651613583,thread=main,active=1
09-23 20:20:44.502 14597 14597 I D05M04  : EVENT,type=submit,id=3,label=burst-2,at=45751854964483,thread=main,active=1
09-23 20:20:44.707 14597 14597 I D05M04  : EVENT,type=submit,id=4,label=burst-3,at=45752059751583,thread=main,active=1
09-23 20:20:44.867 14597 14612 I D05M04  : EVENT,type=engine-return,ordinal=1,requestId=1,at=45752219174883,thread=DefaultDispatcher-worker-1,active=0
09-23 20:20:44.870 14597 14612 I D05M04  : EVENT,type=body,ordinal=2,requestId=4,at=45752223096283,thread=DefaultDispatcher-worker-1
09-23 20:20:44.871 14597 14612 I D05M04  : EVENT,type=engine-enter,ordinal=2,requestId=4,at=45752223673283,thread=DefaultDispatcher-worker-1,active=1
09-23 20:20:44.925 14597 14597 I D05M04  : EVENT,type=submit,id=5,label=burst-final,at=45752277288883,thread=main,active=1
09-23 20:20:45.639 14597 14612 I D05M04  : EVENT,type=engine-return,ordinal=2,requestId=4,at=45752991555083,thread=DefaultDispatcher-worker-1,active=0
09-23 20:20:45.642 14597 14612 I D05M04  : EVENT,type=body,ordinal=3,requestId=5,at=45752994430683,thread=DefaultDispatcher-worker-1
09-23 20:20:45.642 14597 14612 I D05M04  : EVENT,type=engine-enter,ordinal=3,requestId=5,at=45752994672183,thread=DefaultDispatcher-worker-1,active=1
09-23 20:20:46.435 14597 14612 I D05M04  : EVENT,type=engine-return,ordinal=3,requestId=5,at=45753787219683,thread=DefaultDispatcher-worker-1,active=0
09-23 20:20:46.435 14597 14612 I D05M04  : EVENT,type=calculator-return,logical=home,ordinal=3,requestId=5,at=45753787428083,thread=DefaultDispatcher-worker-1
09-23 20:20:46.438 14597 14597 I D05M04  : EVENT,type=publication,ordinal=3,requestId=5,at=45753790704883,thread=main
09-23 20:20:46.453 14597 14611 I D05M04  : RESULT,group=C,rep=21,point=manual-refresh-200ms,valid=true,submitted=5,started=3,skipped=2,finalRequestId=5,finalLabel=burst-final,finalSubmitNs=45752277288883,finalBodyLaunchNs=45752994430683,finalEngineEnterNs=45752994672183,finalEngineReturnNs=45753787219683,finalCalculatorReturnNs=45753787428083,finalPublicationNs=45753790704883,finalStartNs=717383300,finalRuntimeNs=792547500,finalPublicationLatencyNs=1513416000,activeAtFinalSubmission=1,peakConcurrency=1,obsoleteDrainNs=714266200,engineOnMain=false,finalEngineThread=DefaultDispatcher-worker-1,publicationThread=Main
09-23 20:20:46.455 14597 14597 I D05M04  : EVENT,type=submit,id=1,label=initial,at=45753807967483,thread=main,active=0
09-23 20:20:46.458 14597 14612 I D05M04  : EVENT,type=body,ordinal=1,requestId=1,at=45753810434783,thread=DefaultDispatcher-worker-1
09-23 20:20:46.461 14597 14612 I D05M04  : EVENT,type=engine-enter,ordinal=1,requestId=1,at=45753811839883,thread=DefaultDispatcher-worker-1,active=1
09-23 20:20:46.672 14597 14597 I D05M04  : EVENT,type=submit,id=2,label=burst-1,at=45754024744583,thread=main,active=1
09-23 20:20:46.889 14597 14597 I D05M04  : EVENT,type=submit,id=3,label=burst-2,at=45754241570983,thread=main,active=1
09-23 20:20:47.105 14597 14597 I D05M04  : EVENT,type=submit,id=4,label=burst-3,at=45754458042283,thread=main,active=1
09-23 20:20:47.236 14597 14612 I D05M04  : EVENT,type=engine-return,ordinal=1,requestId=1,at=45754588938383,thread=DefaultDispatcher-worker-1,active=0
09-23 20:20:47.239 14597 14612 I D05M04  : EVENT,type=body,ordinal=2,requestId=4,at=45754591849983,thread=DefaultDispatcher-worker-1
09-23 20:20:47.239 14597 14612 I D05M04  : EVENT,type=engine-enter,ordinal=2,requestId=4,at=45754592083783,thread=DefaultDispatcher-worker-1,active=1
09-23 20:20:47.307 14597 14597 I D05M04  : EVENT,type=submit,id=5,label=burst-final,at=45754660087383,thread=main,active=1
09-23 20:20:47.992 14597 14612 I D05M04  : EVENT,type=engine-return,ordinal=2,requestId=4,at=45755344912883,thread=DefaultDispatcher-worker-1,active=0
09-23 20:20:47.994 14597 14612 I D05M04  : EVENT,type=body,ordinal=3,requestId=5,at=45755346205483,thread=DefaultDispatcher-worker-1
09-23 20:20:47.995 14597 14612 I D05M04  : EVENT,type=engine-enter,ordinal=3,requestId=5,at=45755347645983,thread=DefaultDispatcher-worker-1,active=1
09-23 20:20:48.757 14597 14612 I D05M04  : EVENT,type=engine-return,ordinal=3,requestId=5,at=45756110057783,thread=DefaultDispatcher-worker-1,active=0
09-23 20:20:48.758 14597 14612 I D05M04  : EVENT,type=calculator-return,logical=home,ordinal=3,requestId=5,at=45756110260183,thread=DefaultDispatcher-worker-1
09-23 20:20:48.758 14597 14597 I D05M04  : EVENT,type=publication,ordinal=3,requestId=5,at=45756111150483,thread=main
09-23 20:20:48.773 14597 14611 I D05M04  : RESULT,group=C,rep=22,point=manual-refresh-200ms,valid=true,submitted=5,started=3,skipped=2,finalRequestId=5,finalLabel=burst-final,finalSubmitNs=45754660087383,finalBodyLaunchNs=45755346205483,finalEngineEnterNs=45755347645983,finalEngineReturnNs=45756110057783,finalCalculatorReturnNs=45756110260183,finalPublicationNs=45756111150483,finalStartNs=687558600,finalRuntimeNs=762411800,finalPublicationLatencyNs=1451063100,activeAtFinalSubmission=1,peakConcurrency=1,obsoleteDrainNs=684825500,engineOnMain=false,finalEngineThread=DefaultDispatcher-worker-1,publicationThread=Main
09-23 20:20:48.776 14597 14597 I D05M04  : EVENT,type=submit,id=1,label=initial,at=45756128762683,thread=main,active=0
09-23 20:20:48.778 14597 14612 I D05M04  : EVENT,type=body,ordinal=1,requestId=1,at=45756130852783,thread=DefaultDispatcher-worker-1
09-23 20:20:48.780 14597 14612 I D05M04  : EVENT,type=engine-enter,ordinal=1,requestId=1,at=45756132652883,thread=DefaultDispatcher-worker-1,active=1
09-23 20:20:48.991 14597 14597 I D05M04  : EVENT,type=submit,id=2,label=burst-1,at=45756343679383,thread=main,active=1
09-23 20:20:49.195 14597 14597 I D05M04  : EVENT,type=submit,id=3,label=burst-2,at=45756547676983,thread=main,active=1
09-23 20:20:49.414 14597 14597 I D05M04  : EVENT,type=submit,id=4,label=burst-3,at=45756767066683,thread=main,active=1
09-23 20:20:49.529 14597 14612 I D05M04  : EVENT,type=engine-return,ordinal=1,requestId=1,at=45756881569483,thread=DefaultDispatcher-worker-1,active=0
09-23 20:20:49.532 14597 14612 I D05M04  : EVENT,type=body,ordinal=2,requestId=4,at=45756884526683,thread=DefaultDispatcher-worker-1
09-23 20:20:49.534 14597 14612 I D05M04  : EVENT,type=body,ordinal=3,requestId=4,at=45756886884083,thread=DefaultDispatcher-worker-1
09-23 20:20:49.535 14597 14612 I D05M04  : EVENT,type=engine-enter,ordinal=3,requestId=4,at=45756887285683,thread=DefaultDispatcher-worker-1,active=1
09-23 20:20:49.617 14597 14597 I D05M04  : EVENT,type=submit,id=5,label=burst-final,at=45756969636383,thread=main,active=1
09-23 20:20:50.282 14597 14612 I D05M04  : EVENT,type=engine-return,ordinal=3,requestId=4,at=45757634207183,thread=DefaultDispatcher-worker-1,active=0
09-23 20:20:50.285 14597 14612 I D05M04  : EVENT,type=body,ordinal=4,requestId=5,at=45757637695983,thread=DefaultDispatcher-worker-1
09-23 20:20:50.285 14597 14612 I D05M04  : EVENT,type=engine-enter,ordinal=4,requestId=5,at=45757638124483,thread=DefaultDispatcher-worker-1,active=1
09-23 20:20:51.058 14597 14612 I D05M04  : EVENT,type=engine-return,ordinal=4,requestId=5,at=45758410276883,thread=DefaultDispatcher-worker-1,active=0
09-23 20:20:51.058 14597 14612 I D05M04  : EVENT,type=calculator-return,logical=home,ordinal=4,requestId=5,at=45758410456483,thread=DefaultDispatcher-worker-1
09-23 20:20:51.058 14597 14597 I D05M04  : EVENT,type=publication,ordinal=4,requestId=5,at=45758410847483,thread=main
09-23 20:20:51.061 14597 14611 I D05M04  : RESULT,group=C,rep=23,point=manual-refresh-200ms,valid=true,submitted=5,started=4,skipped=1,finalRequestId=5,finalLabel=burst-final,finalSubmitNs=45756969636383,finalBodyLaunchNs=45757637695983,finalEngineEnterNs=45757638124483,finalEngineReturnNs=45758410276883,finalCalculatorReturnNs=45758410456483,finalPublicationNs=45758410847483,finalStartNs=668488100,finalRuntimeNs=772152400,finalPublicationLatencyNs=1441211100,activeAtFinalSubmission=1,peakConcurrency=1,obsoleteDrainNs=664570800,engineOnMain=false,finalEngineThread=DefaultDispatcher-worker-1,publicationThread=Main
09-23 20:20:51.066 14597 14597 I D05M04  : EVENT,type=submit,id=1,label=initial,at=45758418347783,thread=main,active=0
09-23 20:20:51.069 14597 14612 I D05M04  : EVENT,type=body,ordinal=1,requestId=1,at=45758421725983,thread=DefaultDispatcher-worker-1
09-23 20:20:51.069 14597 14612 I D05M04  : EVENT,type=engine-enter,ordinal=1,requestId=1,at=45758422102983,thread=DefaultDispatcher-worker-1,active=1
09-23 20:20:51.271 14597 14597 I D05M04  : EVENT,type=submit,id=2,label=burst-1,at=45758623784083,thread=main,active=1
09-23 20:20:51.474 14597 14597 I D05M04  : EVENT,type=submit,id=3,label=burst-2,at=45758826519683,thread=main,active=1
09-23 20:20:51.681 14597 14597 I D05M04  : EVENT,type=submit,id=4,label=burst-3,at=45759033509083,thread=main,active=1
09-23 20:20:51.825 14597 14612 I D05M04  : EVENT,type=engine-return,ordinal=1,requestId=1,at=45759176866483,thread=DefaultDispatcher-worker-1,active=0
09-23 20:20:51.829 14597 14612 I D05M04  : EVENT,type=body,ordinal=2,requestId=4,at=45759181964583,thread=DefaultDispatcher-worker-1
09-23 20:20:51.830 14597 14612 I D05M04  : EVENT,type=engine-enter,ordinal=2,requestId=4,at=45759182390383,thread=DefaultDispatcher-worker-1,active=1
09-23 20:20:51.898 14597 14597 I D05M04  : EVENT,type=submit,id=5,label=burst-final,at=45759250725683,thread=main,active=1
09-23 20:20:52.586 14597 14612 I D05M04  : EVENT,type=engine-return,ordinal=2,requestId=4,at=45759938780383,thread=DefaultDispatcher-worker-1,active=0
09-23 20:20:52.589 14597 14612 I D05M04  : EVENT,type=body,ordinal=3,requestId=5,at=45759941494383,thread=DefaultDispatcher-worker-1
09-23 20:20:52.589 14597 14612 I D05M04  : EVENT,type=engine-enter,ordinal=3,requestId=5,at=45759941700783,thread=DefaultDispatcher-worker-1,active=1
09-23 20:20:53.348 14597 14612 I D05M04  : EVENT,type=engine-return,ordinal=3,requestId=5,at=45760700348483,thread=DefaultDispatcher-worker-1,active=0
09-23 20:20:53.348 14597 14612 I D05M04  : EVENT,type=calculator-return,logical=home,ordinal=3,requestId=5,at=45760700543683,thread=DefaultDispatcher-worker-1
09-23 20:20:53.351 14597 14597 I D05M04  : EVENT,type=publication,ordinal=3,requestId=5,at=45760703375283,thread=main
09-23 20:20:53.358 14597 14611 I D05M04  : RESULT,group=C,rep=24,point=manual-refresh-200ms,valid=true,submitted=5,started=3,skipped=2,finalRequestId=5,finalLabel=burst-final,finalSubmitNs=45759250725683,finalBodyLaunchNs=45759941494383,finalEngineEnterNs=45759941700783,finalEngineReturnNs=45760700348483,finalCalculatorReturnNs=45760700543683,finalPublicationNs=45760703375283,finalStartNs=690975100,finalRuntimeNs=758647700,finalPublicationLatencyNs=1452649600,activeAtFinalSubmission=1,peakConcurrency=1,obsoleteDrainNs=688054700,engineOnMain=false,finalEngineThread=DefaultDispatcher-worker-1,publicationThread=Main
09-23 20:20:53.362 14597 14597 I D05M04  : EVENT,type=submit,id=1,label=initial,at=45760714619583,thread=main,active=0
09-23 20:20:53.365 14597 14612 I D05M04  : EVENT,type=body,ordinal=1,requestId=1,at=45760717570883,thread=DefaultDispatcher-worker-1
09-23 20:20:53.365 14597 14612 I D05M04  : EVENT,type=engine-enter,ordinal=1,requestId=1,at=45760717825583,thread=DefaultDispatcher-worker-1,active=1
09-23 20:20:53.575 14597 14597 I D05M04  : EVENT,type=submit,id=2,label=burst-1,at=45760927783683,thread=main,active=1
09-23 20:20:53.790 14597 14597 I D05M04  : EVENT,type=submit,id=3,label=burst-2,at=45761142979983,thread=main,active=1
09-23 20:20:53.994 14597 14597 I D05M04  : EVENT,type=submit,id=4,label=burst-3,at=45761346935583,thread=main,active=1
09-23 20:20:54.122 14597 14612 I D05M04  : EVENT,type=engine-return,ordinal=1,requestId=1,at=45761474430983,thread=DefaultDispatcher-worker-1,active=0
09-23 20:20:54.125 14597 14612 I D05M04  : EVENT,type=body,ordinal=2,requestId=4,at=45761477375583,thread=DefaultDispatcher-worker-1
09-23 20:20:54.126 14597 14612 I D05M04  : EVENT,type=engine-enter,ordinal=2,requestId=4,at=45761477625983,thread=DefaultDispatcher-worker-1,active=1
09-23 20:20:54.200 14597 14597 I D05M04  : EVENT,type=submit,id=5,label=burst-final,at=45761552157183,thread=main,active=1
09-23 20:20:54.880 14597 14612 I D05M04  : EVENT,type=engine-return,ordinal=2,requestId=4,at=45762232924483,thread=DefaultDispatcher-worker-1,active=0
09-23 20:20:54.884 14597 14612 I D05M04  : EVENT,type=body,ordinal=3,requestId=5,at=45762236414083,thread=DefaultDispatcher-worker-1
09-23 20:20:54.884 14597 14612 I D05M04  : EVENT,type=engine-enter,ordinal=3,requestId=5,at=45762236621183,thread=DefaultDispatcher-worker-1,active=1
09-23 20:20:55.656 14597 14612 I D05M04  : EVENT,type=engine-return,ordinal=3,requestId=5,at=45763008366883,thread=DefaultDispatcher-worker-1,active=0
09-23 20:20:55.656 14597 14612 I D05M04  : EVENT,type=calculator-return,logical=home,ordinal=3,requestId=5,at=45763008585883,thread=DefaultDispatcher-worker-1
09-23 20:20:55.656 14597 14597 I D05M04  : EVENT,type=publication,ordinal=3,requestId=5,at=45763008899983,thread=main
09-23 20:20:55.658 14597 14611 I D05M04  : RESULT,group=C,rep=25,point=manual-refresh-200ms,valid=true,submitted=5,started=3,skipped=2,finalRequestId=5,finalLabel=burst-final,finalSubmitNs=45761552157183,finalBodyLaunchNs=45762236414083,finalEngineEnterNs=45762236621183,finalEngineReturnNs=45763008366883,finalCalculatorReturnNs=45763008585883,finalPublicationNs=45763008899983,finalStartNs=684464000,finalRuntimeNs=771745700,finalPublicationLatencyNs=1456742800,activeAtFinalSubmission=1,peakConcurrency=1,obsoleteDrainNs=680767300,engineOnMain=false,finalEngineThread=DefaultDispatcher-worker-1,publicationThread=Main
09-23 20:20:55.663 14597 14597 I D05M04  : EVENT,type=submit,id=1,label=initial,at=45763015441183,thread=main,active=0
09-23 20:20:55.666 14597 14612 I D05M04  : EVENT,type=body,ordinal=1,requestId=1,at=45763018470383,thread=DefaultDispatcher-worker-1
09-23 20:20:55.667 14597 14612 I D05M04  : EVENT,type=engine-enter,ordinal=1,requestId=1,at=45763018862083,thread=DefaultDispatcher-worker-1,active=1
09-23 20:20:55.869 14597 14597 I D05M04  : EVENT,type=submit,id=2,label=burst-1,at=45763221942683,thread=main,active=1
09-23 20:20:56.074 14597 14597 I D05M04  : EVENT,type=submit,id=3,label=burst-2,at=45763426279783,thread=main,active=1
09-23 20:20:56.277 14597 14597 I D05M04  : EVENT,type=submit,id=4,label=burst-3,at=45763629944183,thread=main,active=1
09-23 20:20:56.454 14597 14612 I D05M04  : EVENT,type=engine-return,ordinal=1,requestId=1,at=45763807112683,thread=DefaultDispatcher-worker-1,active=0
09-23 20:20:56.458 14597 14612 I D05M04  : EVENT,type=body,ordinal=2,requestId=4,at=45763811026583,thread=DefaultDispatcher-worker-1
09-23 20:20:56.459 14597 14612 I D05M04  : EVENT,type=engine-enter,ordinal=2,requestId=4,at=45763811436283,thread=DefaultDispatcher-worker-1,active=1
09-23 20:20:56.481 14597 14597 I D05M04  : EVENT,type=submit,id=5,label=burst-final,at=45763833300183,thread=main,active=1
09-23 20:20:57.210 14597 14612 I D05M04  : EVENT,type=engine-return,ordinal=2,requestId=4,at=45764562249783,thread=DefaultDispatcher-worker-1,active=0
09-23 20:20:57.213 14597 14612 I D05M04  : EVENT,type=body,ordinal=3,requestId=5,at=45764565725783,thread=DefaultDispatcher-worker-1
09-23 20:20:57.213 14597 14612 I D05M04  : EVENT,type=engine-enter,ordinal=3,requestId=5,at=45764566032183,thread=DefaultDispatcher-worker-1,active=1
09-23 20:20:57.978 14597 14612 I D05M04  : EVENT,type=engine-return,ordinal=3,requestId=5,at=45765329436583,thread=DefaultDispatcher-worker-1,active=0
09-23 20:20:57.978 14597 14612 I D05M04  : EVENT,type=calculator-return,logical=home,ordinal=3,requestId=5,at=45765330343583,thread=DefaultDispatcher-worker-1
09-23 20:20:57.978 14597 14597 I D05M04  : EVENT,type=publication,ordinal=3,requestId=5,at=45765330641583,thread=main
09-23 20:20:57.992 14597 14611 I D05M04  : RESULT,group=C,rep=26,point=manual-refresh-200ms,valid=true,submitted=5,started=3,skipped=2,finalRequestId=5,finalLabel=burst-final,finalSubmitNs=45763833300183,finalBodyLaunchNs=45764565725783,finalEngineEnterNs=45764566032183,finalEngineReturnNs=45765329436583,finalCalculatorReturnNs=45765330343583,finalPublicationNs=45765330641583,finalStartNs=732732000,finalRuntimeNs=763404400,finalPublicationLatencyNs=1497341400,activeAtFinalSubmission=1,peakConcurrency=1,obsoleteDrainNs=728949600,engineOnMain=false,finalEngineThread=DefaultDispatcher-worker-1,publicationThread=Main
09-23 20:20:57.996 14597 14597 I D05M04  : EVENT,type=submit,id=1,label=initial,at=45765348215583,thread=main,active=0
09-23 20:20:57.998 14597 14612 I D05M04  : EVENT,type=body,ordinal=1,requestId=1,at=45765351086183,thread=DefaultDispatcher-worker-1
09-23 20:20:57.999 14597 14612 I D05M04  : EVENT,type=engine-enter,ordinal=1,requestId=1,at=45765351283183,thread=DefaultDispatcher-worker-1,active=1
09-23 20:20:58.213 14597 14597 I D05M04  : EVENT,type=submit,id=2,label=burst-1,at=45765565202783,thread=main,active=1
09-23 20:20:58.430 14597 14597 I D05M04  : EVENT,type=submit,id=3,label=burst-2,at=45765782268083,thread=main,active=1
09-23 20:20:58.649 14597 14597 I D05M04  : EVENT,type=submit,id=4,label=burst-3,at=45766001384683,thread=main,active=1
09-23 20:20:58.755 14597 14612 I D05M04  : EVENT,type=engine-return,ordinal=1,requestId=1,at=45766107506583,thread=DefaultDispatcher-worker-1,active=0
09-23 20:20:58.759 14597 14612 I D05M04  : EVENT,type=body,ordinal=2,requestId=4,at=45766111362083,thread=DefaultDispatcher-worker-1
09-23 20:20:58.759 14597 14612 I D05M04  : EVENT,type=engine-enter,ordinal=2,requestId=4,at=45766111642483,thread=DefaultDispatcher-worker-1,active=1
09-23 20:20:58.866 14597 14597 I D05M04  : EVENT,type=submit,id=5,label=burst-final,at=45766218614483,thread=main,active=1
09-23 20:20:59.531 14597 14612 I D05M04  : EVENT,type=engine-return,ordinal=2,requestId=4,at=45766883177883,thread=DefaultDispatcher-worker-1,active=0
09-23 20:20:59.533 14597 14612 I D05M04  : EVENT,type=body,ordinal=3,requestId=5,at=45766885386183,thread=DefaultDispatcher-worker-1
09-23 20:20:59.533 14597 14612 I D05M04  : EVENT,type=engine-enter,ordinal=3,requestId=5,at=45766885597783,thread=DefaultDispatcher-worker-1,active=1
09-23 20:21:00.305 14597 14612 I D05M04  : EVENT,type=engine-return,ordinal=3,requestId=5,at=45767657280083,thread=DefaultDispatcher-worker-1,active=0
09-23 20:21:00.305 14597 14612 I D05M04  : EVENT,type=calculator-return,logical=home,ordinal=3,requestId=5,at=45767657484883,thread=DefaultDispatcher-worker-1
09-23 20:21:00.308 14597 14597 I D05M04  : EVENT,type=publication,ordinal=3,requestId=5,at=45767660287383,thread=main
09-23 20:21:00.309 14597 14611 I D05M04  : RESULT,group=C,rep=27,point=manual-refresh-200ms,valid=true,submitted=5,started=3,skipped=2,finalRequestId=5,finalLabel=burst-final,finalSubmitNs=45766218614483,finalBodyLaunchNs=45766885386183,finalEngineEnterNs=45766885597783,finalEngineReturnNs=45767657280083,finalCalculatorReturnNs=45767657484883,finalPublicationNs=45767660287383,finalStartNs=666983300,finalRuntimeNs=771682300,finalPublicationLatencyNs=1441672900,activeAtFinalSubmission=1,peakConcurrency=1,obsoleteDrainNs=664563400,engineOnMain=false,finalEngineThread=DefaultDispatcher-worker-1,publicationThread=Main
09-23 20:21:00.312 14597 14597 I D05M04  : EVENT,type=submit,id=1,label=initial,at=45767664806583,thread=main,active=0
09-23 20:21:00.313 14597 14612 I D05M04  : EVENT,type=body,ordinal=1,requestId=1,at=45767665433483,thread=DefaultDispatcher-worker-1
09-23 20:21:00.313 14597 14612 I D05M04  : EVENT,type=engine-enter,ordinal=1,requestId=1,at=45767665772083,thread=DefaultDispatcher-worker-1,active=1
09-23 20:21:00.517 14597 14597 I D05M04  : EVENT,type=submit,id=2,label=burst-1,at=45767869919383,thread=main,active=1
09-23 20:21:00.722 14597 14597 I D05M04  : EVENT,type=submit,id=3,label=burst-2,at=45768075080783,thread=main,active=1
09-23 20:21:00.925 14597 14597 I D05M04  : EVENT,type=submit,id=4,label=burst-3,at=45768277173583,thread=main,active=1
09-23 20:21:01.073 14597 14612 I D05M04  : EVENT,type=engine-return,ordinal=1,requestId=1,at=45768426089983,thread=DefaultDispatcher-worker-1,active=0
09-23 20:21:01.076 14597 14612 I D05M04  : EVENT,type=body,ordinal=2,requestId=4,at=45768428839383,thread=DefaultDispatcher-worker-1
09-23 20:21:01.076 14597 14612 I D05M04  : EVENT,type=engine-enter,ordinal=2,requestId=4,at=45768429112683,thread=DefaultDispatcher-worker-1,active=1
09-23 20:21:01.130 14597 14597 I D05M04  : EVENT,type=submit,id=5,label=burst-final,at=45768482992683,thread=main,active=1
09-23 20:21:01.869 14597 14612 I D05M04  : EVENT,type=engine-return,ordinal=2,requestId=4,at=45769222074183,thread=DefaultDispatcher-worker-1,active=0
09-23 20:21:01.872 14597 14612 I D05M04  : EVENT,type=body,ordinal=3,requestId=5,at=45769224923483,thread=DefaultDispatcher-worker-1
09-23 20:21:01.872 14597 14612 I D05M04  : EVENT,type=engine-enter,ordinal=3,requestId=5,at=45769225167383,thread=DefaultDispatcher-worker-1,active=1
09-23 20:21:02.656 14597 14612 I D05M04  : EVENT,type=engine-return,ordinal=3,requestId=5,at=45770008470383,thread=DefaultDispatcher-worker-1,active=0
09-23 20:21:02.656 14597 14612 I D05M04  : EVENT,type=calculator-return,logical=home,ordinal=3,requestId=5,at=45770008667883,thread=DefaultDispatcher-worker-1
09-23 20:21:02.661 14597 14597 I D05M04  : EVENT,type=publication,ordinal=3,requestId=5,at=45770013318383,thread=main
09-23 20:21:02.677 14597 14611 I D05M04  : RESULT,group=C,rep=28,point=manual-refresh-200ms,valid=true,submitted=5,started=3,skipped=2,finalRequestId=5,finalLabel=burst-final,finalSubmitNs=45768482992683,finalBodyLaunchNs=45769224923483,finalEngineEnterNs=45769225167383,finalEngineReturnNs=45770008470383,finalCalculatorReturnNs=45770008667883,finalPublicationNs=45770013318383,finalStartNs=742174700,finalRuntimeNs=783303000,finalPublicationLatencyNs=1530325700,activeAtFinalSubmission=1,peakConcurrency=1,obsoleteDrainNs=739081500,engineOnMain=false,finalEngineThread=DefaultDispatcher-worker-1,publicationThread=Main
09-23 20:21:02.680 14597 14597 I D05M04  : EVENT,type=submit,id=1,label=initial,at=45770032217183,thread=main,active=0
09-23 20:21:02.680 14597 14612 I D05M04  : EVENT,type=body,ordinal=1,requestId=1,at=45770032887483,thread=DefaultDispatcher-worker-1
09-23 20:21:02.682 14597 14612 I D05M04  : EVENT,type=engine-enter,ordinal=1,requestId=1,at=45770034960883,thread=DefaultDispatcher-worker-1,active=1
09-23 20:21:02.897 14597 14597 I D05M04  : EVENT,type=submit,id=2,label=burst-1,at=45770249808683,thread=main,active=1
09-23 20:21:03.101 14597 14597 I D05M04  : EVENT,type=submit,id=3,label=burst-2,at=45770453918283,thread=main,active=1
09-23 20:21:03.306 14597 14597 I D05M04  : EVENT,type=submit,id=4,label=burst-3,at=45770657694083,thread=main,active=1
09-23 20:21:03.445 14597 14612 I D05M04  : EVENT,type=engine-return,ordinal=1,requestId=1,at=45770797184483,thread=DefaultDispatcher-worker-1,active=0
09-23 20:21:03.447 14597 14612 I D05M04  : EVENT,type=body,ordinal=2,requestId=4,at=45770800101883,thread=DefaultDispatcher-worker-1
09-23 20:21:03.448 14597 14612 I D05M04  : EVENT,type=engine-enter,ordinal=2,requestId=4,at=45770800371783,thread=DefaultDispatcher-worker-1,active=1
09-23 20:21:03.507 14597 14597 I D05M04  : EVENT,type=submit,id=5,label=burst-final,at=45770859271183,thread=main,active=1
09-23 20:21:04.223 14597 14612 I D05M04  : EVENT,type=engine-return,ordinal=2,requestId=4,at=45771576071783,thread=DefaultDispatcher-worker-1,active=0
09-23 20:21:04.226 14597 14612 I D05M04  : EVENT,type=body,ordinal=3,requestId=5,at=45771578705783,thread=DefaultDispatcher-worker-1
09-23 20:21:04.226 14597 14612 I D05M04  : EVENT,type=engine-enter,ordinal=3,requestId=5,at=45771578983083,thread=DefaultDispatcher-worker-1,active=1
09-23 20:21:05.003 14597 14612 I D05M04  : EVENT,type=engine-return,ordinal=3,requestId=5,at=45772355925383,thread=DefaultDispatcher-worker-1,active=0
09-23 20:21:05.003 14597 14612 I D05M04  : EVENT,type=calculator-return,logical=home,ordinal=3,requestId=5,at=45772356107883,thread=DefaultDispatcher-worker-1
09-23 20:21:05.006 14597 14597 I D05M04  : EVENT,type=publication,ordinal=3,requestId=5,at=45772358334483,thread=main
09-23 20:21:05.009 14597 14611 I D05M04  : RESULT,group=C,rep=29,point=manual-refresh-200ms,valid=true,submitted=5,started=3,skipped=2,finalRequestId=5,finalLabel=burst-final,finalSubmitNs=45770859271183,finalBodyLaunchNs=45771578705783,finalEngineEnterNs=45771578983083,finalEngineReturnNs=45772355925383,finalCalculatorReturnNs=45772356107883,finalPublicationNs=45772358334483,finalStartNs=719711900,finalRuntimeNs=776942300,finalPublicationLatencyNs=1499063300,activeAtFinalSubmission=1,peakConcurrency=1,obsoleteDrainNs=716800600,engineOnMain=false,finalEngineThread=DefaultDispatcher-worker-1,publicationThread=Main
09-23 20:21:05.020 14597 14597 I D05M04  : EVENT,type=submit,id=1,label=initial,at=45772372415683,thread=main,active=0
09-23 20:21:05.022 14597 14612 I D05M04  : EVENT,type=body,ordinal=1,requestId=1,at=45772374533283,thread=DefaultDispatcher-worker-1
09-23 20:21:05.023 14597 14612 I D05M04  : EVENT,type=engine-enter,ordinal=1,requestId=1,at=45772375324483,thread=DefaultDispatcher-worker-1,active=1
09-23 20:21:05.034 14597 14597 I D05M04  : EVENT,type=submit,id=2,label=stress-1,at=45772386575683,thread=main,active=1
09-23 20:21:05.049 14597 14597 I D05M04  : EVENT,type=submit,id=3,label=stress-2,at=45772401912483,thread=main,active=1
09-23 20:21:05.067 14597 14597 I D05M04  : EVENT,type=submit,id=4,label=stress-3,at=45772417878483,thread=main,active=1
09-23 20:21:05.080 14597 14597 I D05M04  : EVENT,type=submit,id=5,label=stress-4,at=45772433042783,thread=main,active=1
09-23 20:21:05.097 14597 14597 I D05M04  : EVENT,type=submit,id=6,label=stress-5,at=45772449427583,thread=main,active=1
09-23 20:21:05.112 14597 14597 I D05M04  : EVENT,type=submit,id=7,label=stress-6,at=45772465017183,thread=main,active=1
09-23 20:21:05.145 14597 14597 I D05M04  : EVENT,type=submit,id=8,label=stress-7,at=45772497307583,thread=main,active=1
09-23 20:21:05.159 14597 14597 I D05M04  : EVENT,type=submit,id=9,label=stress-8,at=45772511387183,thread=main,active=1
09-23 20:21:05.174 14597 14597 I D05M04  : EVENT,type=submit,id=10,label=stress-9,at=45772527148083,thread=main,active=1
09-23 20:21:05.189 14597 14597 I D05M04  : EVENT,type=submit,id=11,label=stress-10,at=45772541921583,thread=main,active=1
09-23 20:21:05.206 14597 14597 I D05M04  : EVENT,type=submit,id=12,label=stress-11,at=45772558393183,thread=main,active=1
09-23 20:21:05.222 14597 14597 I D05M04  : EVENT,type=submit,id=13,label=stress-12,at=45772574988183,thread=main,active=1
09-23 20:21:05.238 14597 14597 I D05M04  : EVENT,type=submit,id=14,label=stress-13,at=45772590390483,thread=main,active=1
09-23 20:21:05.253 14597 14597 I D05M04  : EVENT,type=submit,id=15,label=stress-14,at=45772605718183,thread=main,active=1
09-23 20:21:05.267 14597 14597 I D05M04  : EVENT,type=submit,id=16,label=stress-15,at=45772620099183,thread=main,active=1
09-23 20:21:05.284 14597 14597 I D05M04  : EVENT,type=submit,id=17,label=stress-16,at=45772636546883,thread=main,active=1
09-23 20:21:05.301 14597 14597 I D05M04  : EVENT,type=submit,id=18,label=stress-17,at=45772653329683,thread=main,active=1
09-23 20:21:05.315 14597 14597 I D05M04  : EVENT,type=submit,id=19,label=stress-18,at=45772667179583,thread=main,active=1
09-23 20:21:05.331 14597 14597 I D05M04  : EVENT,type=submit,id=20,label=stress-19,at=45772683551583,thread=main,active=1
09-23 20:21:05.346 14597 14597 I D05M04  : EVENT,type=submit,id=21,label=stress-final,at=45772698900183,thread=main,active=1
09-23 20:21:05.815 14597 14612 I D05M04  : EVENT,type=engine-return,ordinal=1,requestId=1,at=45773167963783,thread=DefaultDispatcher-worker-1,active=0
09-23 20:21:05.819 14597 14612 I D05M04  : EVENT,type=body,ordinal=2,requestId=21,at=45773171461183,thread=DefaultDispatcher-worker-1
09-23 20:21:05.820 14597 14612 I D05M04  : EVENT,type=engine-enter,ordinal=2,requestId=21,at=45773171702783,thread=DefaultDispatcher-worker-1,active=1
09-23 20:21:06.583 14597 14612 I D05M04  : EVENT,type=engine-return,ordinal=2,requestId=21,at=45773935768483,thread=DefaultDispatcher-worker-1,active=0
09-23 20:21:06.583 14597 14612 I D05M04  : EVENT,type=calculator-return,logical=home,ordinal=2,requestId=21,at=45773935916283,thread=DefaultDispatcher-worker-1
09-23 20:21:06.583 14597 14597 I D05M04  : EVENT,type=publication,ordinal=2,requestId=21,at=45773936125083,thread=main
09-23 20:21:06.586 14597 14611 I D05M04  : RESULT,group=D,rep=0,point=non-normal-10ms,valid=true,submitted=21,started=2,skipped=19,finalRequestId=21,finalLabel=stress-final,finalSubmitNs=45772698900183,finalBodyLaunchNs=45773171461183,finalEngineEnterNs=45773171702783,finalEngineReturnNs=45773935768483,finalCalculatorReturnNs=45773935916283,finalPublicationNs=45773936125083,finalStartNs=472802600,finalRuntimeNs=764065700,finalPublicationLatencyNs=1237224900,activeAtFinalSubmission=1,peakConcurrency=1,obsoleteDrainNs=469063600,engineOnMain=false,finalEngineThread=DefaultDispatcher-worker-1,publicationThread=Main
09-23 20:21:06.592 14597 14597 I D05M04  : EVENT,type=submit,id=1,label=initial,at=45773945132783,thread=main,active=0
09-23 20:21:06.594 14597 14612 I D05M04  : EVENT,type=body,ordinal=1,requestId=1,at=45773947154283,thread=DefaultDispatcher-worker-1
09-23 20:21:06.595 14597 14612 I D05M04  : EVENT,type=engine-enter,ordinal=1,requestId=1,at=45773947364983,thread=DefaultDispatcher-worker-1,active=1
09-23 20:21:06.607 14597 14597 I D05M04  : EVENT,type=submit,id=2,label=stress-1,at=45773959805383,thread=main,active=1
09-23 20:21:06.624 14597 14597 I D05M04  : EVENT,type=submit,id=3,label=stress-2,at=45773976526283,thread=main,active=1
09-23 20:21:06.640 14597 14597 I D05M04  : EVENT,type=submit,id=4,label=stress-3,at=45773993085783,thread=main,active=1
09-23 20:21:06.655 14597 14597 I D05M04  : EVENT,type=submit,id=5,label=stress-4,at=45774008157983,thread=main,active=1
09-23 20:21:06.671 14597 14597 I D05M04  : EVENT,type=submit,id=6,label=stress-5,at=45774023264383,thread=main,active=1
09-23 20:21:06.688 14597 14597 I D05M04  : EVENT,type=submit,id=7,label=stress-6,at=45774040321083,thread=main,active=1
09-23 20:21:06.703 14597 14597 I D05M04  : EVENT,type=submit,id=8,label=stress-7,at=45774056064483,thread=main,active=1
09-23 20:21:06.719 14597 14597 I D05M04  : EVENT,type=submit,id=9,label=stress-8,at=45774071128183,thread=main,active=1
09-23 20:21:06.735 14597 14597 I D05M04  : EVENT,type=submit,id=10,label=stress-9,at=45774087717083,thread=main,active=1
09-23 20:21:06.750 14597 14597 I D05M04  : EVENT,type=submit,id=11,label=stress-10,at=45774102526983,thread=main,active=1
09-23 20:21:06.766 14597 14597 I D05M04  : EVENT,type=submit,id=12,label=stress-11,at=45774118637383,thread=main,active=1
09-23 20:21:06.782 14597 14597 I D05M04  : EVENT,type=submit,id=13,label=stress-12,at=45774134755683,thread=main,active=1
09-23 20:21:06.798 14597 14597 I D05M04  : EVENT,type=submit,id=14,label=stress-13,at=45774150365883,thread=main,active=1
09-23 20:21:06.814 14597 14597 I D05M04  : EVENT,type=submit,id=15,label=stress-14,at=45774166318783,thread=main,active=1
09-23 20:21:06.829 14597 14597 I D05M04  : EVENT,type=submit,id=16,label=stress-15,at=45774181761983,thread=main,active=1
09-23 20:21:06.844 14597 14597 I D05M04  : EVENT,type=submit,id=17,label=stress-16,at=45774196886183,thread=main,active=1
09-23 20:21:06.860 14597 14597 I D05M04  : EVENT,type=submit,id=18,label=stress-17,at=45774212641383,thread=main,active=1
09-23 20:21:06.876 14597 14597 I D05M04  : EVENT,type=submit,id=19,label=stress-18,at=45774228744483,thread=main,active=1
09-23 20:21:06.891 14597 14597 I D05M04  : EVENT,type=submit,id=20,label=stress-19,at=45774244082383,thread=main,active=1
09-23 20:21:06.907 14597 14597 I D05M04  : EVENT,type=submit,id=21,label=stress-final,at=45774259342983,thread=main,active=1
09-23 20:21:07.368 14597 14612 I D05M04  : EVENT,type=engine-return,ordinal=1,requestId=1,at=45774720577883,thread=DefaultDispatcher-worker-1,active=0
09-23 20:21:07.372 14597 14612 I D05M04  : EVENT,type=body,ordinal=2,requestId=21,at=45774725032983,thread=DefaultDispatcher-worker-1
09-23 20:21:07.373 14597 14612 I D05M04  : EVENT,type=engine-enter,ordinal=2,requestId=21,at=45774725281983,thread=DefaultDispatcher-worker-1,active=1
09-23 20:21:08.139 14597 14612 I D05M04  : EVENT,type=engine-return,ordinal=2,requestId=21,at=45775491592883,thread=DefaultDispatcher-worker-1,active=0
09-23 20:21:08.139 14597 14612 I D05M04  : EVENT,type=calculator-return,logical=home,ordinal=2,requestId=21,at=45775491954783,thread=DefaultDispatcher-worker-1
09-23 20:21:08.140 14597 14597 I D05M04  : EVENT,type=publication,ordinal=2,requestId=21,at=45775492290783,thread=main
09-23 20:21:08.145 14597 14611 I D05M04  : RESULT,group=D,rep=1,point=non-normal-10ms,valid=true,submitted=21,started=2,skipped=19,finalRequestId=21,finalLabel=stress-final,finalSubmitNs=45774259342983,finalBodyLaunchNs=45774725032983,finalEngineEnterNs=45774725281983,finalEngineReturnNs=45775491592883,finalCalculatorReturnNs=45775491954783,finalPublicationNs=45775492290783,finalStartNs=465939000,finalRuntimeNs=766310900,finalPublicationLatencyNs=1232947800,activeAtFinalSubmission=1,peakConcurrency=1,obsoleteDrainNs=461234900,engineOnMain=false,finalEngineThread=DefaultDispatcher-worker-1,publicationThread=Main
09-23 20:21:08.150 14597 14597 I D05M04  : EVENT,type=submit,id=1,label=initial,at=45775502743483,thread=main,active=0
09-23 20:21:08.154 14597 14612 I D05M04  : EVENT,type=body,ordinal=1,requestId=1,at=45775506682783,thread=DefaultDispatcher-worker-1
09-23 20:21:08.156 14597 14612 I D05M04  : EVENT,type=engine-enter,ordinal=1,requestId=1,at=45775508359083,thread=DefaultDispatcher-worker-1,active=1
09-23 20:21:08.170 14597 14597 I D05M04  : EVENT,type=submit,id=2,label=stress-1,at=45775522886783,thread=main,active=1
09-23 20:21:08.186 14597 14597 I D05M04  : EVENT,type=submit,id=3,label=stress-2,at=45775539015783,thread=main,active=1
09-23 20:21:08.202 14597 14597 I D05M04  : EVENT,type=submit,id=4,label=stress-3,at=45775554445483,thread=main,active=1
09-23 20:21:08.218 14597 14597 I D05M04  : EVENT,type=submit,id=5,label=stress-4,at=45775570782983,thread=main,active=1
09-23 20:21:08.233 14597 14597 I D05M04  : EVENT,type=submit,id=6,label=stress-5,at=45775586150683,thread=main,active=1
09-23 20:21:08.248 14597 14597 I D05M04  : EVENT,type=submit,id=7,label=stress-6,at=45775600618783,thread=main,active=1
09-23 20:21:08.265 14597 14597 I D05M04  : EVENT,type=submit,id=8,label=stress-7,at=45775617603983,thread=main,active=1
09-23 20:21:08.279 14597 14597 I D05M04  : EVENT,type=submit,id=9,label=stress-8,at=45775631190783,thread=main,active=1
09-23 20:21:08.295 14597 14597 I D05M04  : EVENT,type=submit,id=10,label=stress-9,at=45775647701783,thread=main,active=1
09-23 20:21:08.310 14597 14597 I D05M04  : EVENT,type=submit,id=11,label=stress-10,at=45775662193383,thread=main,active=1
09-23 20:21:08.327 14597 14597 I D05M04  : EVENT,type=submit,id=12,label=stress-11,at=45775678489283,thread=main,active=1
09-23 20:21:08.341 14597 14597 I D05M04  : EVENT,type=submit,id=13,label=stress-12,at=45775693882483,thread=main,active=1
09-23 20:21:08.356 14597 14597 I D05M04  : EVENT,type=submit,id=14,label=stress-13,at=45775708956783,thread=main,active=1
09-23 20:21:08.372 14597 14597 I D05M04  : EVENT,type=submit,id=15,label=stress-14,at=45775724447983,thread=main,active=1
09-23 20:21:08.387 14597 14597 I D05M04  : EVENT,type=submit,id=16,label=stress-15,at=45775739688583,thread=main,active=1
09-23 20:21:08.403 14597 14597 I D05M04  : EVENT,type=submit,id=17,label=stress-16,at=45775755141883,thread=main,active=1
09-23 20:21:08.434 14597 14597 I D05M04  : EVENT,type=submit,id=18,label=stress-17,at=45775786710683,thread=main,active=1
09-23 20:21:08.450 14597 14597 I D05M04  : EVENT,type=submit,id=19,label=stress-18,at=45775803017083,thread=main,active=1
09-23 20:21:08.465 14597 14597 I D05M04  : EVENT,type=submit,id=20,label=stress-19,at=45775818111883,thread=main,active=1
09-23 20:21:08.480 14597 14597 I D05M04  : EVENT,type=submit,id=21,label=stress-final,at=45775832657683,thread=main,active=1
09-23 20:21:08.964 14597 14612 I D05M04  : EVENT,type=engine-return,ordinal=1,requestId=1,at=45776316950983,thread=DefaultDispatcher-worker-1,active=0
09-23 20:21:08.968 14597 14612 I D05M04  : EVENT,type=body,ordinal=2,requestId=21,at=45776320373983,thread=DefaultDispatcher-worker-1
09-23 20:21:08.970 14597 14612 I D05M04  : EVENT,type=engine-enter,ordinal=2,requestId=21,at=45776322679283,thread=DefaultDispatcher-worker-1,active=1
09-23 20:21:09.745 14597 14612 I D05M04  : EVENT,type=engine-return,ordinal=2,requestId=21,at=45777097598883,thread=DefaultDispatcher-worker-1,active=0
09-23 20:21:09.745 14597 14612 I D05M04  : EVENT,type=calculator-return,logical=home,ordinal=2,requestId=21,at=45777097782883,thread=DefaultDispatcher-worker-1
09-23 20:21:09.747 14597 14597 I D05M04  : EVENT,type=publication,ordinal=2,requestId=21,at=45777100064983,thread=main
09-23 20:21:09.763 14597 14611 I D05M04  : RESULT,group=D,rep=2,point=non-normal-10ms,valid=true,submitted=21,started=2,skipped=19,finalRequestId=21,finalLabel=stress-final,finalSubmitNs=45775832657683,finalBodyLaunchNs=45776320373983,finalEngineEnterNs=45776322679283,finalEngineReturnNs=45777097598883,finalCalculatorReturnNs=45777097782883,finalPublicationNs=45777100064983,finalStartNs=490021600,finalRuntimeNs=774919600,finalPublicationLatencyNs=1267407300,activeAtFinalSubmission=1,peakConcurrency=1,obsoleteDrainNs=484293300,engineOnMain=false,finalEngineThread=DefaultDispatcher-worker-1,publicationThread=Main
09-23 20:21:09.766 14597 14597 I D05M04  : EVENT,type=submit,id=1,label=initial,at=45777118371083,thread=main,active=0
09-23 20:21:09.769 14597 14612 I D05M04  : EVENT,type=body,ordinal=1,requestId=1,at=45777121933683,thread=DefaultDispatcher-worker-1
09-23 20:21:09.773 14597 14612 I D05M04  : EVENT,type=engine-enter,ordinal=1,requestId=1,at=45777125392683,thread=DefaultDispatcher-worker-1,active=1
09-23 20:21:09.794 14597 14597 I D05M04  : EVENT,type=submit,id=2,label=stress-1,at=45777147087383,thread=main,active=1
09-23 20:21:09.809 14597 14597 I D05M04  : EVENT,type=submit,id=3,label=stress-2,at=45777161404083,thread=main,active=1
09-23 20:21:09.826 14597 14597 I D05M04  : EVENT,type=submit,id=4,label=stress-3,at=45777178944983,thread=main,active=1
09-23 20:21:09.841 14597 14597 I D05M04  : EVENT,type=submit,id=5,label=stress-4,at=45777193527683,thread=main,active=1
09-23 20:21:09.856 14597 14597 I D05M04  : EVENT,type=submit,id=6,label=stress-5,at=45777208982083,thread=main,active=1
09-23 20:21:09.872 14597 14597 I D05M04  : EVENT,type=submit,id=7,label=stress-6,at=45777224702483,thread=main,active=1
09-23 20:21:09.888 14597 14597 I D05M04  : EVENT,type=submit,id=8,label=stress-7,at=45777240470383,thread=main,active=1
09-23 20:21:09.904 14597 14597 I D05M04  : EVENT,type=submit,id=9,label=stress-8,at=45777256408983,thread=main,active=1
09-23 20:21:09.920 14597 14597 I D05M04  : EVENT,type=submit,id=10,label=stress-9,at=45777272472283,thread=main,active=1
09-23 20:21:09.936 14597 14597 I D05M04  : EVENT,type=submit,id=11,label=stress-10,at=45777288889483,thread=main,active=1
09-23 20:21:09.952 14597 14597 I D05M04  : EVENT,type=submit,id=12,label=stress-11,at=45777304872483,thread=main,active=1
09-23 20:21:09.967 14597 14597 I D05M04  : EVENT,type=submit,id=13,label=stress-12,at=45777319466283,thread=main,active=1
09-23 20:21:09.983 14597 14597 I D05M04  : EVENT,type=submit,id=14,label=stress-13,at=45777335906683,thread=main,active=1
09-23 20:21:10.000 14597 14597 I D05M04  : EVENT,type=submit,id=15,label=stress-14,at=45777352101183,thread=main,active=1
09-23 20:21:10.015 14597 14597 I D05M04  : EVENT,type=submit,id=16,label=stress-15,at=45777367185283,thread=main,active=1
09-23 20:21:10.030 14597 14597 I D05M04  : EVENT,type=submit,id=17,label=stress-16,at=45777382692683,thread=main,active=1
09-23 20:21:10.047 14597 14597 I D05M04  : EVENT,type=submit,id=18,label=stress-17,at=45777399293783,thread=main,active=1
09-23 20:21:10.062 14597 14597 I D05M04  : EVENT,type=submit,id=19,label=stress-18,at=45777414495583,thread=main,active=1
09-23 20:21:10.077 14597 14597 I D05M04  : EVENT,type=submit,id=20,label=stress-19,at=45777430016283,thread=main,active=1
09-23 20:21:10.092 14597 14597 I D05M04  : EVENT,type=submit,id=21,label=stress-final,at=45777445082583,thread=main,active=1
09-23 20:21:10.541 14597 14612 I D05M04  : EVENT,type=engine-return,ordinal=1,requestId=1,at=45777893621783,thread=DefaultDispatcher-worker-1,active=0
09-23 20:21:10.545 14597 14612 I D05M04  : EVENT,type=body,ordinal=2,requestId=21,at=45777897935383,thread=DefaultDispatcher-worker-1
09-23 20:21:10.546 14597 14612 I D05M04  : EVENT,type=engine-enter,ordinal=2,requestId=21,at=45777898346783,thread=DefaultDispatcher-worker-1,active=1
09-23 20:21:11.367 14597 14612 I D05M04  : EVENT,type=engine-return,ordinal=2,requestId=21,at=45778720040383,thread=DefaultDispatcher-worker-1,active=0
09-23 20:21:11.370 14597 14612 I D05M04  : EVENT,type=calculator-return,logical=home,ordinal=2,requestId=21,at=45778722681983,thread=DefaultDispatcher-worker-1
09-23 20:21:11.370 14597 14597 I D05M04  : EVENT,type=publication,ordinal=2,requestId=21,at=45778723152183,thread=main
09-23 20:21:11.378 14597 14611 I D05M04  : RESULT,group=D,rep=3,point=non-normal-10ms,valid=true,submitted=21,started=2,skipped=19,finalRequestId=21,finalLabel=stress-final,finalSubmitNs=45777445082583,finalBodyLaunchNs=45777897935383,finalEngineEnterNs=45777898346783,finalEngineReturnNs=45778720040383,finalCalculatorReturnNs=45778722681983,finalPublicationNs=45778723152183,finalStartNs=453264200,finalRuntimeNs=821693600,finalPublicationLatencyNs=1278069600,activeAtFinalSubmission=1,peakConcurrency=1,obsoleteDrainNs=448539200,engineOnMain=false,finalEngineThread=DefaultDispatcher-worker-1,publicationThread=Main
09-23 20:21:11.383 14597 14597 I D05M04  : EVENT,type=submit,id=1,label=initial,at=45778735256883,thread=main,active=0
09-23 20:21:11.385 14597 14612 I D05M04  : EVENT,type=body,ordinal=1,requestId=1,at=45778738059783,thread=DefaultDispatcher-worker-1
09-23 20:21:11.387 14597 14612 I D05M04  : EVENT,type=engine-enter,ordinal=1,requestId=1,at=45778738510383,thread=DefaultDispatcher-worker-1,active=1
09-23 20:21:11.409 14597 14597 I D05M04  : EVENT,type=submit,id=2,label=stress-1,at=45778761632383,thread=main,active=1
09-23 20:21:11.426 14597 14597 I D05M04  : EVENT,type=submit,id=3,label=stress-2,at=45778778613083,thread=main,active=1
09-23 20:21:11.441 14597 14597 I D05M04  : EVENT,type=submit,id=4,label=stress-3,at=45778794032883,thread=main,active=1
09-23 20:21:11.457 14597 14597 I D05M04  : EVENT,type=submit,id=5,label=stress-4,at=45778809214883,thread=main,active=1
09-23 20:21:11.473 14597 14597 I D05M04  : EVENT,type=submit,id=6,label=stress-5,at=45778824709083,thread=main,active=1
09-23 20:21:11.486 14597 14597 I D05M04  : EVENT,type=submit,id=7,label=stress-6,at=45778839149583,thread=main,active=1
09-23 20:21:11.502 14597 14597 I D05M04  : EVENT,type=submit,id=8,label=stress-7,at=45778854818983,thread=main,active=1
09-23 20:21:11.518 14597 14597 I D05M04  : EVENT,type=submit,id=9,label=stress-8,at=45778870697083,thread=main,active=1
09-23 20:21:11.534 14597 14597 I D05M04  : EVENT,type=submit,id=10,label=stress-9,at=45778886770183,thread=main,active=1
09-23 20:21:11.549 14597 14597 I D05M04  : EVENT,type=submit,id=11,label=stress-10,at=45778901505283,thread=main,active=1
09-23 20:21:11.565 14597 14597 I D05M04  : EVENT,type=submit,id=12,label=stress-11,at=45778917803283,thread=main,active=1
09-23 20:21:11.580 14597 14597 I D05M04  : EVENT,type=submit,id=13,label=stress-12,at=45778932539383,thread=main,active=1
09-23 20:21:11.596 14597 14597 I D05M04  : EVENT,type=submit,id=14,label=stress-13,at=45778948679883,thread=main,active=1
09-23 20:21:11.612 14597 14597 I D05M04  : EVENT,type=submit,id=15,label=stress-14,at=45778964459883,thread=main,active=1
09-23 20:21:11.628 14597 14597 I D05M04  : EVENT,type=submit,id=16,label=stress-15,at=45778980445983,thread=main,active=1
09-23 20:21:11.643 14597 14597 I D05M04  : EVENT,type=submit,id=17,label=stress-16,at=45778996105583,thread=main,active=1
09-23 20:21:11.659 14597 14597 I D05M04  : EVENT,type=submit,id=18,label=stress-17,at=45779011766383,thread=main,active=1
09-23 20:21:11.675 14597 14597 I D05M04  : EVENT,type=submit,id=19,label=stress-18,at=45779027796883,thread=main,active=1
09-23 20:21:11.691 14597 14597 I D05M04  : EVENT,type=submit,id=20,label=stress-19,at=45779043498383,thread=main,active=1
09-23 20:21:11.706 14597 14597 I D05M04  : EVENT,type=submit,id=21,label=stress-final,at=45779058940183,thread=main,active=1
09-23 20:21:12.198 14597 14612 I D05M04  : EVENT,type=engine-return,ordinal=1,requestId=1,at=45779550826883,thread=DefaultDispatcher-worker-1,active=0
09-23 20:21:12.204 14597 14612 I D05M04  : EVENT,type=body,ordinal=2,requestId=21,at=45779556315083,thread=DefaultDispatcher-worker-1
09-23 20:21:12.205 14597 14612 I D05M04  : EVENT,type=engine-enter,ordinal=2,requestId=21,at=45779557153883,thread=DefaultDispatcher-worker-1,active=1
09-23 20:21:12.966 14597 14612 I D05M04  : EVENT,type=engine-return,ordinal=2,requestId=21,at=45780318621583,thread=DefaultDispatcher-worker-1,active=0
09-23 20:21:12.966 14597 14612 I D05M04  : EVENT,type=calculator-return,logical=home,ordinal=2,requestId=21,at=45780318882483,thread=DefaultDispatcher-worker-1
09-23 20:21:12.967 14597 14597 I D05M04  : EVENT,type=publication,ordinal=2,requestId=21,at=45780319326283,thread=main
09-23 20:21:12.969 14597 14611 I D05M04  : RESULT,group=D,rep=4,point=non-normal-10ms,valid=true,submitted=21,started=2,skipped=19,finalRequestId=21,finalLabel=stress-final,finalSubmitNs=45779058940183,finalBodyLaunchNs=45779556315083,finalEngineEnterNs=45779557153883,finalEngineReturnNs=45780318621583,finalCalculatorReturnNs=45780318882483,finalPublicationNs=45780319326283,finalStartNs=498213700,finalRuntimeNs=761467700,finalPublicationLatencyNs=1260386100,activeAtFinalSubmission=1,peakConcurrency=1,obsoleteDrainNs=491886700,engineOnMain=false,finalEngineThread=DefaultDispatcher-worker-1,publicationThread=Main
09-23 20:21:12.973 14597 14597 I D05M04  : EVENT,type=submit,id=1,label=initial,at=45780325860783,thread=main,active=0
09-23 20:21:12.976 14597 14612 I D05M04  : EVENT,type=body,ordinal=1,requestId=1,at=45780328613683,thread=DefaultDispatcher-worker-1
09-23 20:21:12.977 14597 14612 I D05M04  : EVENT,type=engine-enter,ordinal=1,requestId=1,at=45780329314483,thread=DefaultDispatcher-worker-1,active=1
09-23 20:21:12.989 14597 14597 I D05M04  : EVENT,type=submit,id=2,label=stress-1,at=45780341833283,thread=main,active=1
09-23 20:21:13.004 14597 14597 I D05M04  : EVENT,type=submit,id=3,label=stress-2,at=45780357117483,thread=main,active=1
09-23 20:21:13.019 14597 14597 I D05M04  : EVENT,type=submit,id=4,label=stress-3,at=45780372011583,thread=main,active=1
09-23 20:21:13.036 14597 14597 I D05M04  : EVENT,type=submit,id=5,label=stress-4,at=45780389033383,thread=main,active=1
09-23 20:21:13.052 14597 14597 I D05M04  : EVENT,type=submit,id=6,label=stress-5,at=45780404335983,thread=main,active=1
09-23 20:21:13.066 14597 14597 I D05M04  : EVENT,type=submit,id=7,label=stress-6,at=45780418873783,thread=main,active=1
09-23 20:21:13.082 14597 14597 I D05M04  : EVENT,type=submit,id=8,label=stress-7,at=45780434670683,thread=main,active=1
09-23 20:21:13.097 14597 14597 I D05M04  : EVENT,type=submit,id=9,label=stress-8,at=45780449815683,thread=main,active=1
09-23 20:21:13.113 14597 14597 I D05M04  : EVENT,type=submit,id=10,label=stress-9,at=45780465472683,thread=main,active=1
09-23 20:21:13.128 14597 14597 I D05M04  : EVENT,type=submit,id=11,label=stress-10,at=45780480865783,thread=main,active=1
09-23 20:21:13.144 14597 14597 I D05M04  : EVENT,type=submit,id=12,label=stress-11,at=45780496650383,thread=main,active=1
09-23 20:21:13.161 14597 14597 I D05M04  : EVENT,type=submit,id=13,label=stress-12,at=45780513471983,thread=main,active=1
09-23 20:21:13.177 14597 14597 I D05M04  : EVENT,type=submit,id=14,label=stress-13,at=45780529616483,thread=main,active=1
09-23 20:21:13.193 14597 14597 I D05M04  : EVENT,type=submit,id=15,label=stress-14,at=45780545588783,thread=main,active=1
09-23 20:21:13.208 14597 14597 I D05M04  : EVENT,type=submit,id=16,label=stress-15,at=45780561099483,thread=main,active=1
09-23 20:21:13.224 14597 14597 I D05M04  : EVENT,type=submit,id=17,label=stress-16,at=45780576675483,thread=main,active=1
09-23 20:21:13.239 14597 14597 I D05M04  : EVENT,type=submit,id=18,label=stress-17,at=45780591579983,thread=main,active=1
09-23 20:21:13.255 14597 14597 I D05M04  : EVENT,type=submit,id=19,label=stress-18,at=45780607612083,thread=main,active=1
09-23 20:21:13.270 14597 14597 I D05M04  : EVENT,type=submit,id=20,label=stress-19,at=45780622766583,thread=main,active=1
09-23 20:21:13.286 14597 14597 I D05M04  : EVENT,type=submit,id=21,label=stress-final,at=45780638411283,thread=main,active=1
09-23 20:21:13.794 14597 14612 I D05M04  : EVENT,type=engine-return,ordinal=1,requestId=1,at=45781146528283,thread=DefaultDispatcher-worker-1,active=0
09-23 20:21:13.797 14597 14612 I D05M04  : EVENT,type=body,ordinal=2,requestId=21,at=45781149820683,thread=DefaultDispatcher-worker-1
09-23 20:21:13.797 14597 14612 I D05M04  : EVENT,type=engine-enter,ordinal=2,requestId=21,at=45781150075883,thread=DefaultDispatcher-worker-1,active=1
09-23 20:21:14.553 14597 14612 I D05M04  : EVENT,type=engine-return,ordinal=2,requestId=21,at=45781905912783,thread=DefaultDispatcher-worker-1,active=0
09-23 20:21:14.559 14597 14612 I D05M04  : EVENT,type=body,ordinal=3,requestId=21,at=45781910736983,thread=DefaultDispatcher-worker-1
09-23 20:21:14.560 14597 14612 I D05M04  : EVENT,type=engine-enter,ordinal=3,requestId=21,at=45781912866183,thread=DefaultDispatcher-worker-1,active=1
09-23 20:21:15.314 14597 14612 I D05M04  : EVENT,type=engine-return,ordinal=3,requestId=21,at=45782666161283,thread=DefaultDispatcher-worker-1,active=0
09-23 20:21:15.314 14597 14612 I D05M04  : EVENT,type=calculator-return,logical=home,ordinal=3,requestId=21,at=45782666358183,thread=DefaultDispatcher-worker-1
09-23 20:21:15.314 14597 14597 I D05M04  : EVENT,type=publication,ordinal=3,requestId=21,at=45782666744883,thread=main
09-23 20:21:15.329 14597 14611 I D05M04  : RESULT,group=D,rep=5,point=non-normal-10ms,valid=true,submitted=21,started=3,skipped=18,finalRequestId=21,finalLabel=stress-final,finalSubmitNs=45780638411283,finalBodyLaunchNs=45781910736983,finalEngineEnterNs=45781912866183,finalEngineReturnNs=45782666161283,finalCalculatorReturnNs=45782666358183,finalPublicationNs=45782666744883,finalStartNs=1274454900,finalRuntimeNs=753295100,finalPublicationLatencyNs=2028333600,activeAtFinalSubmission=1,peakConcurrency=1,obsoleteDrainNs=508117000,engineOnMain=false,finalEngineThread=DefaultDispatcher-worker-1,publicationThread=Main
09-23 20:21:15.331 14597 14597 I D05M04  : EVENT,type=submit,id=1,label=initial,at=45782683721983,thread=main,active=0
09-23 20:21:15.335 14597 14612 I D05M04  : EVENT,type=body,ordinal=1,requestId=1,at=45782687648283,thread=DefaultDispatcher-worker-1
09-23 20:21:15.336 14597 14612 I D05M04  : EVENT,type=engine-enter,ordinal=1,requestId=1,at=45782688599283,thread=DefaultDispatcher-worker-1,active=1
09-23 20:21:15.360 14597 14597 I D05M04  : EVENT,type=submit,id=2,label=stress-1,at=45782713130483,thread=main,active=1
09-23 20:21:15.376 14597 14597 I D05M04  : EVENT,type=submit,id=3,label=stress-2,at=45782728274283,thread=main,active=1
09-23 20:21:15.391 14597 14597 I D05M04  : EVENT,type=submit,id=4,label=stress-3,at=45782744133883,thread=main,active=1
09-23 20:21:15.407 14597 14597 I D05M04  : EVENT,type=submit,id=5,label=stress-4,at=45782759343583,thread=main,active=1
09-23 20:21:15.422 14597 14597 I D05M04  : EVENT,type=submit,id=6,label=stress-5,at=45782774488683,thread=main,active=1
09-23 20:21:15.438 14597 14597 I D05M04  : EVENT,type=submit,id=7,label=stress-6,at=45782790245083,thread=main,active=1
09-23 20:21:15.453 14597 14597 I D05M04  : EVENT,type=submit,id=8,label=stress-7,at=45782805779783,thread=main,active=1
09-23 20:21:15.469 14597 14597 I D05M04  : EVENT,type=submit,id=9,label=stress-8,at=45782821506383,thread=main,active=1
09-23 20:21:15.485 14597 14597 I D05M04  : EVENT,type=submit,id=10,label=stress-9,at=45782837458183,thread=main,active=1
09-23 20:21:15.499 14597 14597 I D05M04  : EVENT,type=submit,id=11,label=stress-10,at=45782852140783,thread=main,active=1
09-23 20:21:15.515 14597 14597 I D05M04  : EVENT,type=submit,id=12,label=stress-11,at=45782868105883,thread=main,active=1
09-23 20:21:15.531 14597 14597 I D05M04  : EVENT,type=submit,id=13,label=stress-12,at=45782883239883,thread=main,active=1
09-23 20:21:15.548 14597 14597 I D05M04  : EVENT,type=submit,id=14,label=stress-13,at=45782900527083,thread=main,active=1
09-23 20:21:15.563 14597 14597 I D05M04  : EVENT,type=submit,id=15,label=stress-14,at=45782915839283,thread=main,active=1
09-23 20:21:15.579 14597 14597 I D05M04  : EVENT,type=submit,id=16,label=stress-15,at=45782931528383,thread=main,active=1
09-23 20:21:15.595 14597 14597 I D05M04  : EVENT,type=submit,id=17,label=stress-16,at=45782947281283,thread=main,active=1
09-23 20:21:15.610 14597 14597 I D05M04  : EVENT,type=submit,id=18,label=stress-17,at=45782962471083,thread=main,active=1
09-23 20:21:15.624 14597 14597 I D05M04  : EVENT,type=submit,id=19,label=stress-18,at=45782977092783,thread=main,active=1
09-23 20:21:15.641 14597 14597 I D05M04  : EVENT,type=submit,id=20,label=stress-19,at=45782993154983,thread=main,active=1
09-23 20:21:15.655 14597 14597 I D05M04  : EVENT,type=submit,id=21,label=stress-final,at=45783008057083,thread=main,active=1
09-23 20:21:16.111 14597 14612 I D05M04  : EVENT,type=engine-return,ordinal=1,requestId=1,at=45783464003383,thread=DefaultDispatcher-worker-1,active=0
09-23 20:21:16.114 14597 14612 I D05M04  : EVENT,type=body,ordinal=2,requestId=21,at=45783466928983,thread=DefaultDispatcher-worker-1
09-23 20:21:16.114 14597 14612 I D05M04  : EVENT,type=engine-enter,ordinal=2,requestId=21,at=45783467148483,thread=DefaultDispatcher-worker-1,active=1
09-23 20:21:16.899 14597 14612 I D05M04  : EVENT,type=engine-return,ordinal=2,requestId=21,at=45784251832783,thread=DefaultDispatcher-worker-1,active=0
09-23 20:21:16.900 14597 14612 I D05M04  : EVENT,type=calculator-return,logical=home,ordinal=2,requestId=21,at=45784252156483,thread=DefaultDispatcher-worker-1
09-23 20:21:16.900 14597 14597 I D05M04  : EVENT,type=publication,ordinal=2,requestId=21,at=45784252490883,thread=main
09-23 20:21:16.904 14597 14611 I D05M04  : RESULT,group=D,rep=6,point=non-normal-10ms,valid=true,submitted=21,started=2,skipped=19,finalRequestId=21,finalLabel=stress-final,finalSubmitNs=45783008057083,finalBodyLaunchNs=45783466928983,finalEngineEnterNs=45783467148483,finalEngineReturnNs=45784251832783,finalCalculatorReturnNs=45784252156483,finalPublicationNs=45784252490883,finalStartNs=459091400,finalRuntimeNs=784684300,finalPublicationLatencyNs=1244433800,activeAtFinalSubmission=1,peakConcurrency=1,obsoleteDrainNs=455946300,engineOnMain=false,finalEngineThread=DefaultDispatcher-worker-1,publicationThread=Main
09-23 20:21:16.907 14597 14597 I D05M04  : EVENT,type=submit,id=1,label=initial,at=45784259696883,thread=main,active=0
09-23 20:21:16.908 14597 14612 I D05M04  : EVENT,type=body,ordinal=1,requestId=1,at=45784260335383,thread=DefaultDispatcher-worker-1
09-23 20:21:16.908 14597 14612 I D05M04  : EVENT,type=engine-enter,ordinal=1,requestId=1,at=45784260523183,thread=DefaultDispatcher-worker-1,active=1
09-23 20:21:16.929 14597 14597 I D05M04  : EVENT,type=submit,id=2,label=stress-1,at=45784282027483,thread=main,active=1
09-23 20:21:16.944 14597 14597 I D05M04  : EVENT,type=submit,id=3,label=stress-2,at=45784297060683,thread=main,active=1
09-23 20:21:16.961 14597 14597 I D05M04  : EVENT,type=submit,id=4,label=stress-3,at=45784313270983,thread=main,active=1
09-23 20:21:16.977 14597 14597 I D05M04  : EVENT,type=submit,id=5,label=stress-4,at=45784329874683,thread=main,active=1
09-23 20:21:16.992 14597 14597 I D05M04  : EVENT,type=submit,id=6,label=stress-5,at=45784344798383,thread=main,active=1
09-23 20:21:17.008 14597 14597 I D05M04  : EVENT,type=submit,id=7,label=stress-6,at=45784360877783,thread=main,active=1
09-23 20:21:17.023 14597 14597 I D05M04  : EVENT,type=submit,id=8,label=stress-7,at=45784375778283,thread=main,active=1
09-23 20:21:17.039 14597 14597 I D05M04  : EVENT,type=submit,id=9,label=stress-8,at=45784391331883,thread=main,active=1
09-23 20:21:17.054 14597 14597 I D05M04  : EVENT,type=submit,id=10,label=stress-9,at=45784406686083,thread=main,active=1
09-23 20:21:17.070 14597 14597 I D05M04  : EVENT,type=submit,id=11,label=stress-10,at=45784422977683,thread=main,active=1
09-23 20:21:17.085 14597 14597 I D05M04  : EVENT,type=submit,id=12,label=stress-11,at=45784437989883,thread=main,active=1
09-23 20:21:17.102 14597 14597 I D05M04  : EVENT,type=submit,id=13,label=stress-12,at=45784454221983,thread=main,active=1
09-23 20:21:17.117 14597 14597 I D05M04  : EVENT,type=submit,id=14,label=stress-13,at=45784469429483,thread=main,active=1
09-23 20:21:17.132 14597 14597 I D05M04  : EVENT,type=submit,id=15,label=stress-14,at=45784484947883,thread=main,active=1
09-23 20:21:17.150 14597 14597 I D05M04  : EVENT,type=submit,id=16,label=stress-15,at=45784502960983,thread=main,active=1
09-23 20:21:17.178 14597 14597 I D05M04  : EVENT,type=submit,id=17,label=stress-16,at=45784530956783,thread=main,active=1
09-23 20:21:17.196 14597 14597 I D05M04  : EVENT,type=submit,id=18,label=stress-17,at=45784548565783,thread=main,active=1
09-23 20:21:17.210 14597 14597 I D05M04  : EVENT,type=submit,id=19,label=stress-18,at=45784563049283,thread=main,active=1
09-23 20:21:17.226 14597 14597 I D05M04  : EVENT,type=submit,id=20,label=stress-19,at=45784578319883,thread=main,active=1
09-23 20:21:17.241 14597 14597 I D05M04  : EVENT,type=submit,id=21,label=stress-final,at=45784593653583,thread=main,active=1
09-23 20:21:17.704 14597 14612 I D05M04  : EVENT,type=engine-return,ordinal=1,requestId=1,at=45785056873183,thread=DefaultDispatcher-worker-1,active=0
09-23 20:21:17.709 14597 14612 I D05M04  : EVENT,type=body,ordinal=2,requestId=21,at=45785061789983,thread=DefaultDispatcher-worker-1
09-23 20:21:17.710 14597 14612 I D05M04  : EVENT,type=engine-enter,ordinal=2,requestId=21,at=45785062168583,thread=DefaultDispatcher-worker-1,active=1
09-23 20:21:18.475 14597 14612 I D05M04  : EVENT,type=engine-return,ordinal=2,requestId=21,at=45785827671983,thread=DefaultDispatcher-worker-1,active=0
09-23 20:21:18.475 14597 14612 I D05M04  : EVENT,type=calculator-return,logical=home,ordinal=2,requestId=21,at=45785827878283,thread=DefaultDispatcher-worker-1
09-23 20:21:18.478 14597 14597 I D05M04  : EVENT,type=publication,ordinal=2,requestId=21,at=45785830613783,thread=main
09-23 20:21:18.494 14597 14611 I D05M04  : RESULT,group=D,rep=7,point=non-normal-10ms,valid=true,submitted=21,started=2,skipped=19,finalRequestId=21,finalLabel=stress-final,finalSubmitNs=45784593653583,finalBodyLaunchNs=45785061789983,finalEngineEnterNs=45785062168583,finalEngineReturnNs=45785827671983,finalCalculatorReturnNs=45785827878283,finalPublicationNs=45785830613783,finalStartNs=468515000,finalRuntimeNs=765503400,finalPublicationLatencyNs=1236960200,activeAtFinalSubmission=1,peakConcurrency=1,obsoleteDrainNs=463219600,engineOnMain=false,finalEngineThread=DefaultDispatcher-worker-1,publicationThread=Main
09-23 20:21:18.497 14597 14597 I D05M04  : EVENT,type=submit,id=1,label=initial,at=45785850163583,thread=main,active=0
09-23 20:21:18.498 14597 14612 I D05M04  : EVENT,type=body,ordinal=1,requestId=1,at=45785850918783,thread=DefaultDispatcher-worker-1
09-23 20:21:18.498 14597 14612 I D05M04  : EVENT,type=engine-enter,ordinal=1,requestId=1,at=45785851165683,thread=DefaultDispatcher-worker-1,active=1
09-23 20:21:18.511 14597 14597 I D05M04  : EVENT,type=submit,id=2,label=stress-1,at=45785863817483,thread=main,active=1
09-23 20:21:18.541 14597 14597 I D05M04  : EVENT,type=submit,id=3,label=stress-2,at=45785894068483,thread=main,active=1
09-23 20:21:18.556 14597 14597 I D05M04  : EVENT,type=submit,id=4,label=stress-3,at=45785908604283,thread=main,active=1
09-23 20:21:18.572 14597 14597 I D05M04  : EVENT,type=submit,id=5,label=stress-4,at=45785924284283,thread=main,active=1
09-23 20:21:18.588 14597 14597 I D05M04  : EVENT,type=submit,id=6,label=stress-5,at=45785940217983,thread=main,active=1
09-23 20:21:18.604 14597 14597 I D05M04  : EVENT,type=submit,id=7,label=stress-6,at=45785956662183,thread=main,active=1
09-23 20:21:18.619 14597 14597 I D05M04  : EVENT,type=submit,id=8,label=stress-7,at=45785972036083,thread=main,active=1
09-23 20:21:18.636 14597 14597 I D05M04  : EVENT,type=submit,id=9,label=stress-8,at=45785989147583,thread=main,active=1
09-23 20:21:18.649 14597 14597 I D05M04  : EVENT,type=submit,id=10,label=stress-9,at=45786002106483,thread=main,active=1
09-23 20:21:18.666 14597 14597 I D05M04  : EVENT,type=submit,id=11,label=stress-10,at=45786018249983,thread=main,active=1
09-23 20:21:18.681 14597 14597 I D05M04  : EVENT,type=submit,id=12,label=stress-11,at=45786034143783,thread=main,active=1
09-23 20:21:18.697 14597 14597 I D05M04  : EVENT,type=submit,id=13,label=stress-12,at=45786049488083,thread=main,active=1
09-23 20:21:18.713 14597 14597 I D05M04  : EVENT,type=submit,id=14,label=stress-13,at=45786065274583,thread=main,active=1
09-23 20:21:18.728 14597 14597 I D05M04  : EVENT,type=submit,id=15,label=stress-14,at=45786080771983,thread=main,active=1
09-23 20:21:18.744 14597 14597 I D05M04  : EVENT,type=submit,id=16,label=stress-15,at=45786096456483,thread=main,active=1
09-23 20:21:18.760 14597 14597 I D05M04  : EVENT,type=submit,id=17,label=stress-16,at=45786112844483,thread=main,active=1
09-23 20:21:18.776 14597 14597 I D05M04  : EVENT,type=submit,id=18,label=stress-17,at=45786129125483,thread=main,active=1
09-23 20:21:18.791 14597 14597 I D05M04  : EVENT,type=submit,id=19,label=stress-18,at=45786144086883,thread=main,active=1
09-23 20:21:18.807 14597 14597 I D05M04  : EVENT,type=submit,id=20,label=stress-19,at=45786159409083,thread=main,active=1
09-23 20:21:18.824 14597 14597 I D05M04  : EVENT,type=submit,id=21,label=stress-final,at=45786176245983,thread=main,active=1
09-23 20:21:19.270 14597 14612 I D05M04  : EVENT,type=engine-return,ordinal=1,requestId=1,at=45786623095083,thread=DefaultDispatcher-worker-1,active=0
09-23 20:21:19.275 14597 14612 I D05M04  : EVENT,type=body,ordinal=2,requestId=21,at=45786627328383,thread=DefaultDispatcher-worker-1
09-23 20:21:19.275 14597 14612 I D05M04  : EVENT,type=engine-enter,ordinal=2,requestId=21,at=45786627563983,thread=DefaultDispatcher-worker-1,active=1
09-23 20:21:20.035 14597 14612 I D05M04  : EVENT,type=engine-return,ordinal=2,requestId=21,at=45787388028983,thread=DefaultDispatcher-worker-1,active=0
09-23 20:21:20.036 14597 14612 I D05M04  : EVENT,type=calculator-return,logical=home,ordinal=2,requestId=21,at=45787388237483,thread=DefaultDispatcher-worker-1
09-23 20:21:20.036 14597 14597 I D05M04  : EVENT,type=publication,ordinal=2,requestId=21,at=45787388517183,thread=main
09-23 20:21:20.039 14597 14611 I D05M04  : RESULT,group=D,rep=8,point=non-normal-10ms,valid=true,submitted=21,started=2,skipped=19,finalRequestId=21,finalLabel=stress-final,finalSubmitNs=45786176245983,finalBodyLaunchNs=45786627328383,finalEngineEnterNs=45786627563983,finalEngineReturnNs=45787388028983,finalCalculatorReturnNs=45787388237483,finalPublicationNs=45787388517183,finalStartNs=451318000,finalRuntimeNs=760465000,finalPublicationLatencyNs=1212271200,activeAtFinalSubmission=1,peakConcurrency=1,obsoleteDrainNs=446849100,engineOnMain=false,finalEngineThread=DefaultDispatcher-worker-1,publicationThread=Main
09-23 20:21:20.041 14597 14597 I D05M04  : EVENT,type=submit,id=1,label=initial,at=45787393628383,thread=main,active=0
09-23 20:21:20.045 14597 14612 I D05M04  : EVENT,type=body,ordinal=1,requestId=1,at=45787398088783,thread=DefaultDispatcher-worker-1
09-23 20:21:20.047 14597 14612 I D05M04  : EVENT,type=engine-enter,ordinal=1,requestId=1,at=45787399686383,thread=DefaultDispatcher-worker-1,active=1
09-23 20:21:20.064 14597 14597 I D05M04  : EVENT,type=submit,id=2,label=stress-1,at=45787417141883,thread=main,active=1
09-23 20:21:20.091 14597 14597 I D05M04  : EVENT,type=submit,id=3,label=stress-2,at=45787443919583,thread=main,active=1
09-23 20:21:20.107 14597 14597 I D05M04  : EVENT,type=submit,id=4,label=stress-3,at=45787459939283,thread=main,active=1
09-23 20:21:20.138 14597 14597 I D05M04  : EVENT,type=submit,id=5,label=stress-4,at=45787490284583,thread=main,active=1
09-23 20:21:20.153 14597 14597 I D05M04  : EVENT,type=submit,id=6,label=stress-5,at=45787505586883,thread=main,active=1
09-23 20:21:20.169 14597 14597 I D05M04  : EVENT,type=submit,id=7,label=stress-6,at=45787522153083,thread=main,active=1
09-23 20:21:20.183 14597 14597 I D05M04  : EVENT,type=submit,id=8,label=stress-7,at=45787535844683,thread=main,active=1
09-23 20:21:20.199 14597 14597 I D05M04  : EVENT,type=submit,id=9,label=stress-8,at=45787551650183,thread=main,active=1
09-23 20:21:20.215 14597 14597 I D05M04  : EVENT,type=submit,id=10,label=stress-9,at=45787567105083,thread=main,active=1
09-23 20:21:20.230 14597 14597 I D05M04  : EVENT,type=submit,id=11,label=stress-10,at=45787582884383,thread=main,active=1
09-23 20:21:20.245 14597 14597 I D05M04  : EVENT,type=submit,id=12,label=stress-11,at=45787598060983,thread=main,active=1
09-23 20:21:20.260 14597 14597 I D05M04  : EVENT,type=submit,id=13,label=stress-12,at=45787612860583,thread=main,active=1
09-23 20:21:20.275 14597 14597 I D05M04  : EVENT,type=submit,id=14,label=stress-13,at=45787627787183,thread=main,active=1
09-23 20:21:20.292 14597 14597 I D05M04  : EVENT,type=submit,id=15,label=stress-14,at=45787645016483,thread=main,active=1
09-23 20:21:20.306 14597 14597 I D05M04  : EVENT,type=submit,id=16,label=stress-15,at=45787658696983,thread=main,active=1
09-23 20:21:20.322 14597 14597 I D05M04  : EVENT,type=submit,id=17,label=stress-16,at=45787674558483,thread=main,active=1
09-23 20:21:20.339 14597 14597 I D05M04  : EVENT,type=submit,id=18,label=stress-17,at=45787691595983,thread=main,active=1
09-23 20:21:20.368 14597 14597 I D05M04  : EVENT,type=submit,id=19,label=stress-18,at=45787721012283,thread=main,active=1
09-23 20:21:20.383 14597 14597 I D05M04  : EVENT,type=submit,id=20,label=stress-19,at=45787735880383,thread=main,active=1
09-23 20:21:20.399 14597 14597 I D05M04  : EVENT,type=submit,id=21,label=stress-final,at=45787751353183,thread=main,active=1
09-23 20:21:20.827 14597 14612 I D05M04  : EVENT,type=engine-return,ordinal=1,requestId=1,at=45788179217583,thread=DefaultDispatcher-worker-1,active=0
09-23 20:21:20.829 14597 14612 I D05M04  : EVENT,type=body,ordinal=2,requestId=21,at=45788181412583,thread=DefaultDispatcher-worker-1
09-23 20:21:20.832 14597 14612 I D05M04  : EVENT,type=body,ordinal=3,requestId=21,at=45788184754983,thread=DefaultDispatcher-worker-1
09-23 20:21:20.832 14597 14612 I D05M04  : EVENT,type=engine-enter,ordinal=3,requestId=21,at=45788185143383,thread=DefaultDispatcher-worker-1,active=1
09-23 20:21:21.589 14597 14612 I D05M04  : EVENT,type=engine-return,ordinal=3,requestId=21,at=45788941488383,thread=DefaultDispatcher-worker-1,active=0
09-23 20:21:21.589 14597 14612 I D05M04  : EVENT,type=calculator-return,logical=home,ordinal=3,requestId=21,at=45788941733383,thread=DefaultDispatcher-worker-1
09-23 20:21:21.589 14597 14597 I D05M04  : EVENT,type=publication,ordinal=3,requestId=21,at=45788942101283,thread=main
09-23 20:21:21.592 14597 14611 I D05M04  : RESULT,group=D,rep=9,point=non-normal-10ms,valid=true,submitted=21,started=3,skipped=18,finalRequestId=21,finalLabel=stress-final,finalSubmitNs=45787751353183,finalBodyLaunchNs=45788184754983,finalEngineEnterNs=45788185143383,finalEngineReturnNs=45788941488383,finalCalculatorReturnNs=45788941733383,finalPublicationNs=45788942101283,finalStartNs=433790200,finalRuntimeNs=756345000,finalPublicationLatencyNs=1190748100,activeAtFinalSubmission=1,peakConcurrency=1,obsoleteDrainNs=427864400,engineOnMain=false,finalEngineThread=DefaultDispatcher-worker-1,publicationThread=Main
09-23 20:21:21.601 14597 14597 I D05M04  : EVENT,type=submit,id=1,label=initial,at=45788953244983,thread=main,active=0
09-23 20:21:21.604 14597 14612 I D05M04  : EVENT,type=body,ordinal=1,requestId=1,at=45788956443083,thread=DefaultDispatcher-worker-1
09-23 20:21:21.604 14597 14612 I D05M04  : EVENT,type=engine-enter,ordinal=1,requestId=1,at=45788957075883,thread=DefaultDispatcher-worker-1,active=1
09-23 20:21:21.615 14597 14597 I D05M04  : EVENT,type=submit,id=2,label=stress-1,at=45788967497783,thread=main,active=1
09-23 20:21:21.631 14597 14597 I D05M04  : EVENT,type=submit,id=3,label=stress-2,at=45788983855683,thread=main,active=1
09-23 20:21:21.647 14597 14597 I D05M04  : EVENT,type=submit,id=4,label=stress-3,at=45788998727383,thread=main,active=1
09-23 20:21:21.662 14597 14597 I D05M04  : EVENT,type=submit,id=5,label=stress-4,at=45789014742783,thread=main,active=1
09-23 20:21:21.677 14597 14597 I D05M04  : EVENT,type=submit,id=6,label=stress-5,at=45789029835483,thread=main,active=1
09-23 20:21:21.692 14597 14597 I D05M04  : EVENT,type=submit,id=7,label=stress-6,at=45789044787583,thread=main,active=1
09-23 20:21:21.708 14597 14597 I D05M04  : EVENT,type=submit,id=8,label=stress-7,at=45789060577983,thread=main,active=1
09-23 20:21:21.724 14597 14597 I D05M04  : EVENT,type=submit,id=9,label=stress-8,at=45789076880483,thread=main,active=1
09-23 20:21:21.739 14597 14597 I D05M04  : EVENT,type=submit,id=10,label=stress-9,at=45789091556283,thread=main,active=1
09-23 20:21:21.755 14597 14597 I D05M04  : EVENT,type=submit,id=11,label=stress-10,at=45789107935683,thread=main,active=1
09-23 20:21:21.773 14597 14597 I D05M04  : EVENT,type=submit,id=12,label=stress-11,at=45789125808183,thread=main,active=1
09-23 20:21:21.787 14597 14597 I D05M04  : EVENT,type=submit,id=13,label=stress-12,at=45789139389983,thread=main,active=1
09-23 20:21:21.802 14597 14597 I D05M04  : EVENT,type=submit,id=14,label=stress-13,at=45789154409683,thread=main,active=1
09-23 20:21:21.819 14597 14597 I D05M04  : EVENT,type=submit,id=15,label=stress-14,at=45789171264583,thread=main,active=1
09-23 20:21:21.835 14597 14597 I D05M04  : EVENT,type=submit,id=16,label=stress-15,at=45789187310183,thread=main,active=1
09-23 20:21:21.850 14597 14597 I D05M04  : EVENT,type=submit,id=17,label=stress-16,at=45789202799583,thread=main,active=1
09-23 20:21:21.865 14597 14597 I D05M04  : EVENT,type=submit,id=18,label=stress-17,at=45789217452683,thread=main,active=1
09-23 20:21:21.881 14597 14597 I D05M04  : EVENT,type=submit,id=19,label=stress-18,at=45789233358383,thread=main,active=1
09-23 20:21:21.896 14597 14597 I D05M04  : EVENT,type=submit,id=20,label=stress-19,at=45789248769483,thread=main,active=1
09-23 20:21:21.913 14597 14597 I D05M04  : EVENT,type=submit,id=21,label=stress-final,at=45789265128383,thread=main,active=1
09-23 20:21:22.386 14597 14612 I D05M04  : EVENT,type=engine-return,ordinal=1,requestId=1,at=45789739049383,thread=DefaultDispatcher-worker-1,active=0
09-23 20:21:22.391 14597 14612 I D05M04  : EVENT,type=body,ordinal=2,requestId=21,at=45789743902883,thread=DefaultDispatcher-worker-1
09-23 20:21:22.391 14597 14612 I D05M04  : EVENT,type=engine-enter,ordinal=2,requestId=21,at=45789744149183,thread=DefaultDispatcher-worker-1,active=1
09-23 20:21:23.183 14597 14612 I D05M04  : EVENT,type=engine-return,ordinal=2,requestId=21,at=45790535756383,thread=DefaultDispatcher-worker-1,active=0
09-23 20:21:23.183 14597 14612 I D05M04  : EVENT,type=calculator-return,logical=home,ordinal=2,requestId=21,at=45790535951083,thread=DefaultDispatcher-worker-1
09-23 20:21:23.184 14597 14597 I D05M04  : EVENT,type=publication,ordinal=2,requestId=21,at=45790536377283,thread=main
09-23 20:21:23.186 14597 14611 I D05M04  : RESULT,group=D,rep=10,point=non-normal-10ms,valid=true,submitted=21,started=2,skipped=19,finalRequestId=21,finalLabel=stress-final,finalSubmitNs=45789265128383,finalBodyLaunchNs=45789743902883,finalEngineEnterNs=45789744149183,finalEngineReturnNs=45790535756383,finalCalculatorReturnNs=45790535951083,finalPublicationNs=45790536377283,finalStartNs=479020800,finalRuntimeNs=791607200,finalPublicationLatencyNs=1271248900,activeAtFinalSubmission=1,peakConcurrency=1,obsoleteDrainNs=473921000,engineOnMain=false,finalEngineThread=DefaultDispatcher-worker-1,publicationThread=Main
09-23 20:21:23.190 14597 14597 I D05M04  : EVENT,type=submit,id=1,label=initial,at=45790543030583,thread=main,active=0
09-23 20:21:23.193 14597 14612 I D05M04  : EVENT,type=body,ordinal=1,requestId=1,at=45790545515883,thread=DefaultDispatcher-worker-1
09-23 20:21:23.194 14597 14612 I D05M04  : EVENT,type=engine-enter,ordinal=1,requestId=1,at=45790546106583,thread=DefaultDispatcher-worker-1,active=1
09-23 20:21:23.206 14597 14597 I D05M04  : EVENT,type=submit,id=2,label=stress-1,at=45790558344083,thread=main,active=1
09-23 20:21:23.222 14597 14597 I D05M04  : EVENT,type=submit,id=3,label=stress-2,at=45790574687383,thread=main,active=1
09-23 20:21:23.237 14597 14597 I D05M04  : EVENT,type=submit,id=4,label=stress-3,at=45790589881083,thread=main,active=1
09-23 20:21:23.254 14597 14597 I D05M04  : EVENT,type=submit,id=5,label=stress-4,at=45790606571183,thread=main,active=1
09-23 20:21:23.270 14597 14597 I D05M04  : EVENT,type=submit,id=6,label=stress-5,at=45790622462183,thread=main,active=1
09-23 20:21:23.286 14597 14597 I D05M04  : EVENT,type=submit,id=7,label=stress-6,at=45790638538783,thread=main,active=1
09-23 20:21:23.300 14597 14597 I D05M04  : EVENT,type=submit,id=8,label=stress-7,at=45790653079283,thread=main,active=1
09-23 20:21:23.316 14597 14597 I D05M04  : EVENT,type=submit,id=9,label=stress-8,at=45790668312483,thread=main,active=1
09-23 20:21:23.331 14597 14597 I D05M04  : EVENT,type=submit,id=10,label=stress-9,at=45790683329483,thread=main,active=1
09-23 20:21:23.346 14597 14597 I D05M04  : EVENT,type=submit,id=11,label=stress-10,at=45790698771983,thread=main,active=1
09-23 20:21:23.361 14597 14597 I D05M04  : EVENT,type=submit,id=12,label=stress-11,at=45790713969983,thread=main,active=1
09-23 20:21:23.377 14597 14597 I D05M04  : EVENT,type=submit,id=13,label=stress-12,at=45790729668283,thread=main,active=1
09-23 20:21:23.393 14597 14597 I D05M04  : EVENT,type=submit,id=14,label=stress-13,at=45790745473383,thread=main,active=1
09-23 20:21:23.408 14597 14597 I D05M04  : EVENT,type=submit,id=15,label=stress-14,at=45790760468083,thread=main,active=1
09-23 20:21:23.423 14597 14597 I D05M04  : EVENT,type=submit,id=16,label=stress-15,at=45790775984683,thread=main,active=1
09-23 20:21:23.439 14597 14597 I D05M04  : EVENT,type=submit,id=17,label=stress-16,at=45790791813783,thread=main,active=1
09-23 20:21:23.454 14597 14597 I D05M04  : EVENT,type=submit,id=18,label=stress-17,at=45790806828583,thread=main,active=1
09-23 20:21:23.471 14597 14597 I D05M04  : EVENT,type=submit,id=19,label=stress-18,at=45790823655683,thread=main,active=1
09-23 20:21:23.486 14597 14597 I D05M04  : EVENT,type=submit,id=20,label=stress-19,at=45790838457283,thread=main,active=1
09-23 20:21:23.501 14597 14597 I D05M04  : EVENT,type=submit,id=21,label=stress-final,at=45790854070883,thread=main,active=1
09-23 20:21:23.975 14597 14612 I D05M04  : EVENT,type=engine-return,ordinal=1,requestId=1,at=45791327671483,thread=DefaultDispatcher-worker-1,active=0
09-23 20:21:23.977 14597 14612 I D05M04  : EVENT,type=body,ordinal=2,requestId=21,at=45791329683583,thread=DefaultDispatcher-worker-1
09-23 20:21:23.977 14597 14612 I D05M04  : EVENT,type=engine-enter,ordinal=2,requestId=21,at=45791330018883,thread=DefaultDispatcher-worker-1,active=1
09-23 20:21:24.739 14597 14612 I D05M04  : EVENT,type=engine-return,ordinal=2,requestId=21,at=45792091131683,thread=DefaultDispatcher-worker-1,active=0
09-23 20:21:24.739 14597 14612 I D05M04  : EVENT,type=calculator-return,logical=home,ordinal=2,requestId=21,at=45792091556883,thread=DefaultDispatcher-worker-1
09-23 20:21:24.741 14597 14597 I D05M04  : EVENT,type=publication,ordinal=2,requestId=21,at=45792093857783,thread=main
09-23 20:21:24.756 14597 14611 I D05M04  : RESULT,group=D,rep=11,point=non-normal-10ms,valid=true,submitted=21,started=2,skipped=19,finalRequestId=21,finalLabel=stress-final,finalSubmitNs=45790854070883,finalBodyLaunchNs=45791329683583,finalEngineEnterNs=45791330018883,finalEngineReturnNs=45792091131683,finalCalculatorReturnNs=45792091556883,finalPublicationNs=45792093857783,finalStartNs=475948000,finalRuntimeNs=761112800,finalPublicationLatencyNs=1239786900,activeAtFinalSubmission=1,peakConcurrency=1,obsoleteDrainNs=473600600,engineOnMain=false,finalEngineThread=DefaultDispatcher-worker-1,publicationThread=Main
09-23 20:21:24.758 14597 14597 I D05M04  : EVENT,type=submit,id=1,label=initial,at=45792111164183,thread=main,active=0
09-23 20:21:24.760 14597 14612 I D05M04  : EVENT,type=body,ordinal=1,requestId=1,at=45792112246383,thread=DefaultDispatcher-worker-1
09-23 20:21:24.760 14597 14612 I D05M04  : EVENT,type=engine-enter,ordinal=1,requestId=1,at=45792112447483,thread=DefaultDispatcher-worker-1,active=1
09-23 20:21:24.772 14597 14597 I D05M04  : EVENT,type=submit,id=2,label=stress-1,at=45792124175583,thread=main,active=1
09-23 20:21:24.788 14597 14597 I D05M04  : EVENT,type=submit,id=3,label=stress-2,at=45792140851183,thread=main,active=1
09-23 20:21:24.802 14597 14597 I D05M04  : EVENT,type=submit,id=4,label=stress-3,at=45792155091483,thread=main,active=1
09-23 20:21:24.818 14597 14597 I D05M04  : EVENT,type=submit,id=5,label=stress-4,at=45792170788283,thread=main,active=1
09-23 20:21:24.834 14597 14597 I D05M04  : EVENT,type=submit,id=6,label=stress-5,at=45792186986983,thread=main,active=1
09-23 20:21:24.849 14597 14597 I D05M04  : EVENT,type=submit,id=7,label=stress-6,at=45792201957183,thread=main,active=1
09-23 20:21:24.865 14597 14597 I D05M04  : EVENT,type=submit,id=8,label=stress-7,at=45792217971583,thread=main,active=1
09-23 20:21:24.881 14597 14597 I D05M04  : EVENT,type=submit,id=9,label=stress-8,at=45792233173583,thread=main,active=1
09-23 20:21:24.896 14597 14597 I D05M04  : EVENT,type=submit,id=10,label=stress-9,at=45792248330483,thread=main,active=1
09-23 20:21:24.911 14597 14597 I D05M04  : EVENT,type=submit,id=11,label=stress-10,at=45792263403983,thread=main,active=1
09-23 20:21:24.927 14597 14597 I D05M04  : EVENT,type=submit,id=12,label=stress-11,at=45792280046883,thread=main,active=1
09-23 20:21:24.943 14597 14597 I D05M04  : EVENT,type=submit,id=13,label=stress-12,at=45792296053583,thread=main,active=1
09-23 20:21:24.960 14597 14597 I D05M04  : EVENT,type=submit,id=14,label=stress-13,at=45792311915983,thread=main,active=1
09-23 20:21:24.975 14597 14597 I D05M04  : EVENT,type=submit,id=15,label=stress-14,at=45792327820283,thread=main,active=1
09-23 20:21:24.991 14597 14597 I D05M04  : EVENT,type=submit,id=16,label=stress-15,at=45792344042183,thread=main,active=1
09-23 20:21:25.008 14597 14597 I D05M04  : EVENT,type=submit,id=17,label=stress-16,at=45792360271983,thread=main,active=1
09-23 20:21:25.023 14597 14597 I D05M04  : EVENT,type=submit,id=18,label=stress-17,at=45792375649183,thread=main,active=1
09-23 20:21:25.038 14597 14597 I D05M04  : EVENT,type=submit,id=19,label=stress-18,at=45792391070983,thread=main,active=1
09-23 20:21:25.054 14597 14597 I D05M04  : EVENT,type=submit,id=20,label=stress-19,at=45792406631283,thread=main,active=1
09-23 20:21:25.069 14597 14597 I D05M04  : EVENT,type=submit,id=21,label=stress-final,at=45792421801083,thread=main,active=1
09-23 20:21:25.539 14597 14612 I D05M04  : EVENT,type=engine-return,ordinal=1,requestId=1,at=45792891464983,thread=DefaultDispatcher-worker-1,active=0
09-23 20:21:25.543 14597 14612 I D05M04  : EVENT,type=body,ordinal=2,requestId=21,at=45792895489383,thread=DefaultDispatcher-worker-1
09-23 20:21:25.543 14597 14612 I D05M04  : EVENT,type=engine-enter,ordinal=2,requestId=21,at=45792895730283,thread=DefaultDispatcher-worker-1,active=1
09-23 20:21:26.300 14597 14612 I D05M04  : EVENT,type=engine-return,ordinal=2,requestId=21,at=45793653049883,thread=DefaultDispatcher-worker-1,active=0
09-23 20:21:26.301 14597 14612 I D05M04  : EVENT,type=calculator-return,logical=home,ordinal=2,requestId=21,at=45793653381583,thread=DefaultDispatcher-worker-1
09-23 20:21:26.301 14597 14597 I D05M04  : EVENT,type=publication,ordinal=2,requestId=21,at=45793653716583,thread=main
09-23 20:21:26.304 14597 14611 I D05M04  : RESULT,group=D,rep=12,point=non-normal-10ms,valid=true,submitted=21,started=2,skipped=19,finalRequestId=21,finalLabel=stress-final,finalSubmitNs=45792421801083,finalBodyLaunchNs=45792895489383,finalEngineEnterNs=45792895730283,finalEngineReturnNs=45793653049883,finalCalculatorReturnNs=45793653381583,finalPublicationNs=45793653716583,finalStartNs=473929200,finalRuntimeNs=757319600,finalPublicationLatencyNs=1231915500,activeAtFinalSubmission=1,peakConcurrency=1,obsoleteDrainNs=469663900,engineOnMain=false,finalEngineThread=DefaultDispatcher-worker-1,publicationThread=Main
09-23 20:21:26.308 14597 14597 I D05M04  : EVENT,type=submit,id=1,label=initial,at=45793660390683,thread=main,active=0
09-23 20:21:26.310 14597 14612 I D05M04  : EVENT,type=body,ordinal=1,requestId=1,at=45793663005083,thread=DefaultDispatcher-worker-1
09-23 20:21:26.311 14597 14612 I D05M04  : EVENT,type=engine-enter,ordinal=1,requestId=1,at=45793663340383,thread=DefaultDispatcher-worker-1,active=1
09-23 20:21:26.336 14597 14597 I D05M04  : EVENT,type=submit,id=2,label=stress-1,at=45793688172083,thread=main,active=1
09-23 20:21:26.351 14597 14597 I D05M04  : EVENT,type=submit,id=3,label=stress-2,at=45793704113283,thread=main,active=1
09-23 20:21:26.367 14597 14597 I D05M04  : EVENT,type=submit,id=4,label=stress-3,at=45793719811083,thread=main,active=1
09-23 20:21:26.382 14597 14597 I D05M04  : EVENT,type=submit,id=5,label=stress-4,at=45793734821883,thread=main,active=1
09-23 20:21:26.398 14597 14597 I D05M04  : EVENT,type=submit,id=6,label=stress-5,at=45793751001283,thread=main,active=1
09-23 20:21:26.413 14597 14597 I D05M04  : EVENT,type=submit,id=7,label=stress-6,at=45793765555983,thread=main,active=1
09-23 20:21:26.429 14597 14597 I D05M04  : EVENT,type=submit,id=8,label=stress-7,at=45793781925583,thread=main,active=1
09-23 20:21:26.446 14597 14597 I D05M04  : EVENT,type=submit,id=9,label=stress-8,at=45793798798783,thread=main,active=1
09-23 20:21:26.460 14597 14597 I D05M04  : EVENT,type=submit,id=10,label=stress-9,at=45793813142183,thread=main,active=1
09-23 20:21:26.477 14597 14597 I D05M04  : EVENT,type=submit,id=11,label=stress-10,at=45793829740083,thread=main,active=1
09-23 20:21:26.491 14597 14597 I D05M04  : EVENT,type=submit,id=12,label=stress-11,at=45793843695083,thread=main,active=1
09-23 20:21:26.507 14597 14597 I D05M04  : EVENT,type=submit,id=13,label=stress-12,at=45793859539483,thread=main,active=1
09-23 20:21:26.522 14597 14597 I D05M04  : EVENT,type=submit,id=14,label=stress-13,at=45793874709383,thread=main,active=1
09-23 20:21:26.538 14597 14597 I D05M04  : EVENT,type=submit,id=15,label=stress-14,at=45793890717683,thread=main,active=1
09-23 20:21:26.555 14597 14597 I D05M04  : EVENT,type=submit,id=16,label=stress-15,at=45793907265783,thread=main,active=1
09-23 20:21:26.569 14597 14597 I D05M04  : EVENT,type=submit,id=17,label=stress-16,at=45793921857583,thread=main,active=1
09-23 20:21:26.586 14597 14597 I D05M04  : EVENT,type=submit,id=18,label=stress-17,at=45793938608983,thread=main,active=1
09-23 20:21:26.600 14597 14597 I D05M04  : EVENT,type=submit,id=19,label=stress-18,at=45793952766183,thread=main,active=1
09-23 20:21:26.615 14597 14597 I D05M04  : EVENT,type=submit,id=20,label=stress-19,at=45793967882983,thread=main,active=1
09-23 20:21:26.630 14597 14597 I D05M04  : EVENT,type=submit,id=21,label=stress-final,at=45793982781783,thread=main,active=1
09-23 20:21:27.110 14597 14612 I D05M04  : EVENT,type=engine-return,ordinal=1,requestId=1,at=45794462389583,thread=DefaultDispatcher-worker-1,active=0
09-23 20:21:27.111 14597 14612 I D05M04  : EVENT,type=body,ordinal=2,requestId=21,at=45794463683883,thread=DefaultDispatcher-worker-1
09-23 20:21:27.116 14597 14612 I D05M04  : EVENT,type=body,ordinal=3,requestId=21,at=45794468755083,thread=DefaultDispatcher-worker-1
09-23 20:21:27.116 14597 14612 I D05M04  : EVENT,type=engine-enter,ordinal=3,requestId=21,at=45794468991783,thread=DefaultDispatcher-worker-1,active=1
09-23 20:21:27.882 14597 14612 I D05M04  : EVENT,type=engine-return,ordinal=3,requestId=21,at=45795234449783,thread=DefaultDispatcher-worker-1,active=0
09-23 20:21:27.882 14597 14612 I D05M04  : EVENT,type=calculator-return,logical=home,ordinal=3,requestId=21,at=45795234659883,thread=DefaultDispatcher-worker-1
09-23 20:21:27.885 14597 14597 I D05M04  : EVENT,type=publication,ordinal=3,requestId=21,at=45795237158583,thread=main
09-23 20:21:27.894 14597 14611 I D05M04  : RESULT,group=D,rep=13,point=non-normal-10ms,valid=true,submitted=21,started=3,skipped=18,finalRequestId=21,finalLabel=stress-final,finalSubmitNs=45793982781783,finalBodyLaunchNs=45794468755083,finalEngineEnterNs=45794468991783,finalEngineReturnNs=45795234449783,finalCalculatorReturnNs=45795234659883,finalPublicationNs=45795237158583,finalStartNs=486210000,finalRuntimeNs=765458000,finalPublicationLatencyNs=1254376800,activeAtFinalSubmission=1,peakConcurrency=1,obsoleteDrainNs=479607800,engineOnMain=false,finalEngineThread=DefaultDispatcher-worker-1,publicationThread=Main
09-23 20:21:27.896 14597 14597 I D05M04  : EVENT,type=submit,id=1,label=initial,at=45795248320783,thread=main,active=0
09-23 20:21:27.901 14597 14612 I D05M04  : EVENT,type=body,ordinal=1,requestId=1,at=45795252476283,thread=DefaultDispatcher-worker-1
09-23 20:21:27.901 14597 14612 I D05M04  : EVENT,type=engine-enter,ordinal=1,requestId=1,at=45795253870883,thread=DefaultDispatcher-worker-1,active=1
09-23 20:21:27.925 14597 14597 I D05M04  : EVENT,type=submit,id=2,label=stress-1,at=45795277826783,thread=main,active=1
09-23 20:21:27.941 14597 14597 I D05M04  : EVENT,type=submit,id=3,label=stress-2,at=45795293664683,thread=main,active=1
09-23 20:21:27.958 14597 14597 I D05M04  : EVENT,type=submit,id=4,label=stress-3,at=45795310337883,thread=main,active=1
09-23 20:21:27.973 14597 14597 I D05M04  : EVENT,type=submit,id=5,label=stress-4,at=45795326121283,thread=main,active=1
09-23 20:21:27.989 14597 14597 I D05M04  : EVENT,type=submit,id=6,label=stress-5,at=45795341713883,thread=main,active=1
09-23 20:21:28.005 14597 14597 I D05M04  : EVENT,type=submit,id=7,label=stress-6,at=45795358157183,thread=main,active=1
09-23 20:21:28.021 14597 14597 I D05M04  : EVENT,type=submit,id=8,label=stress-7,at=45795373390083,thread=main,active=1
09-23 20:21:28.036 14597 14597 I D05M04  : EVENT,type=submit,id=9,label=stress-8,at=45795388831483,thread=main,active=1
09-23 20:21:28.052 14597 14597 I D05M04  : EVENT,type=submit,id=10,label=stress-9,at=45795404383283,thread=main,active=1
09-23 20:21:28.068 14597 14597 I D05M04  : EVENT,type=submit,id=11,label=stress-10,at=45795421034583,thread=main,active=1
09-23 20:21:28.084 14597 14597 I D05M04  : EVENT,type=submit,id=12,label=stress-11,at=45795436206783,thread=main,active=1
09-23 20:21:28.100 14597 14597 I D05M04  : EVENT,type=submit,id=13,label=stress-12,at=45795452288883,thread=main,active=1
09-23 20:21:28.116 14597 14597 I D05M04  : EVENT,type=submit,id=14,label=stress-13,at=45795468781183,thread=main,active=1
09-23 20:21:28.132 14597 14597 I D05M04  : EVENT,type=submit,id=15,label=stress-14,at=45795484960083,thread=main,active=1
09-23 20:21:28.148 14597 14597 I D05M04  : EVENT,type=submit,id=16,label=stress-15,at=45795500239983,thread=main,active=1
09-23 20:21:28.163 14597 14597 I D05M04  : EVENT,type=submit,id=17,label=stress-16,at=45795515445283,thread=main,active=1
09-23 20:21:28.178 14597 14597 I D05M04  : EVENT,type=submit,id=18,label=stress-17,at=45795530955183,thread=main,active=1
09-23 20:21:28.196 14597 14597 I D05M04  : EVENT,type=submit,id=19,label=stress-18,at=45795548343683,thread=main,active=1
09-23 20:21:28.210 14597 14597 I D05M04  : EVENT,type=submit,id=20,label=stress-19,at=45795562241383,thread=main,active=1
09-23 20:21:28.225 14597 14597 I D05M04  : EVENT,type=submit,id=21,label=stress-final,at=45795578074483,thread=main,active=1
09-23 20:21:28.681 14597 14612 I D05M04  : EVENT,type=engine-return,ordinal=1,requestId=1,at=45796034086283,thread=DefaultDispatcher-worker-1,active=0
09-23 20:21:28.686 14597 14612 I D05M04  : EVENT,type=body,ordinal=2,requestId=21,at=45796038719583,thread=DefaultDispatcher-worker-1
09-23 20:21:28.686 14597 14612 I D05M04  : EVENT,type=engine-enter,ordinal=2,requestId=21,at=45796039041883,thread=DefaultDispatcher-worker-1,active=1
09-23 20:21:29.446 14597 14612 I D05M04  : EVENT,type=engine-return,ordinal=2,requestId=21,at=45796797201583,thread=DefaultDispatcher-worker-1,active=0
09-23 20:21:29.446 14597 14612 I D05M04  : EVENT,type=calculator-return,logical=home,ordinal=2,requestId=21,at=45796798538883,thread=DefaultDispatcher-worker-1
09-23 20:21:29.446 14597 14597 I D05M04  : EVENT,type=publication,ordinal=2,requestId=21,at=45796798931183,thread=main
09-23 20:21:29.461 14597 14611 I D05M04  : RESULT,group=D,rep=14,point=non-normal-10ms,valid=true,submitted=21,started=2,skipped=19,finalRequestId=21,finalLabel=stress-final,finalSubmitNs=45795578074483,finalBodyLaunchNs=45796038719583,finalEngineEnterNs=45796039041883,finalEngineReturnNs=45796797201583,finalCalculatorReturnNs=45796798538883,finalPublicationNs=45796798931183,finalStartNs=460967400,finalRuntimeNs=758159700,finalPublicationLatencyNs=1220856700,activeAtFinalSubmission=1,peakConcurrency=1,obsoleteDrainNs=456011800,engineOnMain=false,finalEngineThread=DefaultDispatcher-worker-1,publicationThread=Main
09-23 20:21:29.464 14597 14597 I D05M04  : EVENT,type=submit,id=1,label=initial,at=45796816379383,thread=main,active=0
09-23 20:21:29.467 14597 14612 I D05M04  : EVENT,type=body,ordinal=1,requestId=1,at=45796819378783,thread=DefaultDispatcher-worker-1
09-23 20:21:29.467 14597 14612 I D05M04  : EVENT,type=engine-enter,ordinal=1,requestId=1,at=45796819812383,thread=DefaultDispatcher-worker-1,active=1
09-23 20:21:29.478 14597 14597 I D05M04  : EVENT,type=submit,id=2,label=stress-1,at=45796830407783,thread=main,active=1
09-23 20:21:29.493 14597 14597 I D05M04  : EVENT,type=submit,id=3,label=stress-2,at=45796846060583,thread=main,active=1
09-23 20:21:29.509 14597 14597 I D05M04  : EVENT,type=submit,id=4,label=stress-3,at=45796861964183,thread=main,active=1
09-23 20:21:29.526 14597 14597 I D05M04  : EVENT,type=submit,id=5,label=stress-4,at=45796878780983,thread=main,active=1
09-23 20:21:29.542 14597 14597 I D05M04  : EVENT,type=submit,id=6,label=stress-5,at=45796894695783,thread=main,active=1
09-23 20:21:29.558 14597 14597 I D05M04  : EVENT,type=submit,id=7,label=stress-6,at=45796910448083,thread=main,active=1
09-23 20:21:29.573 14597 14597 I D05M04  : EVENT,type=submit,id=8,label=stress-7,at=45796925908083,thread=main,active=1
09-23 20:21:29.589 14597 14597 I D05M04  : EVENT,type=submit,id=9,label=stress-8,at=45796941237183,thread=main,active=1
09-23 20:21:29.604 14597 14597 I D05M04  : EVENT,type=submit,id=10,label=stress-9,at=45796956271683,thread=main,active=1
09-23 20:21:29.619 14597 14597 I D05M04  : EVENT,type=submit,id=11,label=stress-10,at=45796972008083,thread=main,active=1
09-23 20:21:29.635 14597 14597 I D05M04  : EVENT,type=submit,id=12,label=stress-11,at=45796987895783,thread=main,active=1
09-23 20:21:29.651 14597 14597 I D05M04  : EVENT,type=submit,id=13,label=stress-12,at=45797004033683,thread=main,active=1
09-23 20:21:29.668 14597 14597 I D05M04  : EVENT,type=submit,id=14,label=stress-13,at=45797020347983,thread=main,active=1
09-23 20:21:29.682 14597 14597 I D05M04  : EVENT,type=submit,id=15,label=stress-14,at=45797034816183,thread=main,active=1
09-23 20:21:29.699 14597 14597 I D05M04  : EVENT,type=submit,id=16,label=stress-15,at=45797051783083,thread=main,active=1
09-23 20:21:29.713 14597 14597 I D05M04  : EVENT,type=submit,id=17,label=stress-16,at=45797065381583,thread=main,active=1
09-23 20:21:29.730 14597 14597 I D05M04  : EVENT,type=submit,id=18,label=stress-17,at=45797082413383,thread=main,active=1
09-23 20:21:29.744 14597 14597 I D05M04  : EVENT,type=submit,id=19,label=stress-18,at=45797096683283,thread=main,active=1
09-23 20:21:29.762 14597 14597 I D05M04  : EVENT,type=submit,id=20,label=stress-19,at=45797114527883,thread=main,active=1
09-23 20:21:29.778 14597 14597 I D05M04  : EVENT,type=submit,id=21,label=stress-final,at=45797130382283,thread=main,active=1
09-23 20:21:30.245 14597 14612 I D05M04  : EVENT,type=engine-return,ordinal=1,requestId=1,at=45797597574783,thread=DefaultDispatcher-worker-1,active=0
09-23 20:21:30.249 14597 14612 I D05M04  : EVENT,type=body,ordinal=2,requestId=21,at=45797601297283,thread=DefaultDispatcher-worker-1
09-23 20:21:30.249 14597 14612 I D05M04  : EVENT,type=engine-enter,ordinal=2,requestId=21,at=45797601539683,thread=DefaultDispatcher-worker-1,active=1
09-23 20:21:31.013 14597 14612 I D05M04  : EVENT,type=engine-return,ordinal=2,requestId=21,at=45798365284683,thread=DefaultDispatcher-worker-1,active=0
09-23 20:21:31.015 14597 14612 I D05M04  : EVENT,type=body,ordinal=3,requestId=21,at=45798367863883,thread=DefaultDispatcher-worker-1
09-23 20:21:31.018 14597 14612 I D05M04  : EVENT,type=body,ordinal=4,requestId=21,at=45798371102283,thread=DefaultDispatcher-worker-1
09-23 20:21:31.019 14597 14612 I D05M04  : EVENT,type=engine-enter,ordinal=4,requestId=21,at=45798371342583,thread=DefaultDispatcher-worker-1,active=1
09-23 20:21:31.803 14597 14612 I D05M04  : EVENT,type=engine-return,ordinal=4,requestId=21,at=45799155370083,thread=DefaultDispatcher-worker-1,active=0
09-23 20:21:31.803 14597 14612 I D05M04  : EVENT,type=calculator-return,logical=home,ordinal=4,requestId=21,at=45799155532383,thread=DefaultDispatcher-worker-1
09-23 20:21:31.803 14597 14597 I D05M04  : EVENT,type=publication,ordinal=4,requestId=21,at=45799155842883,thread=main
09-23 20:21:31.817 14597 14611 I D05M04  : RESULT,group=D,rep=15,point=non-normal-10ms,valid=true,submitted=21,started=4,skipped=17,finalRequestId=21,finalLabel=stress-final,finalSubmitNs=45797130382283,finalBodyLaunchNs=45798371102283,finalEngineEnterNs=45798371342583,finalEngineReturnNs=45799155370083,finalCalculatorReturnNs=45799155532383,finalPublicationNs=45799155842883,finalStartNs=1240960300,finalRuntimeNs=784027500,finalPublicationLatencyNs=2025460600,activeAtFinalSubmission=1,peakConcurrency=1,obsoleteDrainNs=467192500,engineOnMain=false,finalEngineThread=DefaultDispatcher-worker-1,publicationThread=Main
09-23 20:21:31.820 14597 14597 I D05M04  : EVENT,type=submit,id=1,label=initial,at=45799172617283,thread=main,active=0
09-23 20:21:31.824 14597 14612 I D05M04  : EVENT,type=body,ordinal=1,requestId=1,at=45799175828783,thread=DefaultDispatcher-worker-1
09-23 20:21:31.825 14597 14612 I D05M04  : EVENT,type=engine-enter,ordinal=1,requestId=1,at=45799177901183,thread=DefaultDispatcher-worker-1,active=1
09-23 20:21:31.849 14597 14597 I D05M04  : EVENT,type=submit,id=2,label=stress-1,at=45799201335583,thread=main,active=1
09-23 20:21:31.864 14597 14597 I D05M04  : EVENT,type=submit,id=3,label=stress-2,at=45799216289883,thread=main,active=1
09-23 20:21:31.879 14597 14597 I D05M04  : EVENT,type=submit,id=4,label=stress-3,at=45799232018083,thread=main,active=1
09-23 20:21:31.895 14597 14597 I D05M04  : EVENT,type=submit,id=5,label=stress-4,at=45799247667183,thread=main,active=1
09-23 20:21:31.912 14597 14597 I D05M04  : EVENT,type=submit,id=6,label=stress-5,at=45799264570883,thread=main,active=1
09-23 20:21:31.925 14597 14597 I D05M04  : EVENT,type=submit,id=7,label=stress-6,at=45799277638583,thread=main,active=1
09-23 20:21:31.940 14597 14597 I D05M04  : EVENT,type=submit,id=8,label=stress-7,at=45799292944183,thread=main,active=1
09-23 20:21:31.956 14597 14597 I D05M04  : EVENT,type=submit,id=9,label=stress-8,at=45799308345083,thread=main,active=1
09-23 20:21:31.971 14597 14597 I D05M04  : EVENT,type=submit,id=10,label=stress-9,at=45799323868683,thread=main,active=1
09-23 20:21:31.987 14597 14597 I D05M04  : EVENT,type=submit,id=11,label=stress-10,at=45799339406783,thread=main,active=1
09-23 20:21:32.003 14597 14597 I D05M04  : EVENT,type=submit,id=12,label=stress-11,at=45799355310783,thread=main,active=1
09-23 20:21:32.019 14597 14597 I D05M04  : EVENT,type=submit,id=13,label=stress-12,at=45799371235583,thread=main,active=1
09-23 20:21:32.034 14597 14597 I D05M04  : EVENT,type=submit,id=14,label=stress-13,at=45799386500383,thread=main,active=1
09-23 20:21:32.049 14597 14597 I D05M04  : EVENT,type=submit,id=15,label=stress-14,at=45799401411883,thread=main,active=1
09-23 20:21:32.065 14597 14597 I D05M04  : EVENT,type=submit,id=16,label=stress-15,at=45799417698683,thread=main,active=1
09-23 20:21:32.080 14597 14597 I D05M04  : EVENT,type=submit,id=17,label=stress-16,at=45799433043683,thread=main,active=1
09-23 20:21:32.096 14597 14597 I D05M04  : EVENT,type=submit,id=18,label=stress-17,at=45799448179683,thread=main,active=1
09-23 20:21:32.111 14597 14597 I D05M04  : EVENT,type=submit,id=19,label=stress-18,at=45799463849183,thread=main,active=1
09-23 20:21:32.127 14597 14597 I D05M04  : EVENT,type=submit,id=20,label=stress-19,at=45799479525083,thread=main,active=1
09-23 20:21:32.142 14597 14597 I D05M04  : EVENT,type=submit,id=21,label=stress-final,at=45799494648683,thread=main,active=1
09-23 20:21:32.613 14597 14612 I D05M04  : EVENT,type=engine-return,ordinal=1,requestId=1,at=45799965322783,thread=DefaultDispatcher-worker-1,active=0
09-23 20:21:32.615 14597 14612 I D05M04  : EVENT,type=body,ordinal=2,requestId=21,at=45799967559883,thread=DefaultDispatcher-worker-1
09-23 20:21:32.617 14597 14612 I D05M04  : EVENT,type=body,ordinal=3,requestId=21,at=45799969890283,thread=DefaultDispatcher-worker-1
09-23 20:21:32.617 14597 14612 I D05M04  : EVENT,type=engine-enter,ordinal=3,requestId=21,at=45799970154583,thread=DefaultDispatcher-worker-1,active=1
09-23 20:21:33.399 14597 14612 I D05M04  : EVENT,type=engine-return,ordinal=3,requestId=21,at=45800751873483,thread=DefaultDispatcher-worker-1,active=0
09-23 20:21:33.399 14597 14612 I D05M04  : EVENT,type=calculator-return,logical=home,ordinal=3,requestId=21,at=45800752066783,thread=DefaultDispatcher-worker-1
09-23 20:21:33.400 14597 14597 I D05M04  : EVENT,type=publication,ordinal=3,requestId=21,at=45800752345783,thread=main
09-23 20:21:33.402 14597 14611 I D05M04  : RESULT,group=D,rep=16,point=non-normal-10ms,valid=true,submitted=21,started=3,skipped=18,finalRequestId=21,finalLabel=stress-final,finalSubmitNs=45799494648683,finalBodyLaunchNs=45799969890283,finalEngineEnterNs=45799970154583,finalEngineReturnNs=45800751873483,finalCalculatorReturnNs=45800752066783,finalPublicationNs=45800752345783,finalStartNs=475505900,finalRuntimeNs=781718900,finalPublicationLatencyNs=1257697100,activeAtFinalSubmission=1,peakConcurrency=1,obsoleteDrainNs=470674100,engineOnMain=false,finalEngineThread=DefaultDispatcher-worker-1,publicationThread=Main
09-23 20:21:33.406 14597 14597 I D05M04  : EVENT,type=submit,id=1,label=initial,at=45800758813583,thread=main,active=0
09-23 20:21:33.408 14597 14612 I D05M04  : EVENT,type=body,ordinal=1,requestId=1,at=45800761142883,thread=DefaultDispatcher-worker-1
09-23 20:21:33.411 14597 14612 I D05M04  : EVENT,type=engine-enter,ordinal=1,requestId=1,at=45800763318383,thread=DefaultDispatcher-worker-1,active=1
09-23 20:21:33.425 14597 14597 I D05M04  : EVENT,type=submit,id=2,label=stress-1,at=45800777316283,thread=main,active=1
09-23 20:21:33.437 14597 14597 I D05M04  : EVENT,type=submit,id=3,label=stress-2,at=45800790050583,thread=main,active=1
09-23 20:21:33.455 14597 14597 I D05M04  : EVENT,type=submit,id=4,label=stress-3,at=45800807407283,thread=main,active=1
09-23 20:21:33.470 14597 14597 I D05M04  : EVENT,type=submit,id=5,label=stress-4,at=45800822713283,thread=main,active=1
09-23 20:21:33.485 14597 14597 I D05M04  : EVENT,type=submit,id=6,label=stress-5,at=45800838113283,thread=main,active=1
09-23 20:21:33.500 14597 14597 I D05M04  : EVENT,type=submit,id=7,label=stress-6,at=45800852887283,thread=main,active=1
09-23 20:21:33.517 14597 14597 I D05M04  : EVENT,type=submit,id=8,label=stress-7,at=45800869349583,thread=main,active=1
09-23 20:21:33.531 14597 14597 I D05M04  : EVENT,type=submit,id=9,label=stress-8,at=45800883579383,thread=main,active=1
09-23 20:21:33.548 14597 14597 I D05M04  : EVENT,type=submit,id=10,label=stress-9,at=45800900637183,thread=main,active=1
09-23 20:21:33.562 14597 14597 I D05M04  : EVENT,type=submit,id=11,label=stress-10,at=45800914943483,thread=main,active=1
09-23 20:21:33.578 14597 14597 I D05M04  : EVENT,type=submit,id=12,label=stress-11,at=45800930795983,thread=main,active=1
09-23 20:21:33.595 14597 14597 I D05M04  : EVENT,type=submit,id=13,label=stress-12,at=45800947346383,thread=main,active=1
09-23 20:21:33.610 14597 14597 I D05M04  : EVENT,type=submit,id=14,label=stress-13,at=45800962904283,thread=main,active=1
09-23 20:21:33.626 14597 14597 I D05M04  : EVENT,type=submit,id=15,label=stress-14,at=45800978649683,thread=main,active=1
09-23 20:21:33.641 14597 14597 I D05M04  : EVENT,type=submit,id=16,label=stress-15,at=45800993858683,thread=main,active=1
09-23 20:21:33.658 14597 14597 I D05M04  : EVENT,type=submit,id=17,label=stress-16,at=45801010187383,thread=main,active=1
09-23 20:21:33.673 14597 14597 I D05M04  : EVENT,type=submit,id=18,label=stress-17,at=45801026042783,thread=main,active=1
09-23 20:21:33.688 14597 14597 I D05M04  : EVENT,type=submit,id=19,label=stress-18,at=45801040818383,thread=main,active=1
09-23 20:21:33.705 14597 14597 I D05M04  : EVENT,type=submit,id=20,label=stress-19,at=45801057346083,thread=main,active=1
09-23 20:21:33.720 14597 14597 I D05M04  : EVENT,type=submit,id=21,label=stress-final,at=45801072567183,thread=main,active=1
09-23 20:21:34.201 14597 14612 I D05M04  : EVENT,type=engine-return,ordinal=1,requestId=1,at=45801553738083,thread=DefaultDispatcher-worker-1,active=0
09-23 20:21:34.203 14597 14612 I D05M04  : EVENT,type=body,ordinal=2,requestId=21,at=45801555990383,thread=DefaultDispatcher-worker-1
09-23 20:21:34.204 14597 14612 I D05M04  : EVENT,type=body,ordinal=3,requestId=21,at=45801556486583,thread=DefaultDispatcher-worker-1
09-23 20:21:34.207 14597 14612 I D05M04  : EVENT,type=body,ordinal=4,requestId=21,at=45801560173983,thread=DefaultDispatcher-worker-1
09-23 20:21:34.208 14597 14612 I D05M04  : EVENT,type=engine-enter,ordinal=4,requestId=21,at=45801560389483,thread=DefaultDispatcher-worker-1,active=1
09-23 20:21:34.972 14597 14612 I D05M04  : EVENT,type=engine-return,ordinal=4,requestId=21,at=45802324488283,thread=DefaultDispatcher-worker-1,active=0
09-23 20:21:34.972 14597 14612 I D05M04  : EVENT,type=calculator-return,logical=home,ordinal=4,requestId=21,at=45802324699583,thread=DefaultDispatcher-worker-1
09-23 20:21:34.976 14597 14597 I D05M04  : EVENT,type=publication,ordinal=4,requestId=21,at=45802329042083,thread=main
09-23 20:21:34.985 14597 14611 I D05M04  : RESULT,group=D,rep=17,point=non-normal-10ms,valid=true,submitted=21,started=4,skipped=17,finalRequestId=21,finalLabel=stress-final,finalSubmitNs=45801072567183,finalBodyLaunchNs=45801560173983,finalEngineEnterNs=45801560389483,finalEngineReturnNs=45802324488283,finalCalculatorReturnNs=45802324699583,finalPublicationNs=45802329042083,finalStartNs=487822300,finalRuntimeNs=764098800,finalPublicationLatencyNs=1256474900,activeAtFinalSubmission=1,peakConcurrency=1,obsoleteDrainNs=481170900,engineOnMain=false,finalEngineThread=DefaultDispatcher-worker-1,publicationThread=Main
09-23 20:21:34.988 14597 14597 I D05M04  : EVENT,type=submit,id=1,label=initial,at=45802340704583,thread=main,active=0
09-23 20:21:34.990 14597 14612 I D05M04  : EVENT,type=body,ordinal=1,requestId=1,at=45802343055883,thread=DefaultDispatcher-worker-1
09-23 20:21:34.992 14597 14612 I D05M04  : EVENT,type=engine-enter,ordinal=1,requestId=1,at=45802344896383,thread=DefaultDispatcher-worker-1,active=1
09-23 20:21:35.016 14597 14597 I D05M04  : EVENT,type=submit,id=2,label=stress-1,at=45802368960283,thread=main,active=1
09-23 20:21:35.032 14597 14597 I D05M04  : EVENT,type=submit,id=3,label=stress-2,at=45802385000583,thread=main,active=1
09-23 20:21:35.047 14597 14597 I D05M04  : EVENT,type=submit,id=4,label=stress-3,at=45802399442883,thread=main,active=1
09-23 20:21:35.064 14597 14597 I D05M04  : EVENT,type=submit,id=5,label=stress-4,at=45802416416083,thread=main,active=1
09-23 20:21:35.093 14597 14597 I D05M04  : EVENT,type=submit,id=6,label=stress-5,at=45802445763783,thread=main,active=1
09-23 20:21:35.110 14597 14597 I D05M04  : EVENT,type=submit,id=7,label=stress-6,at=45802462484283,thread=main,active=1
09-23 20:21:35.124 14597 14597 I D05M04  : EVENT,type=submit,id=8,label=stress-7,at=45802477008283,thread=main,active=1
09-23 20:21:35.141 14597 14597 I D05M04  : EVENT,type=submit,id=9,label=stress-8,at=45802493309583,thread=main,active=1
09-23 20:21:35.156 14597 14597 I D05M04  : EVENT,type=submit,id=10,label=stress-9,at=45802508218683,thread=main,active=1
09-23 20:21:35.172 14597 14597 I D05M04  : EVENT,type=submit,id=11,label=stress-10,at=45802525080383,thread=main,active=1
09-23 20:21:35.187 14597 14597 I D05M04  : EVENT,type=submit,id=12,label=stress-11,at=45802540082583,thread=main,active=1
09-23 20:21:35.204 14597 14597 I D05M04  : EVENT,type=submit,id=13,label=stress-12,at=45802556751883,thread=main,active=1
09-23 20:21:35.219 14597 14597 I D05M04  : EVENT,type=submit,id=14,label=stress-13,at=45802571583583,thread=main,active=1
09-23 20:21:35.235 14597 14597 I D05M04  : EVENT,type=submit,id=15,label=stress-14,at=45802587606483,thread=main,active=1
09-23 20:21:35.250 14597 14597 I D05M04  : EVENT,type=submit,id=16,label=stress-15,at=45802602376783,thread=main,active=1
09-23 20:21:35.266 14597 14597 I D05M04  : EVENT,type=submit,id=17,label=stress-16,at=45802618579083,thread=main,active=1
09-23 20:21:35.280 14597 14597 I D05M04  : EVENT,type=submit,id=18,label=stress-17,at=45802632850183,thread=main,active=1
09-23 20:21:35.296 14597 14597 I D05M04  : EVENT,type=submit,id=19,label=stress-18,at=45802648699983,thread=main,active=1
09-23 20:21:35.311 14597 14597 I D05M04  : EVENT,type=submit,id=20,label=stress-19,at=45802664068383,thread=main,active=1
09-23 20:21:35.327 14597 14597 I D05M04  : EVENT,type=submit,id=21,label=stress-final,at=45802680102783,thread=main,active=1
09-23 20:21:35.771 14597 14612 I D05M04  : EVENT,type=engine-return,ordinal=1,requestId=1,at=45803123645083,thread=DefaultDispatcher-worker-1,active=0
09-23 20:21:35.775 14597 14612 I D05M04  : EVENT,type=body,ordinal=2,requestId=21,at=45803128081883,thread=DefaultDispatcher-worker-1
09-23 20:21:35.776 14597 14612 I D05M04  : EVENT,type=engine-enter,ordinal=2,requestId=21,at=45803128374483,thread=DefaultDispatcher-worker-1,active=1
09-23 20:21:36.520 14597 14612 I D05M04  : EVENT,type=engine-return,ordinal=2,requestId=21,at=45803872245983,thread=DefaultDispatcher-worker-1,active=0
09-23 20:21:36.520 14597 14612 I D05M04  : EVENT,type=calculator-return,logical=home,ordinal=2,requestId=21,at=45803872451283,thread=DefaultDispatcher-worker-1
09-23 20:21:36.522 14597 14597 I D05M04  : EVENT,type=publication,ordinal=2,requestId=21,at=45803873773883,thread=main
09-23 20:21:36.522 14597 14611 I D05M04  : RESULT,group=D,rep=18,point=non-normal-10ms,valid=true,submitted=21,started=2,skipped=19,finalRequestId=21,finalLabel=stress-final,finalSubmitNs=45802680102783,finalBodyLaunchNs=45803128081883,finalEngineEnterNs=45803128374483,finalEngineReturnNs=45803872245983,finalCalculatorReturnNs=45803872451283,finalPublicationNs=45803873773883,finalStartNs=448271700,finalRuntimeNs=743871500,finalPublicationLatencyNs=1193671100,activeAtFinalSubmission=1,peakConcurrency=1,obsoleteDrainNs=443542300,engineOnMain=false,finalEngineThread=DefaultDispatcher-worker-1,publicationThread=Main
09-23 20:21:36.525 14597 14597 I D05M04  : EVENT,type=submit,id=1,label=initial,at=45803877732583,thread=main,active=0
09-23 20:21:36.528 14597 14612 I D05M04  : EVENT,type=body,ordinal=1,requestId=1,at=45803880254883,thread=DefaultDispatcher-worker-1
09-23 20:21:36.528 14597 14612 I D05M04  : EVENT,type=engine-enter,ordinal=1,requestId=1,at=45803881019683,thread=DefaultDispatcher-worker-1,active=1
09-23 20:21:36.543 14597 14597 I D05M04  : EVENT,type=submit,id=2,label=stress-1,at=45803895332883,thread=main,active=1
09-23 20:21:36.558 14597 14597 I D05M04  : EVENT,type=submit,id=3,label=stress-2,at=45803910455083,thread=main,active=1
09-23 20:21:36.575 14597 14597 I D05M04  : EVENT,type=submit,id=4,label=stress-3,at=45803927375883,thread=main,active=1
09-23 20:21:36.589 14597 14597 I D05M04  : EVENT,type=submit,id=5,label=stress-4,at=45803941802283,thread=main,active=1
09-23 20:21:36.605 14597 14597 I D05M04  : EVENT,type=submit,id=6,label=stress-5,at=45803957477583,thread=main,active=1
09-23 20:21:36.621 14597 14597 I D05M04  : EVENT,type=submit,id=7,label=stress-6,at=45803974080383,thread=main,active=1
09-23 20:21:36.637 14597 14597 I D05M04  : EVENT,type=submit,id=8,label=stress-7,at=45803989981983,thread=main,active=1
09-23 20:21:36.652 14597 14597 I D05M04  : EVENT,type=submit,id=9,label=stress-8,at=45804004289383,thread=main,active=1
09-23 20:21:36.668 14597 14597 I D05M04  : EVENT,type=submit,id=10,label=stress-9,at=45804020196583,thread=main,active=1
09-23 20:21:36.682 14597 14597 I D05M04  : EVENT,type=submit,id=11,label=stress-10,at=45804034786183,thread=main,active=1
09-23 20:21:36.698 14597 14597 I D05M04  : EVENT,type=submit,id=12,label=stress-11,at=45804051125183,thread=main,active=1
09-23 20:21:36.717 14597 14597 I D05M04  : EVENT,type=submit,id=13,label=stress-12,at=45804067604583,thread=main,active=1
09-23 20:21:36.729 14597 14597 I D05M04  : EVENT,type=submit,id=14,label=stress-13,at=45804081832383,thread=main,active=1
09-23 20:21:36.745 14597 14597 I D05M04  : EVENT,type=submit,id=15,label=stress-14,at=45804097210983,thread=main,active=1
09-23 20:21:36.762 14597 14597 I D05M04  : EVENT,type=submit,id=16,label=stress-15,at=45804114383883,thread=main,active=1
09-23 20:21:36.776 14597 14597 I D05M04  : EVENT,type=submit,id=17,label=stress-16,at=45804128994483,thread=main,active=1
09-23 20:21:36.793 14597 14597 I D05M04  : EVENT,type=submit,id=18,label=stress-17,at=45804145881983,thread=main,active=1
09-23 20:21:36.807 14597 14597 I D05M04  : EVENT,type=submit,id=19,label=stress-18,at=45804159712783,thread=main,active=1
09-23 20:21:36.822 14597 14597 I D05M04  : EVENT,type=submit,id=20,label=stress-19,at=45804175135283,thread=main,active=1
09-23 20:21:36.838 14597 14597 I D05M04  : EVENT,type=submit,id=21,label=stress-final,at=45804190668783,thread=main,active=1
09-23 20:21:37.403 14597 14612 I D05M04  : EVENT,type=engine-return,ordinal=1,requestId=1,at=45804755213883,thread=DefaultDispatcher-worker-1,active=0
09-23 20:21:37.407 14597 14612 I D05M04  : EVENT,type=body,ordinal=2,requestId=21,at=45804759391683,thread=DefaultDispatcher-worker-1
09-23 20:21:37.407 14597 14612 I D05M04  : EVENT,type=engine-enter,ordinal=2,requestId=21,at=45804759654483,thread=DefaultDispatcher-worker-1,active=1
09-23 20:21:38.182 14597 14612 I D05M04  : EVENT,type=engine-return,ordinal=2,requestId=21,at=45805534855183,thread=DefaultDispatcher-worker-1,active=0
09-23 20:21:38.185 14597 14612 I D05M04  : EVENT,type=calculator-return,logical=home,ordinal=2,requestId=21,at=45805537975583,thread=DefaultDispatcher-worker-1
09-23 20:21:38.186 14597 14597 I D05M04  : EVENT,type=publication,ordinal=2,requestId=21,at=45805538966883,thread=main
09-23 20:21:38.188 14597 14611 I D05M04  : RESULT,group=D,rep=19,point=non-normal-10ms,valid=true,submitted=21,started=2,skipped=19,finalRequestId=21,finalLabel=stress-final,finalSubmitNs=45804190668783,finalBodyLaunchNs=45804759391683,finalEngineEnterNs=45804759654483,finalEngineReturnNs=45805534855183,finalCalculatorReturnNs=45805537975583,finalPublicationNs=45805538966883,finalStartNs=568985700,finalRuntimeNs=775200700,finalPublicationLatencyNs=1348298100,activeAtFinalSubmission=1,peakConcurrency=1,obsoleteDrainNs=564545100,engineOnMain=false,finalEngineThread=DefaultDispatcher-worker-1,publicationThread=Main
09-23 20:21:38.193 14597 14597 I D05M04  : EVENT,type=submit,id=1,label=initial,at=45805545428983,thread=main,active=0
09-23 20:21:38.195 14597 14612 I D05M04  : EVENT,type=body,ordinal=1,requestId=1,at=45805547571883,thread=DefaultDispatcher-worker-1
09-23 20:21:38.195 14597 14612 I D05M04  : EVENT,type=engine-enter,ordinal=1,requestId=1,at=45805547802483,thread=DefaultDispatcher-worker-1,active=1
09-23 20:21:38.213 14597 14597 I D05M04  : EVENT,type=submit,id=2,label=stress-1,at=45805565920383,thread=main,active=1
09-23 20:21:38.228 14597 14597 I D05M04  : EVENT,type=submit,id=3,label=stress-2,at=45805580977683,thread=main,active=1
09-23 20:21:38.245 14597 14597 I D05M04  : EVENT,type=submit,id=4,label=stress-3,at=45805597171683,thread=main,active=1
09-23 20:21:38.261 14597 14597 I D05M04  : EVENT,type=submit,id=5,label=stress-4,at=45805613484083,thread=main,active=1
09-23 20:21:38.277 14597 14597 I D05M04  : EVENT,type=submit,id=6,label=stress-5,at=45805629257683,thread=main,active=1
09-23 20:21:38.292 14597 14597 I D05M04  : EVENT,type=submit,id=7,label=stress-6,at=45805644353883,thread=main,active=1
09-23 20:21:38.307 14597 14597 I D05M04  : EVENT,type=submit,id=8,label=stress-7,at=45805659816683,thread=main,active=1
09-23 20:21:38.322 14597 14597 I D05M04  : EVENT,type=submit,id=9,label=stress-8,at=45805674591983,thread=main,active=1
09-23 20:21:38.339 14597 14597 I D05M04  : EVENT,type=submit,id=10,label=stress-9,at=45805691332183,thread=main,active=1
09-23 20:21:38.354 14597 14597 I D05M04  : EVENT,type=submit,id=11,label=stress-10,at=45805707033083,thread=main,active=1
09-23 20:21:38.370 14597 14597 I D05M04  : EVENT,type=submit,id=12,label=stress-11,at=45805722305883,thread=main,active=1
09-23 20:21:38.386 14597 14597 I D05M04  : EVENT,type=submit,id=13,label=stress-12,at=45805738433283,thread=main,active=1
09-23 20:21:38.416 14597 14597 I D05M04  : EVENT,type=submit,id=14,label=stress-13,at=45805768531183,thread=main,active=1
09-23 20:21:38.432 14597 14597 I D05M04  : EVENT,type=submit,id=15,label=stress-14,at=45805784298083,thread=main,active=1
09-23 20:21:38.447 14597 14597 I D05M04  : EVENT,type=submit,id=16,label=stress-15,at=45805799263383,thread=main,active=1
09-23 20:21:38.463 14597 14597 I D05M04  : EVENT,type=submit,id=17,label=stress-16,at=45805815337483,thread=main,active=1
09-23 20:21:38.478 14597 14597 I D05M04  : EVENT,type=submit,id=18,label=stress-17,at=45805830694883,thread=main,active=1
09-23 20:21:38.494 14597 14597 I D05M04  : EVENT,type=submit,id=19,label=stress-18,at=45805846525683,thread=main,active=1
09-23 20:21:38.510 14597 14597 I D05M04  : EVENT,type=submit,id=20,label=stress-19,at=45805862652783,thread=main,active=1
09-23 20:21:38.527 14597 14597 I D05M04  : EVENT,type=submit,id=21,label=stress-final,at=45805879878383,thread=main,active=1
09-23 20:21:38.965 14597 14612 I D05M04  : EVENT,type=engine-return,ordinal=1,requestId=1,at=45806318112483,thread=DefaultDispatcher-worker-1,active=0
09-23 20:21:38.970 14597 14612 I D05M04  : EVENT,type=body,ordinal=2,requestId=21,at=45806322755483,thread=DefaultDispatcher-worker-1
09-23 20:21:38.970 14597 14612 I D05M04  : EVENT,type=engine-enter,ordinal=2,requestId=21,at=45806323071783,thread=DefaultDispatcher-worker-1,active=1
09-23 20:21:39.730 14597 14612 I D05M04  : EVENT,type=engine-return,ordinal=2,requestId=21,at=45807083096383,thread=DefaultDispatcher-worker-1,active=0
09-23 20:21:39.731 14597 14612 I D05M04  : EVENT,type=calculator-return,logical=home,ordinal=2,requestId=21,at=45807083299183,thread=DefaultDispatcher-worker-1
09-23 20:21:39.731 14597 14597 I D05M04  : EVENT,type=publication,ordinal=2,requestId=21,at=45807083620483,thread=main
09-23 20:21:39.736 14597 14611 I D05M04  : RESULT,group=D,rep=20,point=non-normal-10ms,valid=true,submitted=21,started=2,skipped=19,finalRequestId=21,finalLabel=stress-final,finalSubmitNs=45805879878383,finalBodyLaunchNs=45806322755483,finalEngineEnterNs=45806323071783,finalEngineReturnNs=45807083096383,finalCalculatorReturnNs=45807083299183,finalPublicationNs=45807083620483,finalStartNs=443193400,finalRuntimeNs=760024600,finalPublicationLatencyNs=1203742100,activeAtFinalSubmission=1,peakConcurrency=1,obsoleteDrainNs=438234100,engineOnMain=false,finalEngineThread=DefaultDispatcher-worker-1,publicationThread=Main
09-23 20:21:39.739 14597 14597 I D05M04  : EVENT,type=submit,id=1,label=initial,at=45807091587283,thread=main,active=0
09-23 20:21:39.740 14597 14612 I D05M04  : EVENT,type=body,ordinal=1,requestId=1,at=45807092400983,thread=DefaultDispatcher-worker-1
09-23 20:21:39.741 14597 14612 I D05M04  : EVENT,type=engine-enter,ordinal=1,requestId=1,at=45807093012483,thread=DefaultDispatcher-worker-1,active=1
09-23 20:21:39.760 14597 14597 I D05M04  : EVENT,type=submit,id=2,label=stress-1,at=45807112892483,thread=main,active=1
09-23 20:21:39.776 14597 14597 I D05M04  : EVENT,type=submit,id=3,label=stress-2,at=45807128173883,thread=main,active=1
09-23 20:21:39.791 14597 14597 I D05M04  : EVENT,type=submit,id=4,label=stress-3,at=45807144060283,thread=main,active=1
09-23 20:21:39.806 14597 14597 I D05M04  : EVENT,type=submit,id=5,label=stress-4,at=45807159027383,thread=main,active=1
09-23 20:21:39.822 14597 14597 I D05M04  : EVENT,type=submit,id=6,label=stress-5,at=45807174179483,thread=main,active=1
09-23 20:21:39.836 14597 14597 I D05M04  : EVENT,type=submit,id=7,label=stress-6,at=45807189038983,thread=main,active=1
09-23 20:21:39.852 14597 14597 I D05M04  : EVENT,type=submit,id=8,label=stress-7,at=45807204685583,thread=main,active=1
09-23 20:21:39.867 14597 14597 I D05M04  : EVENT,type=submit,id=9,label=stress-8,at=45807219791683,thread=main,active=1
09-23 20:21:39.884 14597 14597 I D05M04  : EVENT,type=submit,id=10,label=stress-9,at=45807236945883,thread=main,active=1
09-23 20:21:39.899 14597 14597 I D05M04  : EVENT,type=submit,id=11,label=stress-10,at=45807251716483,thread=main,active=1
09-23 20:21:39.914 14597 14597 I D05M04  : EVENT,type=submit,id=12,label=stress-11,at=45807266247783,thread=main,active=1
09-23 20:21:39.929 14597 14597 I D05M04  : EVENT,type=submit,id=13,label=stress-12,at=45807281550883,thread=main,active=1
09-23 20:21:39.945 14597 14597 I D05M04  : EVENT,type=submit,id=14,label=stress-13,at=45807297928783,thread=main,active=1
09-23 20:21:39.961 14597 14597 I D05M04  : EVENT,type=submit,id=15,label=stress-14,at=45807313336083,thread=main,active=1
09-23 20:21:39.977 14597 14597 I D05M04  : EVENT,type=submit,id=16,label=stress-15,at=45807329797683,thread=main,active=1
09-23 20:21:39.993 14597 14597 I D05M04  : EVENT,type=submit,id=17,label=stress-16,at=45807345545283,thread=main,active=1
09-23 20:21:40.008 14597 14597 I D05M04  : EVENT,type=submit,id=18,label=stress-17,at=45807360663783,thread=main,active=1
09-23 20:21:40.024 14597 14597 I D05M04  : EVENT,type=submit,id=19,label=stress-18,at=45807376205983,thread=main,active=1
09-23 20:21:40.040 14597 14597 I D05M04  : EVENT,type=submit,id=20,label=stress-19,at=45807392218783,thread=main,active=1
09-23 20:21:40.056 14597 14597 I D05M04  : EVENT,type=submit,id=21,label=stress-final,at=45807408274683,thread=main,active=1
09-23 20:21:40.518 14597 14612 I D05M04  : EVENT,type=engine-return,ordinal=1,requestId=1,at=45807871134583,thread=DefaultDispatcher-worker-1,active=0
09-23 20:21:40.521 14597 14612 I D05M04  : EVENT,type=body,ordinal=2,requestId=21,at=45807873554683,thread=DefaultDispatcher-worker-1
09-23 20:21:40.524 14597 14612 I D05M04  : EVENT,type=body,ordinal=3,requestId=21,at=45807877087383,thread=DefaultDispatcher-worker-1
09-23 20:21:40.525 14597 14612 I D05M04  : EVENT,type=engine-enter,ordinal=3,requestId=21,at=45807877281983,thread=DefaultDispatcher-worker-1,active=1
09-23 20:21:41.267 14597 14612 I D05M04  : EVENT,type=engine-return,ordinal=3,requestId=21,at=45808619993983,thread=DefaultDispatcher-worker-1,active=0
09-23 20:21:41.268 14597 14612 I D05M04  : EVENT,type=calculator-return,logical=home,ordinal=3,requestId=21,at=45808620195083,thread=DefaultDispatcher-worker-1
09-23 20:21:41.268 14597 14597 I D05M04  : EVENT,type=publication,ordinal=3,requestId=21,at=45808620490983,thread=main
09-23 20:21:41.270 14597 14611 I D05M04  : RESULT,group=D,rep=21,point=non-normal-10ms,valid=true,submitted=21,started=3,skipped=18,finalRequestId=21,finalLabel=stress-final,finalSubmitNs=45807408274683,finalBodyLaunchNs=45807877087383,finalEngineEnterNs=45807877281983,finalEngineReturnNs=45808619993983,finalCalculatorReturnNs=45808620195083,finalPublicationNs=45808620490983,finalStartNs=469007300,finalRuntimeNs=742712000,finalPublicationLatencyNs=1212216300,activeAtFinalSubmission=1,peakConcurrency=1,obsoleteDrainNs=462859900,engineOnMain=false,finalEngineThread=DefaultDispatcher-worker-1,publicationThread=Main
09-23 20:21:41.273 14597 14597 I D05M04  : EVENT,type=submit,id=1,label=initial,at=45808626106383,thread=main,active=0
09-23 20:21:41.274 14597 14612 I D05M04  : EVENT,type=body,ordinal=1,requestId=1,at=45808626758383,thread=DefaultDispatcher-worker-1
09-23 20:21:41.275 14597 14612 I D05M04  : EVENT,type=engine-enter,ordinal=1,requestId=1,at=45808627272083,thread=DefaultDispatcher-worker-1,active=1
09-23 20:21:41.304 14597 14597 I D05M04  : EVENT,type=submit,id=2,label=stress-1,at=45808657025883,thread=main,active=1
09-23 20:21:41.321 14597 14597 I D05M04  : EVENT,type=submit,id=3,label=stress-2,at=45808673335783,thread=main,active=1
09-23 20:21:41.339 14597 14597 I D05M04  : EVENT,type=submit,id=4,label=stress-3,at=45808691150083,thread=main,active=1
09-23 20:21:41.367 14597 14597 I D05M04  : EVENT,type=submit,id=5,label=stress-4,at=45808719689483,thread=main,active=1
09-23 20:21:41.382 14597 14597 I D05M04  : EVENT,type=submit,id=6,label=stress-5,at=45808734941383,thread=main,active=1
09-23 20:21:41.399 14597 14597 I D05M04  : EVENT,type=submit,id=7,label=stress-6,at=45808751473683,thread=main,active=1
09-23 20:21:41.430 14597 14597 I D05M04  : EVENT,type=submit,id=8,label=stress-7,at=45808782346383,thread=main,active=1
09-23 20:21:41.445 14597 14597 I D05M04  : EVENT,type=submit,id=9,label=stress-8,at=45808797392883,thread=main,active=1
09-23 20:21:41.461 14597 14597 I D05M04  : EVENT,type=submit,id=10,label=stress-9,at=45808813538383,thread=main,active=1
09-23 20:21:41.476 14597 14597 I D05M04  : EVENT,type=submit,id=11,label=stress-10,at=45808828622683,thread=main,active=1
09-23 20:21:41.491 14597 14597 I D05M04  : EVENT,type=submit,id=12,label=stress-11,at=45808843796883,thread=main,active=1
09-23 20:21:41.508 14597 14597 I D05M04  : EVENT,type=submit,id=13,label=stress-12,at=45808860234083,thread=main,active=1
09-23 20:21:41.523 14597 14597 I D05M04  : EVENT,type=submit,id=14,label=stress-13,at=45808875737383,thread=main,active=1
09-23 20:21:41.539 14597 14597 I D05M04  : EVENT,type=submit,id=15,label=stress-14,at=45808891265883,thread=main,active=1
09-23 20:21:41.554 14597 14597 I D05M04  : EVENT,type=submit,id=16,label=stress-15,at=45808906593583,thread=main,active=1
09-23 20:21:41.570 14597 14597 I D05M04  : EVENT,type=submit,id=17,label=stress-16,at=45808922442083,thread=main,active=1
09-23 20:21:41.586 14597 14597 I D05M04  : EVENT,type=submit,id=18,label=stress-17,at=45808937706983,thread=main,active=1
09-23 20:21:41.616 14597 14597 I D05M04  : EVENT,type=submit,id=19,label=stress-18,at=45808968967683,thread=main,active=1
09-23 20:21:41.632 14597 14597 I D05M04  : EVENT,type=submit,id=20,label=stress-19,at=45808984212183,thread=main,active=1
09-23 20:21:41.647 14597 14597 I D05M04  : EVENT,type=submit,id=21,label=stress-final,at=45808999205983,thread=main,active=1
09-23 20:21:42.074 14597 14612 I D05M04  : EVENT,type=engine-return,ordinal=1,requestId=1,at=45809426831383,thread=DefaultDispatcher-worker-1,active=0
09-23 20:21:42.080 14597 14612 I D05M04  : EVENT,type=body,ordinal=2,requestId=21,at=45809432316483,thread=DefaultDispatcher-worker-1
09-23 20:21:42.083 14597 14612 I D05M04  : EVENT,type=engine-enter,ordinal=2,requestId=21,at=45809435486483,thread=DefaultDispatcher-worker-1,active=1
09-23 20:21:42.851 14597 14612 I D05M04  : EVENT,type=engine-return,ordinal=2,requestId=21,at=45810203701783,thread=DefaultDispatcher-worker-1,active=0
09-23 20:21:42.851 14597 14612 I D05M04  : EVENT,type=calculator-return,logical=home,ordinal=2,requestId=21,at=45810203929383,thread=DefaultDispatcher-worker-1
09-23 20:21:42.852 14597 14597 I D05M04  : EVENT,type=publication,ordinal=2,requestId=21,at=45810204466483,thread=main
09-23 20:21:42.867 14597 14611 I D05M04  : RESULT,group=D,rep=22,point=non-normal-10ms,valid=true,submitted=21,started=2,skipped=19,finalRequestId=21,finalLabel=stress-final,finalSubmitNs=45808999205983,finalBodyLaunchNs=45809432316483,finalEngineEnterNs=45809435486483,finalEngineReturnNs=45810203701783,finalCalculatorReturnNs=45810203929383,finalPublicationNs=45810204466483,finalStartNs=436280500,finalRuntimeNs=768215300,finalPublicationLatencyNs=1205260500,activeAtFinalSubmission=1,peakConcurrency=1,obsoleteDrainNs=427625400,engineOnMain=false,finalEngineThread=DefaultDispatcher-worker-1,publicationThread=Main
09-23 20:21:42.871 14597 14597 I D05M04  : EVENT,type=submit,id=1,label=initial,at=45810223342883,thread=main,active=0
09-23 20:21:42.872 14597 14612 I D05M04  : EVENT,type=body,ordinal=1,requestId=1,at=45810224370283,thread=DefaultDispatcher-worker-1
09-23 20:21:42.874 14597 14612 I D05M04  : EVENT,type=engine-enter,ordinal=1,requestId=1,at=45810226586083,thread=DefaultDispatcher-worker-1,active=1
09-23 20:21:42.898 14597 14597 I D05M04  : EVENT,type=submit,id=2,label=stress-1,at=45810250889783,thread=main,active=1
09-23 20:21:42.918 14597 14597 I D05M04  : EVENT,type=submit,id=3,label=stress-2,at=45810270672183,thread=main,active=1
09-23 20:21:42.929 14597 14597 I D05M04  : EVENT,type=submit,id=4,label=stress-3,at=45810281885083,thread=main,active=1
09-23 20:21:42.946 14597 14597 I D05M04  : EVENT,type=submit,id=5,label=stress-4,at=45810298338483,thread=main,active=1
09-23 20:21:42.963 14597 14597 I D05M04  : EVENT,type=submit,id=6,label=stress-5,at=45810315700583,thread=main,active=1
09-23 20:21:42.979 14597 14597 I D05M04  : EVENT,type=submit,id=7,label=stress-6,at=45810332041783,thread=main,active=1
09-23 20:21:43.010 14597 14597 I D05M04  : EVENT,type=submit,id=8,label=stress-7,at=45810362525083,thread=main,active=1
09-23 20:21:43.027 14597 14597 I D05M04  : EVENT,type=submit,id=9,label=stress-8,at=45810379770083,thread=main,active=1
09-23 20:21:43.041 14597 14597 I D05M04  : EVENT,type=submit,id=10,label=stress-9,at=45810393396883,thread=main,active=1
09-23 20:21:43.057 14597 14597 I D05M04  : EVENT,type=submit,id=11,label=stress-10,at=45810408836583,thread=main,active=1
09-23 20:21:43.072 14597 14597 I D05M04  : EVENT,type=submit,id=12,label=stress-11,at=45810424535683,thread=main,active=1
09-23 20:21:43.087 14597 14597 I D05M04  : EVENT,type=submit,id=13,label=stress-12,at=45810439808383,thread=main,active=1
09-23 20:21:43.103 14597 14597 I D05M04  : EVENT,type=submit,id=14,label=stress-13,at=45810455457083,thread=main,active=1
09-23 20:21:43.117 14597 14597 I D05M04  : EVENT,type=submit,id=15,label=stress-14,at=45810470106883,thread=main,active=1
09-23 20:21:43.133 14597 14597 I D05M04  : EVENT,type=submit,id=16,label=stress-15,at=45810485878183,thread=main,active=1
09-23 20:21:43.148 14597 14597 I D05M04  : EVENT,type=submit,id=17,label=stress-16,at=45810501133483,thread=main,active=1
09-23 20:21:43.165 14597 14597 I D05M04  : EVENT,type=submit,id=18,label=stress-17,at=45810516915783,thread=main,active=1
09-23 20:21:43.179 14597 14597 I D05M04  : EVENT,type=submit,id=19,label=stress-18,at=45810532131883,thread=main,active=1
09-23 20:21:43.195 14597 14597 I D05M04  : EVENT,type=submit,id=20,label=stress-19,at=45810547579683,thread=main,active=1
09-23 20:21:43.211 14597 14597 I D05M04  : EVENT,type=submit,id=21,label=stress-final,at=45810563782683,thread=main,active=1
09-23 20:21:43.648 14597 14612 I D05M04  : EVENT,type=engine-return,ordinal=1,requestId=1,at=45811000660383,thread=DefaultDispatcher-worker-1,active=0
09-23 20:21:43.651 14597 14612 I D05M04  : EVENT,type=body,ordinal=2,requestId=21,at=45811003466683,thread=DefaultDispatcher-worker-1
09-23 20:21:43.657 14597 14612 I D05M04  : EVENT,type=body,ordinal=3,requestId=21,at=45811009256883,thread=DefaultDispatcher-worker-1
09-23 20:21:43.659 14597 14612 I D05M04  : EVENT,type=engine-enter,ordinal=3,requestId=21,at=45811010554383,thread=DefaultDispatcher-worker-1,active=1
09-23 20:21:44.421 14597 14612 I D05M04  : EVENT,type=engine-return,ordinal=3,requestId=21,at=45811773306483,thread=DefaultDispatcher-worker-1,active=0
09-23 20:21:44.421 14597 14612 I D05M04  : EVENT,type=calculator-return,logical=home,ordinal=3,requestId=21,at=45811773675783,thread=DefaultDispatcher-worker-1
09-23 20:21:44.422 14597 14597 I D05M04  : EVENT,type=publication,ordinal=3,requestId=21,at=45811774338283,thread=main
09-23 20:21:44.425 14597 14611 I D05M04  : RESULT,group=D,rep=23,point=non-normal-10ms,valid=true,submitted=21,started=3,skipped=18,finalRequestId=21,finalLabel=stress-final,finalSubmitNs=45810563782683,finalBodyLaunchNs=45811009256883,finalEngineEnterNs=45811010554383,finalEngineReturnNs=45811773306483,finalCalculatorReturnNs=45811773675783,finalPublicationNs=45811774338283,finalStartNs=446771700,finalRuntimeNs=762752100,finalPublicationLatencyNs=1210555600,activeAtFinalSubmission=1,peakConcurrency=1,obsoleteDrainNs=436877700,engineOnMain=false,finalEngineThread=DefaultDispatcher-worker-1,publicationThread=Main
09-23 20:21:44.429 14597 14597 I D05M04  : EVENT,type=submit,id=1,label=initial,at=45811781682983,thread=main,active=0
09-23 20:21:44.431 14597 14612 I D05M04  : EVENT,type=body,ordinal=1,requestId=1,at=45811784056183,thread=DefaultDispatcher-worker-1
09-23 20:21:44.432 14597 14612 I D05M04  : EVENT,type=engine-enter,ordinal=1,requestId=1,at=45811784317683,thread=DefaultDispatcher-worker-1,active=1
09-23 20:21:44.451 14597 14597 I D05M04  : EVENT,type=submit,id=2,label=stress-1,at=45811803508483,thread=main,active=1
09-23 20:21:44.465 14597 14597 I D05M04  : EVENT,type=submit,id=3,label=stress-2,at=45811818144483,thread=main,active=1
09-23 20:21:44.481 14597 14597 I D05M04  : EVENT,type=submit,id=4,label=stress-3,at=45811833980583,thread=main,active=1
09-23 20:21:44.496 14597 14597 I D05M04  : EVENT,type=submit,id=5,label=stress-4,at=45811848769283,thread=main,active=1
09-23 20:21:44.511 14597 14597 I D05M04  : EVENT,type=submit,id=6,label=stress-5,at=45811864151583,thread=main,active=1
09-23 20:21:44.527 14597 14597 I D05M04  : EVENT,type=submit,id=7,label=stress-6,at=45811879882783,thread=main,active=1
09-23 20:21:44.542 14597 14597 I D05M04  : EVENT,type=submit,id=8,label=stress-7,at=45811895128883,thread=main,active=1
09-23 20:21:44.558 14597 14597 I D05M04  : EVENT,type=submit,id=9,label=stress-8,at=45811910814083,thread=main,active=1
09-23 20:21:44.575 14597 14597 I D05M04  : EVENT,type=submit,id=10,label=stress-9,at=45811927544983,thread=main,active=1
09-23 20:21:44.590 14597 14597 I D05M04  : EVENT,type=submit,id=11,label=stress-10,at=45811942460183,thread=main,active=1
09-23 20:21:44.607 14597 14597 I D05M04  : EVENT,type=submit,id=12,label=stress-11,at=45811959370883,thread=main,active=1
09-23 20:21:44.621 14597 14597 I D05M04  : EVENT,type=submit,id=13,label=stress-12,at=45811973403683,thread=main,active=1
09-23 20:21:44.637 14597 14597 I D05M04  : EVENT,type=submit,id=14,label=stress-13,at=45811989376383,thread=main,active=1
09-23 20:21:44.652 14597 14597 I D05M04  : EVENT,type=submit,id=15,label=stress-14,at=45812004414983,thread=main,active=1
09-23 20:21:44.667 14597 14597 I D05M04  : EVENT,type=submit,id=16,label=stress-15,at=45812019753783,thread=main,active=1
09-23 20:21:44.683 14597 14597 I D05M04  : EVENT,type=submit,id=17,label=stress-16,at=45812035232483,thread=main,active=1
09-23 20:21:44.699 14597 14597 I D05M04  : EVENT,type=submit,id=18,label=stress-17,at=45812051261183,thread=main,active=1
09-23 20:21:44.713 14597 14597 I D05M04  : EVENT,type=submit,id=19,label=stress-18,at=45812066124783,thread=main,active=1
09-23 20:21:44.729 14597 14597 I D05M04  : EVENT,type=submit,id=20,label=stress-19,at=45812081926783,thread=main,active=1
09-23 20:21:44.745 14597 14597 I D05M04  : EVENT,type=submit,id=21,label=stress-final,at=45812097287683,thread=main,active=1
09-23 20:21:45.268 14597 14612 I D05M04  : EVENT,type=engine-return,ordinal=1,requestId=1,at=45812620367983,thread=DefaultDispatcher-worker-1,active=0
09-23 20:21:45.272 14597 14612 I D05M04  : EVENT,type=body,ordinal=2,requestId=21,at=45812624206083,thread=DefaultDispatcher-worker-1
09-23 20:21:45.272 14597 14612 I D05M04  : EVENT,type=engine-enter,ordinal=2,requestId=21,at=45812624433583,thread=DefaultDispatcher-worker-1,active=1
09-23 20:21:46.034 14597 14612 I D05M04  : EVENT,type=engine-return,ordinal=2,requestId=21,at=45813386274583,thread=DefaultDispatcher-worker-1,active=0
09-23 20:21:46.034 14597 14612 I D05M04  : EVENT,type=calculator-return,logical=home,ordinal=2,requestId=21,at=45813386483783,thread=DefaultDispatcher-worker-1
09-23 20:21:46.034 14597 14597 I D05M04  : EVENT,type=publication,ordinal=2,requestId=21,at=45813386808283,thread=main
09-23 20:21:46.037 14597 14611 I D05M04  : RESULT,group=D,rep=24,point=non-normal-10ms,valid=true,submitted=21,started=2,skipped=19,finalRequestId=21,finalLabel=stress-final,finalSubmitNs=45812097287683,finalBodyLaunchNs=45812624206083,finalEngineEnterNs=45812624433583,finalEngineReturnNs=45813386274583,finalCalculatorReturnNs=45813386483783,finalPublicationNs=45813386808283,finalStartNs=527145900,finalRuntimeNs=761841000,finalPublicationLatencyNs=1289520600,activeAtFinalSubmission=1,peakConcurrency=1,obsoleteDrainNs=523080300,engineOnMain=false,finalEngineThread=DefaultDispatcher-worker-1,publicationThread=Main
09-23 20:21:46.042 14597 14597 I D05M04  : EVENT,type=submit,id=1,label=initial,at=45813394296183,thread=main,active=0
09-23 20:21:46.043 14597 14612 I D05M04  : EVENT,type=body,ordinal=1,requestId=1,at=45813395250183,thread=DefaultDispatcher-worker-1
09-23 20:21:46.045 14597 14612 I D05M04  : EVENT,type=engine-enter,ordinal=1,requestId=1,at=45813397176283,thread=DefaultDispatcher-worker-1,active=1
09-23 20:21:46.059 14597 14597 I D05M04  : EVENT,type=submit,id=2,label=stress-1,at=45813411765283,thread=main,active=1
09-23 20:21:46.074 14597 14597 I D05M04  : EVENT,type=submit,id=3,label=stress-2,at=45813426763783,thread=main,active=1
09-23 20:21:46.090 14597 14597 I D05M04  : EVENT,type=submit,id=4,label=stress-3,at=45813442664583,thread=main,active=1
09-23 20:21:46.106 14597 14597 I D05M04  : EVENT,type=submit,id=5,label=stress-4,at=45813458174183,thread=main,active=1
09-23 20:21:46.121 14597 14597 I D05M04  : EVENT,type=submit,id=6,label=stress-5,at=45813473373183,thread=main,active=1
09-23 20:21:46.136 14597 14597 I D05M04  : EVENT,type=submit,id=7,label=stress-6,at=45813488943883,thread=main,active=1
09-23 20:21:46.152 14597 14597 I D05M04  : EVENT,type=submit,id=8,label=stress-7,at=45813504733283,thread=main,active=1
09-23 20:21:46.168 14597 14597 I D05M04  : EVENT,type=submit,id=9,label=stress-8,at=45813521130883,thread=main,active=1
09-23 20:21:46.186 14597 14597 I D05M04  : EVENT,type=submit,id=10,label=stress-9,at=45813538510083,thread=main,active=1
09-23 20:21:46.199 14597 14597 I D05M04  : EVENT,type=submit,id=11,label=stress-10,at=45813552101483,thread=main,active=1
09-23 20:21:46.214 14597 14597 I D05M04  : EVENT,type=submit,id=12,label=stress-11,at=45813566696783,thread=main,active=1
09-23 20:21:46.230 14597 14597 I D05M04  : EVENT,type=submit,id=13,label=stress-12,at=45813582353583,thread=main,active=1
09-23 20:21:46.245 14597 14597 I D05M04  : EVENT,type=submit,id=14,label=stress-13,at=45813597924083,thread=main,active=1
09-23 20:21:46.262 14597 14597 I D05M04  : EVENT,type=submit,id=15,label=stress-14,at=45813614456883,thread=main,active=1
09-23 20:21:46.277 14597 14597 I D05M04  : EVENT,type=submit,id=16,label=stress-15,at=45813629513283,thread=main,active=1
09-23 20:21:46.293 14597 14597 I D05M04  : EVENT,type=submit,id=17,label=stress-16,at=45813645510183,thread=main,active=1
09-23 20:21:46.308 14597 14597 I D05M04  : EVENT,type=submit,id=18,label=stress-17,at=45813660723983,thread=main,active=1
09-23 20:21:46.324 14597 14597 I D05M04  : EVENT,type=submit,id=19,label=stress-18,at=45813676744183,thread=main,active=1
09-23 20:21:46.341 14597 14597 I D05M04  : EVENT,type=submit,id=20,label=stress-19,at=45813692682683,thread=main,active=1
09-23 20:21:46.356 14597 14597 I D05M04  : EVENT,type=submit,id=21,label=stress-final,at=45813708729083,thread=main,active=1
09-23 20:21:46.841 14597 14612 I D05M04  : EVENT,type=engine-return,ordinal=1,requestId=1,at=45814193563983,thread=DefaultDispatcher-worker-1,active=0
09-23 20:21:46.844 14597 14612 I D05M04  : EVENT,type=body,ordinal=2,requestId=21,at=45814195689683,thread=DefaultDispatcher-worker-1
09-23 20:21:46.847 14597 14612 I D05M04  : EVENT,type=body,ordinal=3,requestId=21,at=45814199350583,thread=DefaultDispatcher-worker-1
09-23 20:21:46.847 14597 14612 I D05M04  : EVENT,type=engine-enter,ordinal=3,requestId=21,at=45814199540083,thread=DefaultDispatcher-worker-1,active=1
09-23 20:21:47.610 14597 14612 I D05M04  : EVENT,type=engine-return,ordinal=3,requestId=21,at=45814962940883,thread=DefaultDispatcher-worker-1,active=0
09-23 20:21:47.610 14597 14612 I D05M04  : EVENT,type=calculator-return,logical=home,ordinal=3,requestId=21,at=45814963157683,thread=DefaultDispatcher-worker-1
09-23 20:21:47.611 14597 14597 I D05M04  : EVENT,type=publication,ordinal=3,requestId=21,at=45814963548883,thread=main
09-23 20:21:47.613 14597 14611 I D05M04  : RESULT,group=D,rep=25,point=non-normal-10ms,valid=true,submitted=21,started=3,skipped=18,finalRequestId=21,finalLabel=stress-final,finalSubmitNs=45813708729083,finalBodyLaunchNs=45814199350583,finalEngineEnterNs=45814199540083,finalEngineReturnNs=45814962940883,finalCalculatorReturnNs=45814963157683,finalPublicationNs=45814963548883,finalStartNs=490811000,finalRuntimeNs=763400800,finalPublicationLatencyNs=1254819800,activeAtFinalSubmission=1,peakConcurrency=1,obsoleteDrainNs=484834900,engineOnMain=false,finalEngineThread=DefaultDispatcher-worker-1,publicationThread=Main
09-23 20:21:47.615 14597 14597 I D05M04  : EVENT,type=submit,id=1,label=initial,at=45814968146283,thread=main,active=0
09-23 20:21:47.617 14597 14612 I D05M04  : EVENT,type=body,ordinal=1,requestId=1,at=45814969390483,thread=DefaultDispatcher-worker-1
09-23 20:21:47.617 14597 14612 I D05M04  : EVENT,type=engine-enter,ordinal=1,requestId=1,at=45814969739283,thread=DefaultDispatcher-worker-1,active=1
09-23 20:21:47.634 14597 14597 I D05M04  : EVENT,type=submit,id=2,label=stress-1,at=45814987145083,thread=main,active=1
09-23 20:21:47.650 14597 14597 I D05M04  : EVENT,type=submit,id=3,label=stress-2,at=45815002562583,thread=main,active=1
09-23 20:21:47.665 14597 14597 I D05M04  : EVENT,type=submit,id=4,label=stress-3,at=45815017720883,thread=main,active=1
09-23 20:21:47.681 14597 14597 I D05M04  : EVENT,type=submit,id=5,label=stress-4,at=45815033386983,thread=main,active=1
09-23 20:21:47.696 14597 14597 I D05M04  : EVENT,type=submit,id=6,label=stress-5,at=45815048752883,thread=main,active=1
09-23 20:21:47.712 14597 14597 I D05M04  : EVENT,type=submit,id=7,label=stress-6,at=45815064591383,thread=main,active=1
09-23 20:21:47.728 14597 14597 I D05M04  : EVENT,type=submit,id=8,label=stress-7,at=45815080449383,thread=main,active=1
09-23 20:21:47.744 14597 14597 I D05M04  : EVENT,type=submit,id=9,label=stress-8,at=45815096502483,thread=main,active=1
09-23 20:21:47.759 14597 14597 I D05M04  : EVENT,type=submit,id=10,label=stress-9,at=45815111623183,thread=main,active=1
09-23 20:21:47.775 14597 14597 I D05M04  : EVENT,type=submit,id=11,label=stress-10,at=45815127623683,thread=main,active=1
09-23 20:21:47.790 14597 14597 I D05M04  : EVENT,type=submit,id=12,label=stress-11,at=45815142874583,thread=main,active=1
09-23 20:21:47.806 14597 14597 I D05M04  : EVENT,type=submit,id=13,label=stress-12,at=45815159012683,thread=main,active=1
09-23 20:21:47.822 14597 14597 I D05M04  : EVENT,type=submit,id=14,label=stress-13,at=45815174857083,thread=main,active=1
09-23 20:21:47.837 14597 14597 I D05M04  : EVENT,type=submit,id=15,label=stress-14,at=45815189736783,thread=main,active=1
09-23 20:21:47.853 14597 14597 I D05M04  : EVENT,type=submit,id=16,label=stress-15,at=45815205873883,thread=main,active=1
09-23 20:21:47.868 14597 14597 I D05M04  : EVENT,type=submit,id=17,label=stress-16,at=45815220516283,thread=main,active=1
09-23 20:21:47.884 14597 14597 I D05M04  : EVENT,type=submit,id=18,label=stress-17,at=45815236496583,thread=main,active=1
09-23 20:21:47.899 14597 14597 I D05M04  : EVENT,type=submit,id=19,label=stress-18,at=45815251660283,thread=main,active=1
09-23 20:21:47.914 14597 14597 I D05M04  : EVENT,type=submit,id=20,label=stress-19,at=45815266693183,thread=main,active=1
09-23 20:21:47.930 14597 14597 I D05M04  : EVENT,type=submit,id=21,label=stress-final,at=45815282193283,thread=main,active=1
09-23 20:21:48.396 14597 14612 I D05M04  : EVENT,type=engine-return,ordinal=1,requestId=1,at=45815748539283,thread=DefaultDispatcher-worker-1,active=0
09-23 20:21:48.400 14597 14612 I D05M04  : EVENT,type=body,ordinal=2,requestId=21,at=45815752935583,thread=DefaultDispatcher-worker-1
09-23 20:21:48.403 14597 14612 I D05M04  : EVENT,type=engine-enter,ordinal=2,requestId=21,at=45815755409283,thread=DefaultDispatcher-worker-1,active=1
09-23 20:21:49.200 14597 14612 I D05M04  : EVENT,type=engine-return,ordinal=2,requestId=21,at=45816553056383,thread=DefaultDispatcher-worker-1,active=0
09-23 20:21:49.201 14597 14612 I D05M04  : EVENT,type=calculator-return,logical=home,ordinal=2,requestId=21,at=45816553233783,thread=DefaultDispatcher-worker-1
09-23 20:21:49.203 14597 14597 I D05M04  : EVENT,type=publication,ordinal=2,requestId=21,at=45816555684083,thread=main
09-23 20:21:49.211 14597 14611 I D05M04  : RESULT,group=D,rep=26,point=non-normal-10ms,valid=true,submitted=21,started=2,skipped=19,finalRequestId=21,finalLabel=stress-final,finalSubmitNs=45815282193283,finalBodyLaunchNs=45815752935583,finalEngineEnterNs=45815755409283,finalEngineReturnNs=45816553056383,finalCalculatorReturnNs=45816553233783,finalPublicationNs=45816555684083,finalStartNs=473216000,finalRuntimeNs=797647100,finalPublicationLatencyNs=1273490800,activeAtFinalSubmission=1,peakConcurrency=1,obsoleteDrainNs=466346000,engineOnMain=false,finalEngineThread=DefaultDispatcher-worker-1,publicationThread=Main
09-23 20:21:49.214 14597 14597 I D05M04  : EVENT,type=submit,id=1,label=initial,at=45816566437983,thread=main,active=0
09-23 20:21:49.214 14597 14612 I D05M04  : EVENT,type=body,ordinal=1,requestId=1,at=45816567065883,thread=DefaultDispatcher-worker-1
09-23 20:21:49.216 14597 14612 I D05M04  : EVENT,type=engine-enter,ordinal=1,requestId=1,at=45816567262383,thread=DefaultDispatcher-worker-1,active=1
09-23 20:21:49.228 14597 14597 I D05M04  : EVENT,type=submit,id=2,label=stress-1,at=45816581070083,thread=main,active=1
09-23 20:21:49.257 14597 14597 I D05M04  : EVENT,type=submit,id=3,label=stress-2,at=45816609741683,thread=main,active=1
09-23 20:21:49.272 14597 14597 I D05M04  : EVENT,type=submit,id=4,label=stress-3,at=45816624804983,thread=main,active=1
09-23 20:21:49.287 14597 14597 I D05M04  : EVENT,type=submit,id=5,label=stress-4,at=45816639348683,thread=main,active=1
09-23 20:21:49.302 14597 14597 I D05M04  : EVENT,type=submit,id=6,label=stress-5,at=45816654278283,thread=main,active=1
09-23 20:21:49.318 14597 14597 I D05M04  : EVENT,type=submit,id=7,label=stress-6,at=45816670842283,thread=main,active=1
09-23 20:21:49.349 14597 14597 I D05M04  : EVENT,type=submit,id=8,label=stress-7,at=45816701932583,thread=main,active=1
09-23 20:21:49.365 14597 14597 I D05M04  : EVENT,type=submit,id=9,label=stress-8,at=45816717221483,thread=main,active=1
09-23 20:21:49.381 14597 14597 I D05M04  : EVENT,type=submit,id=10,label=stress-9,at=45816733425083,thread=main,active=1
09-23 20:21:49.396 14597 14597 I D05M04  : EVENT,type=submit,id=11,label=stress-10,at=45816748676783,thread=main,active=1
09-23 20:21:49.411 14597 14597 I D05M04  : EVENT,type=submit,id=12,label=stress-11,at=45816763956883,thread=main,active=1
09-23 20:21:49.426 14597 14597 I D05M04  : EVENT,type=submit,id=13,label=stress-12,at=45816778716983,thread=main,active=1
09-23 20:21:49.442 14597 14597 I D05M04  : EVENT,type=submit,id=14,label=stress-13,at=45816794573383,thread=main,active=1
09-23 20:21:49.456 14597 14597 I D05M04  : EVENT,type=submit,id=15,label=stress-14,at=45816809121083,thread=main,active=1
09-23 20:21:49.471 14597 14597 I D05M04  : EVENT,type=submit,id=16,label=stress-15,at=45816824082183,thread=main,active=1
09-23 20:21:49.487 14597 14597 I D05M04  : EVENT,type=submit,id=17,label=stress-16,at=45816839391983,thread=main,active=1
09-23 20:21:49.502 14597 14597 I D05M04  : EVENT,type=submit,id=18,label=stress-17,at=45816855060583,thread=main,active=1
09-23 20:21:49.519 14597 14597 I D05M04  : EVENT,type=submit,id=19,label=stress-18,at=45816871696083,thread=main,active=1
09-23 20:21:49.533 14597 14597 I D05M04  : EVENT,type=submit,id=20,label=stress-19,at=45816885419383,thread=main,active=1
09-23 20:21:49.548 14597 14597 I D05M04  : EVENT,type=submit,id=21,label=stress-final,at=45816900190483,thread=main,active=1
09-23 20:21:49.997 14597 14612 I D05M04  : EVENT,type=engine-return,ordinal=1,requestId=1,at=45817350052483,thread=DefaultDispatcher-worker-1,active=0
09-23 20:21:50.001 14597 14612 I D05M04  : EVENT,type=body,ordinal=2,requestId=21,at=45817353484283,thread=DefaultDispatcher-worker-1
09-23 20:21:50.004 14597 14612 I D05M04  : EVENT,type=body,ordinal=3,requestId=21,at=45817356343883,thread=DefaultDispatcher-worker-1
09-23 20:21:50.004 14597 14612 I D05M04  : EVENT,type=engine-enter,ordinal=3,requestId=21,at=45817357104083,thread=DefaultDispatcher-worker-1,active=1
09-23 20:21:50.783 14597 14612 I D05M04  : EVENT,type=engine-return,ordinal=3,requestId=21,at=45818135212783,thread=DefaultDispatcher-worker-1,active=0
09-23 20:21:50.783 14597 14612 I D05M04  : EVENT,type=calculator-return,logical=home,ordinal=3,requestId=21,at=45818135429883,thread=DefaultDispatcher-worker-1
09-23 20:21:50.786 14597 14597 I D05M04  : EVENT,type=publication,ordinal=3,requestId=21,at=45818138243383,thread=main
09-23 20:21:50.801 14597 14611 I D05M04  : RESULT,group=D,rep=27,point=non-normal-10ms,valid=true,submitted=21,started=3,skipped=18,finalRequestId=21,finalLabel=stress-final,finalSubmitNs=45816900190483,finalBodyLaunchNs=45817356343883,finalEngineEnterNs=45817357104083,finalEngineReturnNs=45818135212783,finalCalculatorReturnNs=45818135429883,finalPublicationNs=45818138243383,finalStartNs=456913600,finalRuntimeNs=778108700,finalPublicationLatencyNs=1238052900,activeAtFinalSubmission=1,peakConcurrency=1,obsoleteDrainNs=449862000,engineOnMain=false,finalEngineThread=DefaultDispatcher-worker-1,publicationThread=Main
09-23 20:21:50.804 14597 14597 I D05M04  : EVENT,type=submit,id=1,label=initial,at=45818156965183,thread=main,active=0
09-23 20:21:50.807 14597 14612 I D05M04  : EVENT,type=body,ordinal=1,requestId=1,at=45818159528683,thread=DefaultDispatcher-worker-1
09-23 20:21:50.809 14597 14612 I D05M04  : EVENT,type=engine-enter,ordinal=1,requestId=1,at=45818160979783,thread=DefaultDispatcher-worker-1,active=1
09-23 20:21:50.832 14597 14597 I D05M04  : EVENT,type=submit,id=2,label=stress-1,at=45818184987783,thread=main,active=1
09-23 20:21:50.847 14597 14597 I D05M04  : EVENT,type=submit,id=3,label=stress-2,at=45818200062383,thread=main,active=1
09-23 20:21:50.862 14597 14597 I D05M04  : EVENT,type=submit,id=4,label=stress-3,at=45818215057883,thread=main,active=1
09-23 20:21:50.879 14597 14597 I D05M04  : EVENT,type=submit,id=5,label=stress-4,at=45818231309683,thread=main,active=1
09-23 20:21:50.895 14597 14597 I D05M04  : EVENT,type=submit,id=6,label=stress-5,at=45818247783883,thread=main,active=1
09-23 20:21:50.912 14597 14597 I D05M04  : EVENT,type=submit,id=7,label=stress-6,at=45818264459583,thread=main,active=1
09-23 20:21:50.928 14597 14597 I D05M04  : EVENT,type=submit,id=8,label=stress-7,at=45818280256583,thread=main,active=1
09-23 20:21:50.942 14597 14597 I D05M04  : EVENT,type=submit,id=9,label=stress-8,at=45818294591483,thread=main,active=1
09-23 20:21:50.958 14597 14597 I D05M04  : EVENT,type=submit,id=10,label=stress-9,at=45818310279783,thread=main,active=1
09-23 20:21:50.973 14597 14597 I D05M04  : EVENT,type=submit,id=11,label=stress-10,at=45818325734683,thread=main,active=1
09-23 20:21:50.988 14597 14597 I D05M04  : EVENT,type=submit,id=12,label=stress-11,at=45818341136383,thread=main,active=1
09-23 20:21:51.005 14597 14597 I D05M04  : EVENT,type=submit,id=13,label=stress-12,at=45818357722283,thread=main,active=1
09-23 20:21:51.021 14597 14597 I D05M04  : EVENT,type=submit,id=14,label=stress-13,at=45818373220983,thread=main,active=1
09-23 20:21:51.036 14597 14597 I D05M04  : EVENT,type=submit,id=15,label=stress-14,at=45818388777783,thread=main,active=1
09-23 20:21:51.052 14597 14597 I D05M04  : EVENT,type=submit,id=16,label=stress-15,at=45818404427583,thread=main,active=1
09-23 20:21:51.068 14597 14597 I D05M04  : EVENT,type=submit,id=17,label=stress-16,at=45818420102383,thread=main,active=1
09-23 20:21:51.084 14597 14597 I D05M04  : EVENT,type=submit,id=18,label=stress-17,at=45818436639483,thread=main,active=1
09-23 20:21:51.100 14597 14597 I D05M04  : EVENT,type=submit,id=19,label=stress-18,at=45818452251083,thread=main,active=1
09-23 20:21:51.115 14597 14597 I D05M04  : EVENT,type=submit,id=20,label=stress-19,at=45818467268083,thread=main,active=1
09-23 20:21:51.130 14597 14597 I D05M04  : EVENT,type=submit,id=21,label=stress-final,at=45818482545583,thread=main,active=1
09-23 20:21:51.583 14597 14612 I D05M04  : EVENT,type=engine-return,ordinal=1,requestId=1,at=45818935033483,thread=DefaultDispatcher-worker-1,active=0
09-23 20:21:51.586 14597 14612 I D05M04  : EVENT,type=body,ordinal=2,requestId=21,at=45818938820983,thread=DefaultDispatcher-worker-1
09-23 20:21:51.586 14597 14612 I D05M04  : EVENT,type=engine-enter,ordinal=2,requestId=21,at=45818939057183,thread=DefaultDispatcher-worker-1,active=1
09-23 20:21:52.365 14597 14612 I D05M04  : EVENT,type=engine-return,ordinal=2,requestId=21,at=45819717608783,thread=DefaultDispatcher-worker-1,active=0
09-23 20:21:52.365 14597 14612 I D05M04  : EVENT,type=calculator-return,logical=home,ordinal=2,requestId=21,at=45819717817283,thread=DefaultDispatcher-worker-1
09-23 20:21:52.368 14597 14597 I D05M04  : EVENT,type=publication,ordinal=2,requestId=21,at=45819720135583,thread=main
09-23 20:21:52.370 14597 14611 I D05M04  : RESULT,group=D,rep=28,point=non-normal-10ms,valid=true,submitted=21,started=2,skipped=19,finalRequestId=21,finalLabel=stress-final,finalSubmitNs=45818482545583,finalBodyLaunchNs=45818938820983,finalEngineEnterNs=45818939057183,finalEngineReturnNs=45819717608783,finalCalculatorReturnNs=45819717817283,finalPublicationNs=45819720135583,finalStartNs=456511600,finalRuntimeNs=778551600,finalPublicationLatencyNs=1237590000,activeAtFinalSubmission=1,peakConcurrency=1,obsoleteDrainNs=452487900,engineOnMain=false,finalEngineThread=DefaultDispatcher-worker-1,publicationThread=Main
09-23 20:21:52.373 14597 14597 I D05M04  : EVENT,type=submit,id=1,label=initial,at=45819725471883,thread=main,active=0
09-23 20:21:52.373 14597 14612 I D05M04  : EVENT,type=body,ordinal=1,requestId=1,at=45819726166883,thread=DefaultDispatcher-worker-1
09-23 20:21:52.374 14597 14612 I D05M04  : EVENT,type=engine-enter,ordinal=1,requestId=1,at=45819726409483,thread=DefaultDispatcher-worker-1,active=1
09-23 20:21:52.394 14597 14597 I D05M04  : EVENT,type=submit,id=2,label=stress-1,at=45819747102083,thread=main,active=1
09-23 20:21:52.410 14597 14597 I D05M04  : EVENT,type=submit,id=3,label=stress-2,at=45819762827283,thread=main,active=1
09-23 20:21:52.426 14597 14597 I D05M04  : EVENT,type=submit,id=4,label=stress-3,at=45819779078283,thread=main,active=1
09-23 20:21:52.442 14597 14597 I D05M04  : EVENT,type=submit,id=5,label=stress-4,at=45819794286283,thread=main,active=1
09-23 20:21:52.457 14597 14597 I D05M04  : EVENT,type=submit,id=6,label=stress-5,at=45819809270283,thread=main,active=1
09-23 20:21:52.471 14597 14597 I D05M04  : EVENT,type=submit,id=7,label=stress-6,at=45819824112083,thread=main,active=1
09-23 20:21:52.487 14597 14597 I D05M04  : EVENT,type=submit,id=8,label=stress-7,at=45819839562683,thread=main,active=1
09-23 20:21:52.503 14597 14597 I D05M04  : EVENT,type=submit,id=9,label=stress-8,at=45819855689783,thread=main,active=1
09-23 20:21:52.519 14597 14597 I D05M04  : EVENT,type=submit,id=10,label=stress-9,at=45819871312683,thread=main,active=1
09-23 20:21:52.539 14597 14597 I D05M04  : EVENT,type=submit,id=11,label=stress-10,at=45819891644583,thread=main,active=1
09-23 20:21:52.565 14597 14597 I D05M04  : EVENT,type=submit,id=12,label=stress-11,at=45819918005483,thread=main,active=1
09-23 20:21:52.580 14597 14597 I D05M04  : EVENT,type=submit,id=13,label=stress-12,at=45819932514783,thread=main,active=1
09-23 20:21:52.596 14597 14597 I D05M04  : EVENT,type=submit,id=14,label=stress-13,at=45819948847083,thread=main,active=1
09-23 20:21:52.612 14597 14597 I D05M04  : EVENT,type=submit,id=15,label=stress-14,at=45819964571183,thread=main,active=1
09-23 20:21:52.627 14597 14597 I D05M04  : EVENT,type=submit,id=16,label=stress-15,at=45819980031983,thread=main,active=1
09-23 20:21:52.643 14597 14597 I D05M04  : EVENT,type=submit,id=17,label=stress-16,at=45819995803983,thread=main,active=1
09-23 20:21:52.660 14597 14597 I D05M04  : EVENT,type=submit,id=18,label=stress-17,at=45820012264683,thread=main,active=1
09-23 20:21:52.674 14597 14597 I D05M04  : EVENT,type=submit,id=19,label=stress-18,at=45820026894583,thread=main,active=1
09-23 20:21:52.690 14597 14597 I D05M04  : EVENT,type=submit,id=20,label=stress-19,at=45820042653983,thread=main,active=1
09-23 20:21:52.705 14597 14597 I D05M04  : EVENT,type=submit,id=21,label=stress-final,at=45820057721583,thread=main,active=1
09-23 20:21:53.150 14597 14612 I D05M04  : EVENT,type=engine-return,ordinal=1,requestId=1,at=45820502383683,thread=DefaultDispatcher-worker-1,active=0
09-23 20:21:53.153 14597 14612 I D05M04  : EVENT,type=body,ordinal=2,requestId=21,at=45820505463483,thread=DefaultDispatcher-worker-1
09-23 20:21:53.156 14597 14612 I D05M04  : EVENT,type=body,ordinal=3,requestId=21,at=45820508407483,thread=DefaultDispatcher-worker-1
09-23 20:21:53.156 14597 14612 I D05M04  : EVENT,type=engine-enter,ordinal=3,requestId=21,at=45820508653283,thread=DefaultDispatcher-worker-1,active=1
09-23 20:21:53.904 14597 14612 I D05M04  : EVENT,type=engine-return,ordinal=3,requestId=21,at=45821256443083,thread=DefaultDispatcher-worker-1,active=0
09-23 20:21:53.904 14597 14612 I D05M04  : EVENT,type=calculator-return,logical=home,ordinal=3,requestId=21,at=45821256655683,thread=DefaultDispatcher-worker-1
09-23 20:21:53.906 14597 14597 I D05M04  : EVENT,type=publication,ordinal=3,requestId=21,at=45821257288183,thread=main
09-23 20:21:53.907 14597 14611 I D05M04  : RESULT,group=D,rep=29,point=non-normal-10ms,valid=true,submitted=21,started=3,skipped=18,finalRequestId=21,finalLabel=stress-final,finalSubmitNs=45820057721583,finalBodyLaunchNs=45820508407483,finalEngineEnterNs=45820508653283,finalEngineReturnNs=45821256443083,finalCalculatorReturnNs=45821256655683,finalPublicationNs=45821257288183,finalStartNs=450931700,finalRuntimeNs=747789800,finalPublicationLatencyNs=1199566600,activeAtFinalSubmission=1,peakConcurrency=1,obsoleteDrainNs=444662100,engineOnMain=false,finalEngineThread=DefaultDispatcher-worker-1,publicationThread=Main
09-23 20:21:53.920 14597 14597 I D05M04  : EVENT,type=submit,id=1,label=initial,at=45821272784983,thread=main,active=0
09-23 20:21:53.921 14597 14612 I D05M04  : EVENT,type=body,ordinal=1,requestId=1,at=45821273551283,thread=DefaultDispatcher-worker-1
09-23 20:21:53.925 14597 14612 I D05M04  : EVENT,type=engine-enter,ordinal=1,requestId=1,at=45821277901483,thread=DefaultDispatcher-worker-1,active=1
09-23 20:21:53.957 14597 14597 I D05M04  : EVENT,type=submit,id=2,label=supersession-early,at=45821309687083,thread=main,active=1
09-23 20:21:54.694 14597 14612 I D05M04  : EVENT,type=engine-return,ordinal=1,requestId=1,at=45822046922983,thread=DefaultDispatcher-worker-1,active=0
09-23 20:21:54.697 14597 14612 I D05M04  : EVENT,type=body,ordinal=2,requestId=2,at=45822050051883,thread=DefaultDispatcher-worker-1
09-23 20:21:54.698 14597 14612 I D05M04  : EVENT,type=engine-enter,ordinal=2,requestId=2,at=45822050436883,thread=DefaultDispatcher-worker-1,active=1
09-23 20:21:55.453 14597 14612 I D05M04  : EVENT,type=engine-return,ordinal=2,requestId=2,at=45822805811083,thread=DefaultDispatcher-worker-1,active=0
09-23 20:21:55.453 14597 14612 I D05M04  : EVENT,type=calculator-return,logical=home,ordinal=2,requestId=2,at=45822806038783,thread=DefaultDispatcher-worker-1
09-23 20:21:55.454 14597 14597 I D05M04  : EVENT,type=publication,ordinal=2,requestId=2,at=45822806358983,thread=main
09-23 20:21:55.457 14597 14611 I D05M04  : RESULT,group=B,rep=0,point=early,valid=true,submitted=2,started=2,skipped=0,finalRequestId=2,finalLabel=supersession-early,finalSubmitNs=45821309687083,finalBodyLaunchNs=45822050051883,finalEngineEnterNs=45822050436883,finalEngineReturnNs=45822805811083,finalCalculatorReturnNs=45822806038783,finalPublicationNs=45822806358983,finalStartNs=740749800,finalRuntimeNs=755374200,finalPublicationLatencyNs=1496671900,activeAtFinalSubmission=1,peakConcurrency=1,obsoleteDrainNs=737235900,engineOnMain=false,finalEngineThread=DefaultDispatcher-worker-1,publicationThread=Main
09-23 20:21:55.459 14597 14597 I D05M04  : EVENT,type=submit,id=1,label=initial,at=45822811560283,thread=main,active=0
09-23 20:21:55.461 14597 14612 I D05M04  : EVENT,type=body,ordinal=1,requestId=1,at=45822814159383,thread=DefaultDispatcher-worker-1
09-23 20:21:55.462 14597 14612 I D05M04  : EVENT,type=engine-enter,ordinal=1,requestId=1,at=45822814564583,thread=DefaultDispatcher-worker-1,active=1
09-23 20:21:55.497 14597 14597 I D05M04  : EVENT,type=submit,id=2,label=supersession-early,at=45822849807983,thread=main,active=1
09-23 20:21:56.210 14597 14612 I D05M04  : EVENT,type=engine-return,ordinal=1,requestId=1,at=45823562676883,thread=DefaultDispatcher-worker-1,active=0
09-23 20:21:56.213 14597 14612 I D05M04  : EVENT,type=body,ordinal=2,requestId=2,at=45823565511883,thread=DefaultDispatcher-worker-1
09-23 20:21:56.214 14597 14612 I D05M04  : EVENT,type=engine-enter,ordinal=2,requestId=2,at=45823566322883,thread=DefaultDispatcher-worker-1,active=1
09-23 20:21:56.969 14597 14612 I D05M04  : EVENT,type=engine-return,ordinal=2,requestId=2,at=45824321914183,thread=DefaultDispatcher-worker-1,active=0
09-23 20:21:56.969 14597 14612 I D05M04  : EVENT,type=calculator-return,logical=home,ordinal=2,requestId=2,at=45824322116483,thread=DefaultDispatcher-worker-1
09-23 20:21:56.970 14597 14597 I D05M04  : EVENT,type=publication,ordinal=2,requestId=2,at=45824322472083,thread=main
09-23 20:21:56.972 14597 14611 I D05M04  : RESULT,group=B,rep=1,point=early,valid=true,submitted=2,started=2,skipped=0,finalRequestId=2,finalLabel=supersession-early,finalSubmitNs=45822849807983,finalBodyLaunchNs=45823565511883,finalEngineEnterNs=45823566322883,finalEngineReturnNs=45824321914183,finalCalculatorReturnNs=45824322116483,finalPublicationNs=45824322472083,finalStartNs=716514900,finalRuntimeNs=755591300,finalPublicationLatencyNs=1472664100,activeAtFinalSubmission=1,peakConcurrency=1,obsoleteDrainNs=712868900,engineOnMain=false,finalEngineThread=DefaultDispatcher-worker-1,publicationThread=Main
09-23 20:21:56.975 14597 14597 I D05M04  : EVENT,type=submit,id=1,label=initial,at=45824327865883,thread=main,active=0
09-23 20:21:56.978 14597 14612 I D05M04  : EVENT,type=body,ordinal=1,requestId=1,at=45824330337383,thread=DefaultDispatcher-worker-1
09-23 20:21:56.979 14597 14612 I D05M04  : EVENT,type=engine-enter,ordinal=1,requestId=1,at=45824331143183,thread=DefaultDispatcher-worker-1,active=1
09-23 20:21:57.013 14597 14597 I D05M04  : EVENT,type=submit,id=2,label=supersession-early,at=45824365651983,thread=main,active=1
09-23 20:21:57.751 14597 14612 I D05M04  : EVENT,type=engine-return,ordinal=1,requestId=1,at=45825103189883,thread=DefaultDispatcher-worker-1,active=0
09-23 20:21:57.754 14597 14612 I D05M04  : EVENT,type=body,ordinal=2,requestId=2,at=45825106181283,thread=DefaultDispatcher-worker-1
09-23 20:21:57.754 14597 14612 I D05M04  : EVENT,type=engine-enter,ordinal=2,requestId=2,at=45825106439983,thread=DefaultDispatcher-worker-1,active=1
09-23 20:21:58.521 14597 14612 I D05M04  : EVENT,type=engine-return,ordinal=2,requestId=2,at=45825873606883,thread=DefaultDispatcher-worker-1,active=0
09-23 20:21:58.521 14597 14612 I D05M04  : EVENT,type=calculator-return,logical=home,ordinal=2,requestId=2,at=45825873814483,thread=DefaultDispatcher-worker-1
09-23 20:21:58.524 14597 14597 I D05M04  : EVENT,type=publication,ordinal=2,requestId=2,at=45825876618983,thread=main
09-23 20:21:58.543 14597 14611 I D05M04  : RESULT,group=B,rep=2,point=early,valid=true,submitted=2,started=2,skipped=0,finalRequestId=2,finalLabel=supersession-early,finalSubmitNs=45824365651983,finalBodyLaunchNs=45825106181283,finalEngineEnterNs=45825106439983,finalEngineReturnNs=45825873606883,finalCalculatorReturnNs=45825873814483,finalPublicationNs=45825876618983,finalStartNs=740788000,finalRuntimeNs=767166900,finalPublicationLatencyNs=1510967000,activeAtFinalSubmission=1,peakConcurrency=1,obsoleteDrainNs=737537900,engineOnMain=false,finalEngineThread=DefaultDispatcher-worker-1,publicationThread=Main
09-23 20:21:58.546 14597 14597 I D05M04  : EVENT,type=submit,id=1,label=initial,at=45825899110983,thread=main,active=0
09-23 20:21:58.549 14597 14612 I D05M04  : EVENT,type=body,ordinal=1,requestId=1,at=45825901659383,thread=DefaultDispatcher-worker-1
09-23 20:21:58.551 14597 14612 I D05M04  : EVENT,type=engine-enter,ordinal=1,requestId=1,at=45825903703283,thread=DefaultDispatcher-worker-1,active=1
09-23 20:21:58.578 14597 14597 I D05M04  : EVENT,type=submit,id=2,label=supersession-early,at=45825930431783,thread=main,active=1
09-23 20:21:59.300 14597 14612 I D05M04  : EVENT,type=engine-return,ordinal=1,requestId=1,at=45826652181283,thread=DefaultDispatcher-worker-1,active=0
09-23 20:21:59.303 14597 14612 I D05M04  : EVENT,type=body,ordinal=2,requestId=2,at=45826655326083,thread=DefaultDispatcher-worker-1
09-23 20:21:59.303 14597 14612 I D05M04  : EVENT,type=engine-enter,ordinal=2,requestId=2,at=45826655630183,thread=DefaultDispatcher-worker-1,active=1
09-23 20:22:00.080 14597 14612 I D05M04  : EVENT,type=engine-return,ordinal=2,requestId=2,at=45827432532083,thread=DefaultDispatcher-worker-1,active=0
09-23 20:22:00.080 14597 14612 I D05M04  : EVENT,type=calculator-return,logical=home,ordinal=2,requestId=2,at=45827432726083,thread=DefaultDispatcher-worker-1
09-23 20:22:00.083 14597 14597 I D05M04  : EVENT,type=publication,ordinal=2,requestId=2,at=45827435222483,thread=main
09-23 20:22:00.104 14597 14611 I D05M04  : RESULT,group=B,rep=3,point=early,valid=true,submitted=2,started=2,skipped=0,finalRequestId=2,finalLabel=supersession-early,finalSubmitNs=45825930431783,finalBodyLaunchNs=45826655326083,finalEngineEnterNs=45826655630183,finalEngineReturnNs=45827432532083,finalCalculatorReturnNs=45827432726083,finalPublicationNs=45827435222483,finalStartNs=725198400,finalRuntimeNs=776901900,finalPublicationLatencyNs=1504790700,activeAtFinalSubmission=1,peakConcurrency=1,obsoleteDrainNs=721749500,engineOnMain=false,finalEngineThread=DefaultDispatcher-worker-1,publicationThread=Main
09-23 20:22:00.107 14597 14597 I D05M04  : EVENT,type=submit,id=1,label=initial,at=45827459831083,thread=main,active=0
09-23 20:22:00.111 14597 14612 I D05M04  : EVENT,type=body,ordinal=1,requestId=1,at=45827463635383,thread=DefaultDispatcher-worker-1
09-23 20:22:00.111 14597 14612 I D05M04  : EVENT,type=engine-enter,ordinal=1,requestId=1,at=45827464047583,thread=DefaultDispatcher-worker-1,active=1
09-23 20:22:00.136 14597 14597 I D05M04  : EVENT,type=submit,id=2,label=supersession-early,at=45827488364083,thread=main,active=1
09-23 20:22:00.873 14597 14612 I D05M04  : EVENT,type=engine-return,ordinal=1,requestId=1,at=45828225556683,thread=DefaultDispatcher-worker-1,active=0
09-23 20:22:00.875 14597 14612 I D05M04  : EVENT,type=body,ordinal=2,requestId=2,at=45828227389583,thread=DefaultDispatcher-worker-1
09-23 20:22:00.877 14597 14612 I D05M04  : EVENT,type=engine-enter,ordinal=2,requestId=2,at=45828230086983,thread=DefaultDispatcher-worker-1,active=1
09-23 20:22:01.654 14597 14612 I D05M04  : EVENT,type=engine-return,ordinal=2,requestId=2,at=45829006365683,thread=DefaultDispatcher-worker-1,active=0
09-23 20:22:01.654 14597 14612 I D05M04  : EVENT,type=calculator-return,logical=home,ordinal=2,requestId=2,at=45829006780683,thread=DefaultDispatcher-worker-1
09-23 20:22:01.657 14597 14597 I D05M04  : EVENT,type=publication,ordinal=2,requestId=2,at=45829009427083,thread=main
09-23 20:22:01.669 14597 14611 I D05M04  : RESULT,group=B,rep=4,point=early,valid=true,submitted=2,started=2,skipped=0,finalRequestId=2,finalLabel=supersession-early,finalSubmitNs=45827488364083,finalBodyLaunchNs=45828227389583,finalEngineEnterNs=45828230086983,finalEngineReturnNs=45829006365683,finalCalculatorReturnNs=45829006780683,finalPublicationNs=45829009427083,finalStartNs=741722900,finalRuntimeNs=776278700,finalPublicationLatencyNs=1521063000,activeAtFinalSubmission=1,peakConcurrency=1,obsoleteDrainNs=737192600,engineOnMain=false,finalEngineThread=DefaultDispatcher-worker-1,publicationThread=Main
09-23 20:22:01.672 14597 14597 I D05M04  : EVENT,type=submit,id=1,label=initial,at=45829024698183,thread=main,active=0
09-23 20:22:01.675 14597 14612 I D05M04  : EVENT,type=body,ordinal=1,requestId=1,at=45829027549883,thread=DefaultDispatcher-worker-1
09-23 20:22:01.675 14597 14612 I D05M04  : EVENT,type=engine-enter,ordinal=1,requestId=1,at=45829027903283,thread=DefaultDispatcher-worker-1,active=1
09-23 20:22:01.701 14597 14597 I D05M04  : EVENT,type=submit,id=2,label=supersession-early,at=45829053287683,thread=main,active=1
09-23 20:22:02.440 14597 14612 I D05M04  : EVENT,type=engine-return,ordinal=1,requestId=1,at=45829792465583,thread=DefaultDispatcher-worker-1,active=0
09-23 20:22:02.441 14597 14612 I D05M04  : EVENT,type=body,ordinal=2,requestId=2,at=45829793306083,thread=DefaultDispatcher-worker-1
09-23 20:22:02.443 14597 14612 I D05M04  : EVENT,type=engine-enter,ordinal=2,requestId=2,at=45829793871183,thread=DefaultDispatcher-worker-1,active=1
09-23 20:22:03.201 14597 14612 I D05M04  : EVENT,type=engine-return,ordinal=2,requestId=2,at=45830553334183,thread=DefaultDispatcher-worker-1,active=0
09-23 20:22:03.201 14597 14612 I D05M04  : EVENT,type=calculator-return,logical=home,ordinal=2,requestId=2,at=45830553548283,thread=DefaultDispatcher-worker-1
09-23 20:22:03.202 14597 14597 I D05M04  : EVENT,type=publication,ordinal=2,requestId=2,at=45830554381283,thread=main
09-23 20:22:03.205 14597 14611 I D05M04  : RESULT,group=B,rep=5,point=early,valid=true,submitted=2,started=2,skipped=0,finalRequestId=2,finalLabel=supersession-early,finalSubmitNs=45829053287683,finalBodyLaunchNs=45829793306083,finalEngineEnterNs=45829793871183,finalEngineReturnNs=45830553334183,finalCalculatorReturnNs=45830553548283,finalPublicationNs=45830554381283,finalStartNs=740583500,finalRuntimeNs=759463000,finalPublicationLatencyNs=1501093600,activeAtFinalSubmission=1,peakConcurrency=1,obsoleteDrainNs=739177900,engineOnMain=false,finalEngineThread=DefaultDispatcher-worker-1,publicationThread=Main
09-23 20:22:03.208 14597 14597 I D05M04  : EVENT,type=submit,id=1,label=initial,at=45830561001283,thread=main,active=0
09-23 20:22:03.211 14597 14612 I D05M04  : EVENT,type=body,ordinal=1,requestId=1,at=45830563740783,thread=DefaultDispatcher-worker-1
09-23 20:22:03.212 14597 14612 I D05M04  : EVENT,type=engine-enter,ordinal=1,requestId=1,at=45830564069883,thread=DefaultDispatcher-worker-1,active=1
09-23 20:22:03.248 14597 14597 I D05M04  : EVENT,type=submit,id=2,label=supersession-early,at=45830600146883,thread=main,active=1
09-23 20:22:03.969 14597 14612 I D05M04  : EVENT,type=engine-return,ordinal=1,requestId=1,at=45831321633483,thread=DefaultDispatcher-worker-1,active=0
09-23 20:22:03.970 14597 14612 I D05M04  : EVENT,type=body,ordinal=2,requestId=2,at=45831322466683,thread=DefaultDispatcher-worker-1
09-23 20:22:03.971 14597 14612 I D05M04  : EVENT,type=engine-enter,ordinal=2,requestId=2,at=45831322884383,thread=DefaultDispatcher-worker-1,active=1
09-23 20:22:04.723 14597 14612 I D05M04  : EVENT,type=engine-return,ordinal=2,requestId=2,at=45832075683083,thread=DefaultDispatcher-worker-1,active=0
09-23 20:22:04.723 14597 14612 I D05M04  : EVENT,type=calculator-return,logical=home,ordinal=2,requestId=2,at=45832075887283,thread=DefaultDispatcher-worker-1
09-23 20:22:04.726 14597 14597 I D05M04  : EVENT,type=publication,ordinal=2,requestId=2,at=45832078610283,thread=main
09-23 20:22:04.727 14597 14611 I D05M04  : RESULT,group=B,rep=6,point=early,valid=true,submitted=2,started=2,skipped=0,finalRequestId=2,finalLabel=supersession-early,finalSubmitNs=45830600146883,finalBodyLaunchNs=45831322466683,finalEngineEnterNs=45831322884383,finalEngineReturnNs=45832075683083,finalCalculatorReturnNs=45832075887283,finalPublicationNs=45832078610283,finalStartNs=722737500,finalRuntimeNs=752798700,finalPublicationLatencyNs=1478463400,activeAtFinalSubmission=1,peakConcurrency=1,obsoleteDrainNs=721486600,engineOnMain=false,finalEngineThread=DefaultDispatcher-worker-1,publicationThread=Main
09-23 20:22:04.730 14597 14597 I D05M04  : EVENT,type=submit,id=1,label=initial,at=45832082749083,thread=main,active=0
09-23 20:22:04.731 14597 14612 I D05M04  : EVENT,type=body,ordinal=1,requestId=1,at=45832083624283,thread=DefaultDispatcher-worker-1
09-23 20:22:04.731 14597 14612 I D05M04  : EVENT,type=engine-enter,ordinal=1,requestId=1,at=45832083922183,thread=DefaultDispatcher-worker-1,active=1
09-23 20:22:04.757 14597 14597 I D05M04  : EVENT,type=submit,id=2,label=supersession-early,at=45832109674983,thread=main,active=1
09-23 20:22:05.495 14597 14612 I D05M04  : EVENT,type=engine-return,ordinal=1,requestId=1,at=45832847416983,thread=DefaultDispatcher-worker-1,active=0
09-23 20:22:05.497 14597 14612 I D05M04  : EVENT,type=body,ordinal=2,requestId=2,at=45832850063983,thread=DefaultDispatcher-worker-1
09-23 20:22:05.498 14597 14612 I D05M04  : EVENT,type=engine-enter,ordinal=2,requestId=2,at=45832850325883,thread=DefaultDispatcher-worker-1,active=1
09-23 20:22:06.256 14597 14612 I D05M04  : EVENT,type=engine-return,ordinal=2,requestId=2,at=45833609015583,thread=DefaultDispatcher-worker-1,active=0
09-23 20:22:06.257 14597 14612 I D05M04  : EVENT,type=calculator-return,logical=home,ordinal=2,requestId=2,at=45833609257783,thread=DefaultDispatcher-worker-1
09-23 20:22:06.258 14597 14597 I D05M04  : EVENT,type=publication,ordinal=2,requestId=2,at=45833610596683,thread=main
09-23 20:22:06.272 14597 14611 I D05M04  : RESULT,group=B,rep=7,point=early,valid=true,submitted=2,started=2,skipped=0,finalRequestId=2,finalLabel=supersession-early,finalSubmitNs=45832109674983,finalBodyLaunchNs=45832850063983,finalEngineEnterNs=45832850325883,finalEngineReturnNs=45833609015583,finalCalculatorReturnNs=45833609257783,finalPublicationNs=45833610596683,finalStartNs=740650900,finalRuntimeNs=758689700,finalPublicationLatencyNs=1500921700,activeAtFinalSubmission=1,peakConcurrency=1,obsoleteDrainNs=737742000,engineOnMain=false,finalEngineThread=DefaultDispatcher-worker-1,publicationThread=Main
09-23 20:22:06.274 14597 14597 I D05M04  : EVENT,type=submit,id=1,label=initial,at=45833626909683,thread=main,active=0
09-23 20:22:06.277 14597 14612 I D05M04  : EVENT,type=body,ordinal=1,requestId=1,at=45833629520483,thread=DefaultDispatcher-worker-1
09-23 20:22:06.277 14597 14612 I D05M04  : EVENT,type=engine-enter,ordinal=1,requestId=1,at=45833629946383,thread=DefaultDispatcher-worker-1,active=1
09-23 20:22:06.303 14597 14597 I D05M04  : EVENT,type=submit,id=2,label=supersession-early,at=45833655601883,thread=main,active=1
09-23 20:22:07.041 14597 14612 I D05M04  : EVENT,type=engine-return,ordinal=1,requestId=1,at=45834394146083,thread=DefaultDispatcher-worker-1,active=0
09-23 20:22:07.044 14597 14612 I D05M04  : EVENT,type=body,ordinal=2,requestId=2,at=45834396615083,thread=DefaultDispatcher-worker-1
09-23 20:22:07.044 14597 14612 I D05M04  : EVENT,type=engine-enter,ordinal=2,requestId=2,at=45834396807183,thread=DefaultDispatcher-worker-1,active=1
09-23 20:22:07.800 14597 14612 I D05M04  : EVENT,type=engine-return,ordinal=2,requestId=2,at=45835152502883,thread=DefaultDispatcher-worker-1,active=0
09-23 20:22:07.800 14597 14612 I D05M04  : EVENT,type=calculator-return,logical=home,ordinal=2,requestId=2,at=45835152697983,thread=DefaultDispatcher-worker-1
09-23 20:22:07.802 14597 14597 I D05M04  : EVENT,type=publication,ordinal=2,requestId=2,at=45835154803583,thread=main
09-23 20:22:07.805 14597 14611 I D05M04  : RESULT,group=B,rep=8,point=early,valid=true,submitted=2,started=2,skipped=0,finalRequestId=2,finalLabel=supersession-early,finalSubmitNs=45833655601883,finalBodyLaunchNs=45834396615083,finalEngineEnterNs=45834396807183,finalEngineReturnNs=45835152502883,finalCalculatorReturnNs=45835152697983,finalPublicationNs=45835154803583,finalStartNs=741205300,finalRuntimeNs=755695700,finalPublicationLatencyNs=1499201700,activeAtFinalSubmission=1,peakConcurrency=1,obsoleteDrainNs=738544200,engineOnMain=false,finalEngineThread=DefaultDispatcher-worker-1,publicationThread=Main
09-23 20:22:07.808 14597 14597 I D05M04  : EVENT,type=submit,id=1,label=initial,at=45835160595183,thread=main,active=0
09-23 20:22:07.811 14597 14612 I D05M04  : EVENT,type=body,ordinal=1,requestId=1,at=45835163583683,thread=DefaultDispatcher-worker-1
09-23 20:22:07.812 14597 14612 I D05M04  : EVENT,type=engine-enter,ordinal=1,requestId=1,at=45835164507383,thread=DefaultDispatcher-worker-1,active=1
09-23 20:22:07.849 14597 14597 I D05M04  : EVENT,type=submit,id=2,label=supersession-early,at=45835201779383,thread=main,active=1
09-23 20:22:08.589 14597 14612 I D05M04  : EVENT,type=engine-return,ordinal=1,requestId=1,at=45835941650083,thread=DefaultDispatcher-worker-1,active=0
09-23 20:22:08.591 14597 14612 I D05M04  : EVENT,type=body,ordinal=2,requestId=2,at=45835944071783,thread=DefaultDispatcher-worker-1
09-23 20:22:08.592 14597 14612 I D05M04  : EVENT,type=engine-enter,ordinal=2,requestId=2,at=45835944305083,thread=DefaultDispatcher-worker-1,active=1
09-23 20:22:09.356 14597 14612 I D05M04  : EVENT,type=engine-return,ordinal=2,requestId=2,at=45836708665483,thread=DefaultDispatcher-worker-1,active=0
09-23 20:22:09.356 14597 14612 I D05M04  : EVENT,type=calculator-return,logical=home,ordinal=2,requestId=2,at=45836708908583,thread=DefaultDispatcher-worker-1
09-23 20:22:09.357 14597 14597 I D05M04  : EVENT,type=publication,ordinal=2,requestId=2,at=45836709232383,thread=main
09-23 20:22:09.359 14597 14611 I D05M04  : RESULT,group=B,rep=9,point=early,valid=true,submitted=2,started=2,skipped=0,finalRequestId=2,finalLabel=supersession-early,finalSubmitNs=45835201779383,finalBodyLaunchNs=45835944071783,finalEngineEnterNs=45835944305083,finalEngineReturnNs=45836708665483,finalCalculatorReturnNs=45836708908583,finalPublicationNs=45836709232383,finalStartNs=742525700,finalRuntimeNs=764360400,finalPublicationLatencyNs=1507453000,activeAtFinalSubmission=1,peakConcurrency=1,obsoleteDrainNs=739870700,engineOnMain=false,finalEngineThread=DefaultDispatcher-worker-1,publicationThread=Main
09-23 20:22:09.364 14597 14597 I D05M04  : EVENT,type=submit,id=1,label=initial,at=45836716281183,thread=main,active=0
09-23 20:22:09.367 14597 14612 I D05M04  : EVENT,type=body,ordinal=1,requestId=1,at=45836719349583,thread=DefaultDispatcher-worker-1
09-23 20:22:09.369 14597 14612 I D05M04  : EVENT,type=engine-enter,ordinal=1,requestId=1,at=45836721414183,thread=DefaultDispatcher-worker-1,active=1
09-23 20:22:09.393 14597 14597 I D05M04  : EVENT,type=submit,id=2,label=supersession-early,at=45836745978483,thread=main,active=1
09-23 20:22:10.122 14597 14612 I D05M04  : EVENT,type=engine-return,ordinal=1,requestId=1,at=45837474478383,thread=DefaultDispatcher-worker-1,active=0
09-23 20:22:10.127 14597 14612 I D05M04  : EVENT,type=body,ordinal=2,requestId=2,at=45837479503083,thread=DefaultDispatcher-worker-1
09-23 20:22:10.129 14597 14612 I D05M04  : EVENT,type=engine-enter,ordinal=2,requestId=2,at=45837481607383,thread=DefaultDispatcher-worker-1,active=1
09-23 20:22:10.886 14597 14612 I D05M04  : EVENT,type=engine-return,ordinal=2,requestId=2,at=45838238888683,thread=DefaultDispatcher-worker-1,active=0
09-23 20:22:10.886 14597 14612 I D05M04  : EVENT,type=calculator-return,logical=home,ordinal=2,requestId=2,at=45838239113083,thread=DefaultDispatcher-worker-1
09-23 20:22:10.887 14597 14597 I D05M04  : EVENT,type=publication,ordinal=2,requestId=2,at=45838239413583,thread=main
09-23 20:22:10.889 14597 14611 I D05M04  : RESULT,group=B,rep=10,point=early,valid=true,submitted=2,started=2,skipped=0,finalRequestId=2,finalLabel=supersession-early,finalSubmitNs=45836745978483,finalBodyLaunchNs=45837479503083,finalEngineEnterNs=45837481607383,finalEngineReturnNs=45838238888683,finalCalculatorReturnNs=45838239113083,finalPublicationNs=45838239413583,finalStartNs=735628900,finalRuntimeNs=757281300,finalPublicationLatencyNs=1493435100,activeAtFinalSubmission=1,peakConcurrency=1,obsoleteDrainNs=728499900,engineOnMain=false,finalEngineThread=DefaultDispatcher-worker-1,publicationThread=Main
09-23 20:22:10.893 14597 14597 I D05M04  : EVENT,type=submit,id=1,label=initial,at=45838246101883,thread=main,active=0
09-23 20:22:10.894 14597 14612 I D05M04  : EVENT,type=body,ordinal=1,requestId=1,at=45838246886383,thread=DefaultDispatcher-worker-1
09-23 20:22:10.898 14597 14612 I D05M04  : EVENT,type=engine-enter,ordinal=1,requestId=1,at=45838250286983,thread=DefaultDispatcher-worker-1,active=1
09-23 20:22:10.924 14597 14597 I D05M04  : EVENT,type=submit,id=2,label=supersession-early,at=45838277064283,thread=main,active=1
09-23 20:22:11.660 14597 14612 I D05M04  : EVENT,type=engine-return,ordinal=1,requestId=1,at=45839012426583,thread=DefaultDispatcher-worker-1,active=0
09-23 20:22:11.663 14597 14612 I D05M04  : EVENT,type=body,ordinal=2,requestId=2,at=45839015173083,thread=DefaultDispatcher-worker-1
09-23 20:22:11.663 14597 14612 I D05M04  : EVENT,type=engine-enter,ordinal=2,requestId=2,at=45839015538883,thread=DefaultDispatcher-worker-1,active=1
09-23 20:22:12.427 14597 14612 I D05M04  : EVENT,type=engine-return,ordinal=2,requestId=2,at=45839779819083,thread=DefaultDispatcher-worker-1,active=0
09-23 20:22:12.427 14597 14612 I D05M04  : EVENT,type=calculator-return,logical=home,ordinal=2,requestId=2,at=45839780112183,thread=DefaultDispatcher-worker-1
09-23 20:22:12.431 14597 14597 I D05M04  : EVENT,type=publication,ordinal=2,requestId=2,at=45839783555383,thread=main
09-23 20:22:12.438 14597 14611 I D05M04  : RESULT,group=B,rep=11,point=early,valid=true,submitted=2,started=2,skipped=0,finalRequestId=2,finalLabel=supersession-early,finalSubmitNs=45838277064283,finalBodyLaunchNs=45839015173083,finalEngineEnterNs=45839015538883,finalEngineReturnNs=45839779819083,finalCalculatorReturnNs=45839780112183,finalPublicationNs=45839783555383,finalStartNs=738474600,finalRuntimeNs=764280200,finalPublicationLatencyNs=1506491100,activeAtFinalSubmission=1,peakConcurrency=1,obsoleteDrainNs=735362300,engineOnMain=false,finalEngineThread=DefaultDispatcher-worker-1,publicationThread=Main
09-23 20:22:12.441 14597 14597 I D05M04  : EVENT,type=submit,id=1,label=initial,at=45839793796483,thread=main,active=0
09-23 20:22:12.443 14597 14612 I D05M04  : EVENT,type=body,ordinal=1,requestId=1,at=45839795824883,thread=DefaultDispatcher-worker-1
09-23 20:22:12.446 14597 14612 I D05M04  : EVENT,type=engine-enter,ordinal=1,requestId=1,at=45839798366683,thread=DefaultDispatcher-worker-1,active=1
09-23 20:22:12.469 14597 14597 I D05M04  : EVENT,type=submit,id=2,label=supersession-early,at=45839821315683,thread=main,active=1
09-23 20:22:13.218 14597 14612 I D05M04  : EVENT,type=engine-return,ordinal=1,requestId=1,at=45840570188083,thread=DefaultDispatcher-worker-1,active=0
09-23 20:22:13.221 14597 14612 I D05M04  : EVENT,type=body,ordinal=2,requestId=2,at=45840573420983,thread=DefaultDispatcher-worker-1
09-23 20:22:13.221 14597 14612 I D05M04  : EVENT,type=engine-enter,ordinal=2,requestId=2,at=45840573680783,thread=DefaultDispatcher-worker-1,active=1
09-23 20:22:13.984 14597 14612 I D05M04  : EVENT,type=engine-return,ordinal=2,requestId=2,at=45841337041183,thread=DefaultDispatcher-worker-1,active=0
09-23 20:22:13.985 14597 14612 I D05M04  : EVENT,type=calculator-return,logical=home,ordinal=2,requestId=2,at=45841337236883,thread=DefaultDispatcher-worker-1
09-23 20:22:13.986 14597 14597 I D05M04  : EVENT,type=publication,ordinal=2,requestId=2,at=45841338326983,thread=main
09-23 20:22:14.000 14597 14611 I D05M04  : RESULT,group=B,rep=12,point=early,valid=true,submitted=2,started=2,skipped=0,finalRequestId=2,finalLabel=supersession-early,finalSubmitNs=45839821315683,finalBodyLaunchNs=45840573420983,finalEngineEnterNs=45840573680783,finalEngineReturnNs=45841337041183,finalCalculatorReturnNs=45841337236883,finalPublicationNs=45841338326983,finalStartNs=752365100,finalRuntimeNs=763360400,finalPublicationLatencyNs=1517011300,activeAtFinalSubmission=1,peakConcurrency=1,obsoleteDrainNs=748872400,engineOnMain=false,finalEngineThread=DefaultDispatcher-worker-1,publicationThread=Main
09-23 20:22:14.002 14597 14597 I D05M04  : EVENT,type=submit,id=1,label=initial,at=45841354805483,thread=main,active=0
09-23 20:22:14.003 14597 14612 I D05M04  : EVENT,type=body,ordinal=1,requestId=1,at=45841355632183,thread=DefaultDispatcher-worker-1
09-23 20:22:14.003 14597 14612 I D05M04  : EVENT,type=engine-enter,ordinal=1,requestId=1,at=45841355871183,thread=DefaultDispatcher-worker-1,active=1
09-23 20:22:14.031 14597 14597 I D05M04  : EVENT,type=submit,id=2,label=supersession-early,at=45841383999483,thread=main,active=1
09-23 20:22:14.772 14597 14612 I D05M04  : EVENT,type=engine-return,ordinal=1,requestId=1,at=45842125095783,thread=DefaultDispatcher-worker-1,active=0
09-23 20:22:14.773 14597 14612 I D05M04  : EVENT,type=body,ordinal=2,requestId=2,at=45842126038383,thread=DefaultDispatcher-worker-1
09-23 20:22:14.776 14597 14612 I D05M04  : EVENT,type=engine-enter,ordinal=2,requestId=2,at=45842128945983,thread=DefaultDispatcher-worker-1,active=1
09-23 20:22:15.534 14597 14612 I D05M04  : EVENT,type=engine-return,ordinal=2,requestId=2,at=45842886553483,thread=DefaultDispatcher-worker-1,active=0
09-23 20:22:15.534 14597 14612 I D05M04  : EVENT,type=calculator-return,logical=home,ordinal=2,requestId=2,at=45842886761583,thread=DefaultDispatcher-worker-1
09-23 20:22:15.536 14597 14597 I D05M04  : EVENT,type=publication,ordinal=2,requestId=2,at=45842888502383,thread=main
09-23 20:22:15.538 14597 14611 I D05M04  : RESULT,group=B,rep=13,point=early,valid=true,submitted=2,started=2,skipped=0,finalRequestId=2,finalLabel=supersession-early,finalSubmitNs=45841383999483,finalBodyLaunchNs=45842126038383,finalEngineEnterNs=45842128945983,finalEngineReturnNs=45842886553483,finalCalculatorReturnNs=45842886761583,finalPublicationNs=45842888502383,finalStartNs=744946500,finalRuntimeNs=757607500,finalPublicationLatencyNs=1504502900,activeAtFinalSubmission=1,peakConcurrency=1,obsoleteDrainNs=741096300,engineOnMain=false,finalEngineThread=DefaultDispatcher-worker-1,publicationThread=Main
09-23 20:22:15.541 14597 14597 I D05M04  : EVENT,type=submit,id=1,label=initial,at=45842893993183,thread=main,active=0
09-23 20:22:15.544 14597 14612 I D05M04  : EVENT,type=body,ordinal=1,requestId=1,at=45842896649183,thread=DefaultDispatcher-worker-1
09-23 20:22:15.546 14597 14612 I D05M04  : EVENT,type=engine-enter,ordinal=1,requestId=1,at=45842898759183,thread=DefaultDispatcher-worker-1,active=1
09-23 20:22:15.578 14597 14597 I D05M04  : EVENT,type=submit,id=2,label=supersession-early,at=45842930265183,thread=main,active=1
09-23 20:22:16.296 14597 14612 I D05M04  : EVENT,type=engine-return,ordinal=1,requestId=1,at=45843639502583,thread=DefaultDispatcher-worker-1,active=0
09-23 20:22:16.299 14597 14612 I D05M04  : EVENT,type=body,ordinal=2,requestId=2,at=45843651113283,thread=DefaultDispatcher-worker-1
09-23 20:22:16.299 14597 14612 I D05M04  : EVENT,type=engine-enter,ordinal=2,requestId=2,at=45843651531283,thread=DefaultDispatcher-worker-1,active=1
09-23 20:22:17.057 14597 14612 I D05M04  : EVENT,type=engine-return,ordinal=2,requestId=2,at=45844409695483,thread=DefaultDispatcher-worker-1,active=0
09-23 20:22:17.057 14597 14612 I D05M04  : EVENT,type=calculator-return,logical=home,ordinal=2,requestId=2,at=45844409899083,thread=DefaultDispatcher-worker-1
09-23 20:22:17.058 14597 14597 I D05M04  : EVENT,type=publication,ordinal=2,requestId=2,at=45844410468683,thread=main
09-23 20:22:17.061 14597 14611 I D05M04  : RESULT,group=B,rep=14,point=early,valid=true,submitted=2,started=2,skipped=0,finalRequestId=2,finalLabel=supersession-early,finalSubmitNs=45842930265183,finalBodyLaunchNs=45843651113283,finalEngineEnterNs=45843651531283,finalEngineReturnNs=45844409695483,finalCalculatorReturnNs=45844409899083,finalPublicationNs=45844410468683,finalStartNs=721266100,finalRuntimeNs=758164200,finalPublicationLatencyNs=1480203500,activeAtFinalSubmission=1,peakConcurrency=1,obsoleteDrainNs=709237400,engineOnMain=false,finalEngineThread=DefaultDispatcher-worker-1,publicationThread=Main
09-23 20:22:17.065 14597 14597 I D05M04  : EVENT,type=submit,id=1,label=initial,at=45844417748083,thread=main,active=0
09-23 20:22:17.067 14597 14612 I D05M04  : EVENT,type=body,ordinal=1,requestId=1,at=45844419705983,thread=DefaultDispatcher-worker-1
09-23 20:22:17.067 14597 14612 I D05M04  : EVENT,type=engine-enter,ordinal=1,requestId=1,at=45844419985283,thread=DefaultDispatcher-worker-1,active=1
09-23 20:22:17.360 14597 14597 I D05M04  : EVENT,type=submit,id=2,label=supersession-middle,at=45844712581883,thread=main,active=1
09-23 20:22:17.838 14597 14612 I D05M04  : EVENT,type=engine-return,ordinal=1,requestId=1,at=45845190712883,thread=DefaultDispatcher-worker-1,active=0
09-23 20:22:17.839 14597 14612 I D05M04  : EVENT,type=body,ordinal=2,requestId=2,at=45845191279583,thread=DefaultDispatcher-worker-1
09-23 20:22:17.840 14597 14612 I D05M04  : EVENT,type=engine-enter,ordinal=2,requestId=2,at=45845192700583,thread=DefaultDispatcher-worker-1,active=1
09-23 20:22:18.621 14597 14612 I D05M04  : EVENT,type=engine-return,ordinal=2,requestId=2,at=45845973404883,thread=DefaultDispatcher-worker-1,active=0
09-23 20:22:18.621 14597 14612 I D05M04  : EVENT,type=calculator-return,logical=home,ordinal=2,requestId=2,at=45845973625383,thread=DefaultDispatcher-worker-1
09-23 20:22:18.623 14597 14597 I D05M04  : EVENT,type=publication,ordinal=2,requestId=2,at=45845976133083,thread=main
09-23 20:22:18.639 14597 14611 I D05M04  : RESULT,group=B,rep=15,point=middle,valid=true,submitted=2,started=2,skipped=0,finalRequestId=2,finalLabel=supersession-middle,finalSubmitNs=45844712581883,finalBodyLaunchNs=45845191279583,finalEngineEnterNs=45845192700583,finalEngineReturnNs=45845973404883,finalCalculatorReturnNs=45845973625383,finalPublicationNs=45845976133083,finalStartNs=480118700,finalRuntimeNs=780704300,finalPublicationLatencyNs=1263551200,activeAtFinalSubmission=1,peakConcurrency=1,obsoleteDrainNs=478131000,engineOnMain=false,finalEngineThread=DefaultDispatcher-worker-1,publicationThread=Main
09-23 20:22:18.643 14597 14597 I D05M04  : EVENT,type=submit,id=1,label=initial,at=45845995350283,thread=main,active=0
09-23 20:22:18.644 14597 14612 I D05M04  : EVENT,type=body,ordinal=1,requestId=1,at=45845996353283,thread=DefaultDispatcher-worker-1
09-23 20:22:18.646 14597 14612 I D05M04  : EVENT,type=engine-enter,ordinal=1,requestId=1,at=45845998943383,thread=DefaultDispatcher-worker-1,active=1
09-23 20:22:18.923 14597 14597 I D05M04  : EVENT,type=submit,id=2,label=supersession-middle,at=45846275218783,thread=main,active=1
09-23 20:22:19.411 14597 14612 I D05M04  : EVENT,type=engine-return,ordinal=1,requestId=1,at=45846764092183,thread=DefaultDispatcher-worker-1,active=0
09-23 20:22:19.414 14597 14612 I D05M04  : EVENT,type=body,ordinal=2,requestId=2,at=45846766349283,thread=DefaultDispatcher-worker-1
09-23 20:22:19.414 14597 14612 I D05M04  : EVENT,type=engine-enter,ordinal=2,requestId=2,at=45846766584983,thread=DefaultDispatcher-worker-1,active=1
09-23 20:22:20.176 14597 14612 I D05M04  : EVENT,type=engine-return,ordinal=2,requestId=2,at=45847528573983,thread=DefaultDispatcher-worker-1,active=0
09-23 20:22:20.176 14597 14612 I D05M04  : EVENT,type=calculator-return,logical=home,ordinal=2,requestId=2,at=45847528778583,thread=DefaultDispatcher-worker-1
09-23 20:22:20.177 14597 14597 I D05M04  : EVENT,type=publication,ordinal=2,requestId=2,at=45847529440283,thread=main
09-23 20:22:20.181 14597 14611 I D05M04  : RESULT,group=B,rep=16,point=middle,valid=true,submitted=2,started=2,skipped=0,finalRequestId=2,finalLabel=supersession-middle,finalSubmitNs=45846275218783,finalBodyLaunchNs=45846766349283,finalEngineEnterNs=45846766584983,finalEngineReturnNs=45847528573983,finalCalculatorReturnNs=45847528778583,finalPublicationNs=45847529440283,finalStartNs=491366200,finalRuntimeNs=761989000,finalPublicationLatencyNs=1254221500,activeAtFinalSubmission=1,peakConcurrency=1,obsoleteDrainNs=488873400,engineOnMain=false,finalEngineThread=DefaultDispatcher-worker-1,publicationThread=Main
09-23 20:22:20.183 14597 14597 I D05M04  : EVENT,type=submit,id=1,label=initial,at=45847535466183,thread=main,active=0
09-23 20:22:20.185 14597 14612 I D05M04  : EVENT,type=body,ordinal=1,requestId=1,at=45847538029983,thread=DefaultDispatcher-worker-1
09-23 20:22:20.186 14597 14612 I D05M04  : EVENT,type=engine-enter,ordinal=1,requestId=1,at=45847538426583,thread=DefaultDispatcher-worker-1,active=1
09-23 20:22:20.471 14597 14597 I D05M04  : EVENT,type=submit,id=2,label=supersession-middle,at=45847823475283,thread=main,active=1
09-23 20:22:20.948 14597 14612 I D05M04  : EVENT,type=engine-return,ordinal=1,requestId=1,at=45848300476283,thread=DefaultDispatcher-worker-1,active=0
09-23 20:22:20.951 14597 14612 I D05M04  : EVENT,type=body,ordinal=2,requestId=2,at=45848303191983,thread=DefaultDispatcher-worker-1
09-23 20:22:20.953 14597 14612 I D05M04  : EVENT,type=engine-enter,ordinal=2,requestId=2,at=45848303615683,thread=DefaultDispatcher-worker-1,active=1
09-23 20:22:21.709 14597 14612 I D05M04  : EVENT,type=engine-return,ordinal=2,requestId=2,at=45849061824383,thread=DefaultDispatcher-worker-1,active=0
09-23 20:22:21.709 14597 14612 I D05M04  : EVENT,type=calculator-return,logical=home,ordinal=2,requestId=2,at=45849062034583,thread=DefaultDispatcher-worker-1
09-23 20:22:21.710 14597 14597 I D05M04  : EVENT,type=publication,ordinal=2,requestId=2,at=45849062496283,thread=main
09-23 20:22:21.713 14597 14611 I D05M04  : RESULT,group=B,rep=17,point=middle,valid=true,submitted=2,started=2,skipped=0,finalRequestId=2,finalLabel=supersession-middle,finalSubmitNs=45847823475283,finalBodyLaunchNs=45848303191983,finalEngineEnterNs=45848303615683,finalEngineReturnNs=45849061824383,finalCalculatorReturnNs=45849062034583,finalPublicationNs=45849062496283,finalStartNs=480140400,finalRuntimeNs=758208700,finalPublicationLatencyNs=1239021000,activeAtFinalSubmission=1,peakConcurrency=1,obsoleteDrainNs=477001000,engineOnMain=false,finalEngineThread=DefaultDispatcher-worker-1,publicationThread=Main
09-23 20:22:21.717 14597 14597 I D05M04  : EVENT,type=submit,id=1,label=initial,at=45849069842483,thread=main,active=0
09-23 20:22:21.718 14597 14612 I D05M04  : EVENT,type=body,ordinal=1,requestId=1,at=45849070665983,thread=DefaultDispatcher-worker-1
09-23 20:22:21.718 14597 14612 I D05M04  : EVENT,type=engine-enter,ordinal=1,requestId=1,at=45849071037583,thread=DefaultDispatcher-worker-1,active=1
09-23 20:22:21.999 14597 14597 I D05M04  : EVENT,type=submit,id=2,label=supersession-middle,at=45849352055383,thread=main,active=1
09-23 20:22:22.474 14597 14612 I D05M04  : EVENT,type=engine-return,ordinal=1,requestId=1,at=45849826837283,thread=DefaultDispatcher-worker-1,active=0
09-23 20:22:22.477 14597 14612 I D05M04  : EVENT,type=body,ordinal=2,requestId=2,at=45849829651383,thread=DefaultDispatcher-worker-1
09-23 20:22:22.477 14597 14612 I D05M04  : EVENT,type=engine-enter,ordinal=2,requestId=2,at=45849829960983,thread=DefaultDispatcher-worker-1,active=1
09-23 20:22:23.247 14597 14612 I D05M04  : EVENT,type=engine-return,ordinal=2,requestId=2,at=45850599960583,thread=DefaultDispatcher-worker-1,active=0
09-23 20:22:23.248 14597 14612 I D05M04  : EVENT,type=calculator-return,logical=home,ordinal=2,requestId=2,at=45850600188483,thread=DefaultDispatcher-worker-1
09-23 20:22:23.249 14597 14597 I D05M04  : EVENT,type=publication,ordinal=2,requestId=2,at=45850600673983,thread=main
09-23 20:22:23.253 14597 14611 I D05M04  : RESULT,group=B,rep=18,point=middle,valid=true,submitted=2,started=2,skipped=0,finalRequestId=2,finalLabel=supersession-middle,finalSubmitNs=45849352055383,finalBodyLaunchNs=45849829651383,finalEngineEnterNs=45849829960983,finalEngineReturnNs=45850599960583,finalCalculatorReturnNs=45850600188483,finalPublicationNs=45850600673983,finalStartNs=477905600,finalRuntimeNs=769999600,finalPublicationLatencyNs=1248618600,activeAtFinalSubmission=1,peakConcurrency=1,obsoleteDrainNs=474781900,engineOnMain=false,finalEngineThread=DefaultDispatcher-worker-1,publicationThread=Main
09-23 20:22:23.256 14597 14597 I D05M04  : EVENT,type=submit,id=1,label=initial,at=45850608229483,thread=main,active=0
09-23 20:22:23.257 14597 14612 I D05M04  : EVENT,type=body,ordinal=1,requestId=1,at=45850610084783,thread=DefaultDispatcher-worker-1
09-23 20:22:23.258 14597 14612 I D05M04  : EVENT,type=engine-enter,ordinal=1,requestId=1,at=45850610891383,thread=DefaultDispatcher-worker-1,active=1
09-23 20:22:23.548 14597 14597 I D05M04  : EVENT,type=submit,id=2,label=supersession-middle,at=45850901121983,thread=main,active=1
09-23 20:22:24.018 14597 14612 I D05M04  : EVENT,type=engine-return,ordinal=1,requestId=1,at=45851370802583,thread=DefaultDispatcher-worker-1,active=0
09-23 20:22:24.021 14597 14612 I D05M04  : EVENT,type=body,ordinal=2,requestId=2,at=45851373683783,thread=DefaultDispatcher-worker-1
09-23 20:22:24.022 14597 14612 I D05M04  : EVENT,type=engine-enter,ordinal=2,requestId=2,at=45851374192883,thread=DefaultDispatcher-worker-1,active=1
09-23 20:22:24.768 14597 14612 I D05M04  : EVENT,type=engine-return,ordinal=2,requestId=2,at=45852121024783,thread=DefaultDispatcher-worker-1,active=0
09-23 20:22:24.769 14597 14612 I D05M04  : EVENT,type=calculator-return,logical=home,ordinal=2,requestId=2,at=45852121200683,thread=DefaultDispatcher-worker-1
09-23 20:22:24.771 14597 14597 I D05M04  : EVENT,type=publication,ordinal=2,requestId=2,at=45852123598883,thread=main
09-23 20:22:24.774 14597 14611 I D05M04  : RESULT,group=B,rep=19,point=middle,valid=true,submitted=2,started=2,skipped=0,finalRequestId=2,finalLabel=supersession-middle,finalSubmitNs=45850901121983,finalBodyLaunchNs=45851373683783,finalEngineEnterNs=45851374192883,finalEngineReturnNs=45852121024783,finalCalculatorReturnNs=45852121200683,finalPublicationNs=45852123598883,finalStartNs=473070900,finalRuntimeNs=746831900,finalPublicationLatencyNs=1222476900,activeAtFinalSubmission=1,peakConcurrency=1,obsoleteDrainNs=469680600,engineOnMain=false,finalEngineThread=DefaultDispatcher-worker-1,publicationThread=Main
09-23 20:22:24.776 14597 14597 I D05M04  : EVENT,type=submit,id=1,label=initial,at=45852128645583,thread=main,active=0
09-23 20:22:24.779 14597 14612 I D05M04  : EVENT,type=body,ordinal=1,requestId=1,at=45852131877183,thread=DefaultDispatcher-worker-1
09-23 20:22:24.782 14597 14612 I D05M04  : EVENT,type=engine-enter,ordinal=1,requestId=1,at=45852134424283,thread=DefaultDispatcher-worker-1,active=1
09-23 20:22:25.059 14597 14597 I D05M04  : EVENT,type=submit,id=2,label=supersession-middle,at=45852411395383,thread=main,active=1
09-23 20:22:25.520 14597 14612 I D05M04  : EVENT,type=engine-return,ordinal=1,requestId=1,at=45852872382783,thread=DefaultDispatcher-worker-1,active=0
09-23 20:22:25.525 14597 14612 I D05M04  : EVENT,type=body,ordinal=2,requestId=2,at=45852877749383,thread=DefaultDispatcher-worker-1
09-23 20:22:25.526 14597 14612 I D05M04  : EVENT,type=engine-enter,ordinal=2,requestId=2,at=45852878256883,thread=DefaultDispatcher-worker-1,active=1
09-23 20:22:26.294 14597 14612 I D05M04  : EVENT,type=engine-return,ordinal=2,requestId=2,at=45853646804683,thread=DefaultDispatcher-worker-1,active=0
09-23 20:22:26.295 14597 14612 I D05M04  : EVENT,type=calculator-return,logical=home,ordinal=2,requestId=2,at=45853647240683,thread=DefaultDispatcher-worker-1
09-23 20:22:26.297 14597 14597 I D05M04  : EVENT,type=publication,ordinal=2,requestId=2,at=45853649471183,thread=main
09-23 20:22:26.310 14597 14611 I D05M04  : RESULT,group=B,rep=20,point=middle,valid=true,submitted=2,started=2,skipped=0,finalRequestId=2,finalLabel=supersession-middle,finalSubmitNs=45852411395383,finalBodyLaunchNs=45852877749383,finalEngineEnterNs=45852878256883,finalEngineReturnNs=45853646804683,finalCalculatorReturnNs=45853647240683,finalPublicationNs=45853649471183,finalStartNs=466861500,finalRuntimeNs=768547800,finalPublicationLatencyNs=1238075800,activeAtFinalSubmission=1,peakConcurrency=1,obsoleteDrainNs=460987400,engineOnMain=false,finalEngineThread=DefaultDispatcher-worker-1,publicationThread=Main
09-23 20:22:26.313 14597 14597 I D05M04  : EVENT,type=submit,id=1,label=initial,at=45853665660983,thread=main,active=0
09-23 20:22:26.314 14597 14612 I D05M04  : EVENT,type=body,ordinal=1,requestId=1,at=45853666300483,thread=DefaultDispatcher-worker-1
09-23 20:22:26.316 14597 14612 I D05M04  : EVENT,type=engine-enter,ordinal=1,requestId=1,at=45853668287383,thread=DefaultDispatcher-worker-1,active=1
09-23 20:22:26.592 14597 14597 I D05M04  : EVENT,type=submit,id=2,label=supersession-middle,at=45853944865583,thread=main,active=1
09-23 20:22:27.069 14597 14612 I D05M04  : EVENT,type=engine-return,ordinal=1,requestId=1,at=45854421656983,thread=DefaultDispatcher-worker-1,active=0
09-23 20:22:27.070 14597 14612 I D05M04  : EVENT,type=body,ordinal=2,requestId=2,at=45854422557283,thread=DefaultDispatcher-worker-1
09-23 20:22:27.071 14597 14612 I D05M04  : EVENT,type=engine-enter,ordinal=2,requestId=2,at=45854423596783,thread=DefaultDispatcher-worker-1,active=1
09-23 20:22:27.830 14597 14612 I D05M04  : EVENT,type=engine-return,ordinal=2,requestId=2,at=45855182358283,thread=DefaultDispatcher-worker-1,active=0
09-23 20:22:27.830 14597 14612 I D05M04  : EVENT,type=calculator-return,logical=home,ordinal=2,requestId=2,at=45855182695283,thread=DefaultDispatcher-worker-1
09-23 20:22:27.830 14597 14597 I D05M04  : EVENT,type=publication,ordinal=2,requestId=2,at=45855183022083,thread=main
09-23 20:22:27.833 14597 14611 I D05M04  : RESULT,group=B,rep=21,point=middle,valid=true,submitted=2,started=2,skipped=0,finalRequestId=2,finalLabel=supersession-middle,finalSubmitNs=45853944865583,finalBodyLaunchNs=45854422557283,finalEngineEnterNs=45854423596783,finalEngineReturnNs=45855182358283,finalCalculatorReturnNs=45855182695283,finalPublicationNs=45855183022083,finalStartNs=478731200,finalRuntimeNs=758761500,finalPublicationLatencyNs=1238156500,activeAtFinalSubmission=1,peakConcurrency=1,obsoleteDrainNs=476791400,engineOnMain=false,finalEngineThread=DefaultDispatcher-worker-1,publicationThread=Main
09-23 20:22:27.835 14597 14597 I D05M04  : EVENT,type=submit,id=1,label=initial,at=45855188043783,thread=main,active=0
09-23 20:22:27.841 14597 14612 I D05M04  : EVENT,type=body,ordinal=1,requestId=1,at=45855194110783,thread=DefaultDispatcher-worker-1
09-23 20:22:27.842 14597 14612 I D05M04  : EVENT,type=engine-enter,ordinal=1,requestId=1,at=45855194461983,thread=DefaultDispatcher-worker-1,active=1
09-23 20:22:28.137 14597 14597 I D05M04  : EVENT,type=submit,id=2,label=supersession-middle,at=45855489983283,thread=main,active=1
09-23 20:22:28.623 14597 14612 I D05M04  : EVENT,type=engine-return,ordinal=1,requestId=1,at=45855976012983,thread=DefaultDispatcher-worker-1,active=0
09-23 20:22:28.626 14597 14612 I D05M04  : EVENT,type=body,ordinal=2,requestId=2,at=45855979130283,thread=DefaultDispatcher-worker-1
09-23 20:22:28.627 14597 14612 I D05M04  : EVENT,type=engine-enter,ordinal=2,requestId=2,at=45855979321483,thread=DefaultDispatcher-worker-1,active=1
09-23 20:22:29.396 14597 14612 I D05M04  : EVENT,type=engine-return,ordinal=2,requestId=2,at=45856748292883,thread=DefaultDispatcher-worker-1,active=0
09-23 20:22:29.399 14597 14612 I D05M04  : EVENT,type=calculator-return,logical=home,ordinal=2,requestId=2,at=45856752116583,thread=DefaultDispatcher-worker-1
09-23 20:22:29.400 14597 14597 I D05M04  : EVENT,type=publication,ordinal=2,requestId=2,at=45856752525483,thread=main
09-23 20:22:29.406 14597 14611 I D05M04  : RESULT,group=B,rep=22,point=middle,valid=true,submitted=2,started=2,skipped=0,finalRequestId=2,finalLabel=supersession-middle,finalSubmitNs=45855489983283,finalBodyLaunchNs=45855979130283,finalEngineEnterNs=45855979321483,finalEngineReturnNs=45856748292883,finalCalculatorReturnNs=45856752116583,finalPublicationNs=45856752525483,finalStartNs=489338200,finalRuntimeNs=768971400,finalPublicationLatencyNs=1262542200,activeAtFinalSubmission=1,peakConcurrency=1,obsoleteDrainNs=486029700,engineOnMain=false,finalEngineThread=DefaultDispatcher-worker-1,publicationThread=Main
09-23 20:22:29.412 14597 14597 I D05M04  : EVENT,type=submit,id=1,label=initial,at=45856764692883,thread=main,active=0
09-23 20:22:29.416 14597 14612 I D05M04  : EVENT,type=body,ordinal=1,requestId=1,at=45856768725083,thread=DefaultDispatcher-worker-1
09-23 20:22:29.419 14597 14612 I D05M04  : EVENT,type=engine-enter,ordinal=1,requestId=1,at=45856771575383,thread=DefaultDispatcher-worker-1,active=1
09-23 20:22:29.698 14597 14597 I D05M04  : EVENT,type=submit,id=2,label=supersession-middle,at=45857050743583,thread=main,active=1
09-23 20:22:30.189 14597 14612 I D05M04  : EVENT,type=engine-return,ordinal=1,requestId=1,at=45857541262083,thread=DefaultDispatcher-worker-1,active=0
09-23 20:22:30.191 14597 14612 I D05M04  : EVENT,type=body,ordinal=2,requestId=2,at=45857544071283,thread=DefaultDispatcher-worker-1
09-23 20:22:30.192 14597 14612 I D05M04  : EVENT,type=engine-enter,ordinal=2,requestId=2,at=45857544345683,thread=DefaultDispatcher-worker-1,active=1
09-23 20:22:30.951 14597 14612 I D05M04  : EVENT,type=engine-return,ordinal=2,requestId=2,at=45858303587383,thread=DefaultDispatcher-worker-1,active=0
09-23 20:22:30.951 14597 14612 I D05M04  : EVENT,type=calculator-return,logical=home,ordinal=2,requestId=2,at=45858303807783,thread=DefaultDispatcher-worker-1
09-23 20:22:30.954 14597 14597 I D05M04  : EVENT,type=publication,ordinal=2,requestId=2,at=45858307011083,thread=main
09-23 20:22:30.960 14597 14611 I D05M04  : RESULT,group=B,rep=23,point=middle,valid=true,submitted=2,started=2,skipped=0,finalRequestId=2,finalLabel=supersession-middle,finalSubmitNs=45857050743583,finalBodyLaunchNs=45857544071283,finalEngineEnterNs=45857544345683,finalEngineReturnNs=45858303587383,finalCalculatorReturnNs=45858303807783,finalPublicationNs=45858307011083,finalStartNs=493602100,finalRuntimeNs=759241700,finalPublicationLatencyNs=1256267500,activeAtFinalSubmission=1,peakConcurrency=1,obsoleteDrainNs=490518500,engineOnMain=false,finalEngineThread=DefaultDispatcher-worker-1,publicationThread=Main
09-23 20:22:30.963 14597 14597 I D05M04  : EVENT,type=submit,id=1,label=initial,at=45858315707783,thread=main,active=0
09-23 20:22:30.966 14597 14612 I D05M04  : EVENT,type=body,ordinal=1,requestId=1,at=45858318361683,thread=DefaultDispatcher-worker-1
09-23 20:22:30.966 14597 14612 I D05M04  : EVENT,type=engine-enter,ordinal=1,requestId=1,at=45858318623283,thread=DefaultDispatcher-worker-1,active=1
09-23 20:22:31.243 14597 14597 I D05M04  : EVENT,type=submit,id=2,label=supersession-middle,at=45858595808183,thread=main,active=1
09-23 20:22:31.733 14597 14612 I D05M04  : EVENT,type=engine-return,ordinal=1,requestId=1,at=45859085545383,thread=DefaultDispatcher-worker-1,active=0
09-23 20:22:31.734 14597 14612 I D05M04  : EVENT,type=body,ordinal=2,requestId=2,at=45859086254583,thread=DefaultDispatcher-worker-1
09-23 20:22:31.738 14597 14612 I D05M04  : EVENT,type=engine-enter,ordinal=2,requestId=2,at=45859090636283,thread=DefaultDispatcher-worker-1,active=1
09-23 20:22:32.510 14597 14612 I D05M04  : EVENT,type=engine-return,ordinal=2,requestId=2,at=45859862909083,thread=DefaultDispatcher-worker-1,active=0
09-23 20:22:32.510 14597 14612 I D05M04  : EVENT,type=calculator-return,logical=home,ordinal=2,requestId=2,at=45859863125983,thread=DefaultDispatcher-worker-1
09-23 20:22:32.512 14597 14597 I D05M04  : EVENT,type=publication,ordinal=2,requestId=2,at=45859864711083,thread=main
09-23 20:22:32.514 14597 14611 I D05M04  : RESULT,group=B,rep=24,point=middle,valid=true,submitted=2,started=2,skipped=0,finalRequestId=2,finalLabel=supersession-middle,finalSubmitNs=45858595808183,finalBodyLaunchNs=45859086254583,finalEngineEnterNs=45859090636283,finalEngineReturnNs=45859862909083,finalCalculatorReturnNs=45859863125983,finalPublicationNs=45859864711083,finalStartNs=494828100,finalRuntimeNs=772272800,finalPublicationLatencyNs=1268902900,activeAtFinalSubmission=1,peakConcurrency=1,obsoleteDrainNs=489737200,engineOnMain=false,finalEngineThread=DefaultDispatcher-worker-1,publicationThread=Main
09-23 20:22:32.518 14597 14597 I D05M04  : EVENT,type=submit,id=1,label=initial,at=45859870334783,thread=main,active=0
09-23 20:22:32.519 14597 14612 I D05M04  : EVENT,type=body,ordinal=1,requestId=1,at=45859871248383,thread=DefaultDispatcher-worker-1
09-23 20:22:32.521 14597 14612 I D05M04  : EVENT,type=engine-enter,ordinal=1,requestId=1,at=45859871752383,thread=DefaultDispatcher-worker-1,active=1
09-23 20:22:32.804 14597 14597 I D05M04  : EVENT,type=submit,id=2,label=supersession-middle,at=45860156480183,thread=main,active=1
09-23 20:22:33.278 14597 14612 I D05M04  : EVENT,type=engine-return,ordinal=1,requestId=1,at=45860630203483,thread=DefaultDispatcher-worker-1,active=0
09-23 20:22:33.280 14597 14612 I D05M04  : EVENT,type=body,ordinal=2,requestId=2,at=45860632899983,thread=DefaultDispatcher-worker-1
09-23 20:22:33.280 14597 14612 I D05M04  : EVENT,type=engine-enter,ordinal=2,requestId=2,at=45860633155783,thread=DefaultDispatcher-worker-1,active=1
09-23 20:22:34.027 14597 14612 I D05M04  : EVENT,type=engine-return,ordinal=2,requestId=2,at=45861379484583,thread=DefaultDispatcher-worker-1,active=0
09-23 20:22:34.027 14597 14612 I D05M04  : EVENT,type=calculator-return,logical=home,ordinal=2,requestId=2,at=45861379689483,thread=DefaultDispatcher-worker-1
09-23 20:22:34.030 14597 14597 I D05M04  : EVENT,type=publication,ordinal=2,requestId=2,at=45861382342883,thread=main
09-23 20:22:34.040 14597 14611 I D05M04  : RESULT,group=B,rep=25,point=middle,valid=true,submitted=2,started=2,skipped=0,finalRequestId=2,finalLabel=supersession-middle,finalSubmitNs=45860156480183,finalBodyLaunchNs=45860632899983,finalEngineEnterNs=45860633155783,finalEngineReturnNs=45861379484583,finalCalculatorReturnNs=45861379689483,finalPublicationNs=45861382342883,finalStartNs=476675600,finalRuntimeNs=746328800,finalPublicationLatencyNs=1225862700,activeAtFinalSubmission=1,peakConcurrency=1,obsoleteDrainNs=473723300,engineOnMain=false,finalEngineThread=DefaultDispatcher-worker-1,publicationThread=Main
09-23 20:22:34.043 14597 14597 I D05M04  : EVENT,type=submit,id=1,label=initial,at=45861395522083,thread=main,active=0
09-23 20:22:34.044 14597 14612 I D05M04  : EVENT,type=body,ordinal=1,requestId=1,at=45861396543483,thread=DefaultDispatcher-worker-1
09-23 20:22:34.044 14597 14612 I D05M04  : EVENT,type=engine-enter,ordinal=1,requestId=1,at=45861396867083,thread=DefaultDispatcher-worker-1,active=1
09-23 20:22:34.321 14597 14597 I D05M04  : EVENT,type=submit,id=2,label=supersession-middle,at=45861673550683,thread=main,active=1
09-23 20:22:34.798 14597 14612 I D05M04  : EVENT,type=engine-return,ordinal=1,requestId=1,at=45862150183883,thread=DefaultDispatcher-worker-1,active=0
09-23 20:22:34.801 14597 14612 I D05M04  : EVENT,type=body,ordinal=2,requestId=2,at=45862153451483,thread=DefaultDispatcher-worker-1
09-23 20:22:34.801 14597 14612 I D05M04  : EVENT,type=engine-enter,ordinal=2,requestId=2,at=45862153791483,thread=DefaultDispatcher-worker-1,active=1
09-23 20:22:35.562 14597 14612 I D05M04  : EVENT,type=engine-return,ordinal=2,requestId=2,at=45862914719783,thread=DefaultDispatcher-worker-1,active=0
09-23 20:22:35.562 14597 14612 I D05M04  : EVENT,type=calculator-return,logical=home,ordinal=2,requestId=2,at=45862914910183,thread=DefaultDispatcher-worker-1
09-23 20:22:35.565 14597 14597 I D05M04  : EVENT,type=publication,ordinal=2,requestId=2,at=45862917169683,thread=main
09-23 20:22:35.565 14597 14611 I D05M04  : RESULT,group=B,rep=26,point=middle,valid=true,submitted=2,started=2,skipped=0,finalRequestId=2,finalLabel=supersession-middle,finalSubmitNs=45861673550683,finalBodyLaunchNs=45862153451483,finalEngineEnterNs=45862153791483,finalEngineReturnNs=45862914719783,finalCalculatorReturnNs=45862914910183,finalPublicationNs=45862917169683,finalStartNs=480240800,finalRuntimeNs=760928300,finalPublicationLatencyNs=1243619000,activeAtFinalSubmission=1,peakConcurrency=1,obsoleteDrainNs=476633200,engineOnMain=false,finalEngineThread=DefaultDispatcher-worker-1,publicationThread=Main
09-23 20:22:35.567 14597 14597 I D05M04  : EVENT,type=submit,id=1,label=initial,at=45862919948683,thread=main,active=0
09-23 20:22:35.570 14597 14612 I D05M04  : EVENT,type=body,ordinal=1,requestId=1,at=45862923051783,thread=DefaultDispatcher-worker-1
09-23 20:22:35.571 14597 14612 I D05M04  : EVENT,type=engine-enter,ordinal=1,requestId=1,at=45862923367583,thread=DefaultDispatcher-worker-1,active=1
09-23 20:22:35.853 14597 14597 I D05M04  : EVENT,type=submit,id=2,label=supersession-middle,at=45863205931783,thread=main,active=1
09-23 20:22:36.335 14597 14612 I D05M04  : EVENT,type=engine-return,ordinal=1,requestId=1,at=45863687558283,thread=DefaultDispatcher-worker-1,active=0
09-23 20:22:36.339 14597 14612 I D05M04  : EVENT,type=body,ordinal=2,requestId=2,at=45863691412183,thread=DefaultDispatcher-worker-1
09-23 20:22:36.339 14597 14612 I D05M04  : EVENT,type=engine-enter,ordinal=2,requestId=2,at=45863691790483,thread=DefaultDispatcher-worker-1,active=1
09-23 20:22:37.101 14597 14612 I D05M04  : EVENT,type=engine-return,ordinal=2,requestId=2,at=45864454014683,thread=DefaultDispatcher-worker-1,active=0
09-23 20:22:37.102 14597 14612 I D05M04  : EVENT,type=calculator-return,logical=home,ordinal=2,requestId=2,at=45864454230283,thread=DefaultDispatcher-worker-1
09-23 20:22:37.105 14597 14597 I D05M04  : EVENT,type=publication,ordinal=2,requestId=2,at=45864457048783,thread=main
09-23 20:22:37.120 14597 14611 I D05M04  : RESULT,group=B,rep=27,point=middle,valid=true,submitted=2,started=2,skipped=0,finalRequestId=2,finalLabel=supersession-middle,finalSubmitNs=45863205931783,finalBodyLaunchNs=45863691412183,finalEngineEnterNs=45863691790483,finalEngineReturnNs=45864454014683,finalCalculatorReturnNs=45864454230283,finalPublicationNs=45864457048783,finalStartNs=485858700,finalRuntimeNs=762224200,finalPublicationLatencyNs=1251117000,activeAtFinalSubmission=1,peakConcurrency=1,obsoleteDrainNs=481626500,engineOnMain=false,finalEngineThread=DefaultDispatcher-worker-1,publicationThread=Main
09-23 20:22:37.123 14597 14597 I D05M04  : EVENT,type=submit,id=1,label=initial,at=45864475655183,thread=main,active=0
09-23 20:22:37.124 14597 14612 I D05M04  : EVENT,type=body,ordinal=1,requestId=1,at=45864476259783,thread=DefaultDispatcher-worker-1
09-23 20:22:37.124 14597 14612 I D05M04  : EVENT,type=engine-enter,ordinal=1,requestId=1,at=45864476449483,thread=DefaultDispatcher-worker-1,active=1
09-23 20:22:37.400 14597 14597 I D05M04  : EVENT,type=submit,id=2,label=supersession-middle,at=45864753047883,thread=main,active=1
09-23 20:22:37.884 14597 14612 I D05M04  : EVENT,type=engine-return,ordinal=1,requestId=1,at=45865236424183,thread=DefaultDispatcher-worker-1,active=0
09-23 20:22:37.887 14597 14612 I D05M04  : EVENT,type=body,ordinal=2,requestId=2,at=45865239828183,thread=DefaultDispatcher-worker-1
09-23 20:22:37.887 14597 14612 I D05M04  : EVENT,type=engine-enter,ordinal=2,requestId=2,at=45865240095583,thread=DefaultDispatcher-worker-1,active=1
09-23 20:22:38.661 14597 14612 I D05M04  : EVENT,type=engine-return,ordinal=2,requestId=2,at=45866013648683,thread=DefaultDispatcher-worker-1,active=0
09-23 20:22:38.661 14597 14612 I D05M04  : EVENT,type=calculator-return,logical=home,ordinal=2,requestId=2,at=45866013823483,thread=DefaultDispatcher-worker-1
09-23 20:22:38.662 14597 14597 I D05M04  : EVENT,type=publication,ordinal=2,requestId=2,at=45866014750683,thread=main
09-23 20:22:38.666 14597 14611 I D05M04  : RESULT,group=B,rep=28,point=middle,valid=true,submitted=2,started=2,skipped=0,finalRequestId=2,finalLabel=supersession-middle,finalSubmitNs=45864753047883,finalBodyLaunchNs=45865239828183,finalEngineEnterNs=45865240095583,finalEngineReturnNs=45866013648683,finalCalculatorReturnNs=45866013823483,finalPublicationNs=45866014750683,finalStartNs=487047700,finalRuntimeNs=773553100,finalPublicationLatencyNs=1261702800,activeAtFinalSubmission=1,peakConcurrency=1,obsoleteDrainNs=483376300,engineOnMain=false,finalEngineThread=DefaultDispatcher-worker-1,publicationThread=Main
09-23 20:22:38.668 14597 14597 I D05M04  : EVENT,type=submit,id=1,label=initial,at=45866020911983,thread=main,active=0
09-23 20:22:38.671 14597 14612 I D05M04  : EVENT,type=body,ordinal=1,requestId=1,at=45866023645683,thread=DefaultDispatcher-worker-1
09-23 20:22:38.671 14597 14612 I D05M04  : EVENT,type=engine-enter,ordinal=1,requestId=1,at=45866024086783,thread=DefaultDispatcher-worker-1,active=1
09-23 20:22:38.951 14597 14597 I D05M04  : EVENT,type=submit,id=2,label=supersession-middle,at=45866302472383,thread=main,active=1
09-23 20:22:39.426 14597 14612 I D05M04  : EVENT,type=engine-return,ordinal=1,requestId=1,at=45866778509183,thread=DefaultDispatcher-worker-1,active=0
09-23 20:22:39.429 14597 14612 I D05M04  : EVENT,type=body,ordinal=2,requestId=2,at=45866781604683,thread=DefaultDispatcher-worker-1
09-23 20:22:39.429 14597 14612 I D05M04  : EVENT,type=engine-enter,ordinal=2,requestId=2,at=45866781891583,thread=DefaultDispatcher-worker-1,active=1
09-23 20:22:40.183 14597 14612 I D05M04  : EVENT,type=engine-return,ordinal=2,requestId=2,at=45867535734783,thread=DefaultDispatcher-worker-1,active=0
09-23 20:22:40.183 14597 14612 I D05M04  : EVENT,type=calculator-return,logical=home,ordinal=2,requestId=2,at=45867535980783,thread=DefaultDispatcher-worker-1
09-23 20:22:40.186 14597 14597 I D05M04  : EVENT,type=publication,ordinal=2,requestId=2,at=45867538872883,thread=main
09-23 20:22:40.187 14597 14611 I D05M04  : RESULT,group=B,rep=29,point=middle,valid=true,submitted=2,started=2,skipped=0,finalRequestId=2,finalLabel=supersession-middle,finalSubmitNs=45866302472383,finalBodyLaunchNs=45866781604683,finalEngineEnterNs=45866781891583,finalEngineReturnNs=45867535734783,finalCalculatorReturnNs=45867535980783,finalPublicationNs=45867538872883,finalStartNs=479419200,finalRuntimeNs=753843200,finalPublicationLatencyNs=1236400500,activeAtFinalSubmission=1,peakConcurrency=1,obsoleteDrainNs=476036800,engineOnMain=false,finalEngineThread=DefaultDispatcher-worker-1,publicationThread=Main
09-23 20:22:40.192 14597 14597 I D05M04  : EVENT,type=submit,id=1,label=initial,at=45867544392383,thread=main,active=0
09-23 20:22:40.194 14597 14612 I D05M04  : EVENT,type=body,ordinal=1,requestId=1,at=45867546990283,thread=DefaultDispatcher-worker-1
09-23 20:22:40.195 14597 14612 I D05M04  : EVENT,type=engine-enter,ordinal=1,requestId=1,at=45867547679183,thread=DefaultDispatcher-worker-1,active=1
09-23 20:22:40.636 14597 14597 I D05M04  : EVENT,type=submit,id=2,label=supersession-late,at=45867988222083,thread=main,active=1
09-23 20:22:40.935 14597 14612 I D05M04  : EVENT,type=engine-return,ordinal=1,requestId=1,at=45868287693983,thread=DefaultDispatcher-worker-1,active=0
09-23 20:22:40.938 14597 14612 I D05M04  : EVENT,type=body,ordinal=2,requestId=2,at=45868290740183,thread=DefaultDispatcher-worker-1
09-23 20:22:40.938 14597 14612 I D05M04  : EVENT,type=engine-enter,ordinal=2,requestId=2,at=45868290984183,thread=DefaultDispatcher-worker-1,active=1
09-23 20:22:41.693 14597 14612 I D05M04  : EVENT,type=engine-return,ordinal=2,requestId=2,at=45869045175383,thread=DefaultDispatcher-worker-1,active=0
09-23 20:22:41.693 14597 14612 I D05M04  : EVENT,type=calculator-return,logical=home,ordinal=2,requestId=2,at=45869045388283,thread=DefaultDispatcher-worker-1
09-23 20:22:41.694 14597 14597 I D05M04  : EVENT,type=publication,ordinal=2,requestId=2,at=45869046868583,thread=main
09-23 20:22:41.697 14597 14611 I D05M04  : RESULT,group=B,rep=30,point=late,valid=true,submitted=2,started=2,skipped=0,finalRequestId=2,finalLabel=supersession-late,finalSubmitNs=45867988222083,finalBodyLaunchNs=45868290740183,finalEngineEnterNs=45868290984183,finalEngineReturnNs=45869045175383,finalCalculatorReturnNs=45869045388283,finalPublicationNs=45869046868583,finalStartNs=302762100,finalRuntimeNs=754191200,finalPublicationLatencyNs=1058646500,activeAtFinalSubmission=1,peakConcurrency=1,obsoleteDrainNs=299471900,engineOnMain=false,finalEngineThread=DefaultDispatcher-worker-1,publicationThread=Main
09-23 20:22:41.699 14597 14597 I D05M04  : EVENT,type=submit,id=1,label=initial,at=45869052045583,thread=main,active=0
09-23 20:22:41.702 14597 14612 I D05M04  : EVENT,type=body,ordinal=1,requestId=1,at=45869054677283,thread=DefaultDispatcher-worker-1
09-23 20:22:41.703 14597 14612 I D05M04  : EVENT,type=engine-enter,ordinal=1,requestId=1,at=45869055375783,thread=DefaultDispatcher-worker-1,active=1
09-23 20:22:42.129 14597 14597 I D05M04  : EVENT,type=submit,id=2,label=supersession-late,at=45869481258683,thread=main,active=1
09-23 20:22:42.443 14597 14612 I D05M04  : EVENT,type=engine-return,ordinal=1,requestId=1,at=45869795879583,thread=DefaultDispatcher-worker-1,active=0
09-23 20:22:42.445 14597 14612 I D05M04  : EVENT,type=body,ordinal=2,requestId=2,at=45869798128283,thread=DefaultDispatcher-worker-1
09-23 20:22:42.446 14597 14612 I D05M04  : EVENT,type=engine-enter,ordinal=2,requestId=2,at=45869798404183,thread=DefaultDispatcher-worker-1,active=1
09-23 20:22:43.203 14597 14612 I D05M04  : EVENT,type=engine-return,ordinal=2,requestId=2,at=45870555913083,thread=DefaultDispatcher-worker-1,active=0
09-23 20:22:43.203 14597 14612 I D05M04  : EVENT,type=calculator-return,logical=home,ordinal=2,requestId=2,at=45870556165083,thread=DefaultDispatcher-worker-1
09-23 20:22:43.205 14597 14597 I D05M04  : EVENT,type=publication,ordinal=2,requestId=2,at=45870557173483,thread=main
09-23 20:22:43.208 14597 14611 I D05M04  : RESULT,group=B,rep=31,point=late,valid=true,submitted=2,started=2,skipped=0,finalRequestId=2,finalLabel=supersession-late,finalSubmitNs=45869481258683,finalBodyLaunchNs=45869798128283,finalEngineEnterNs=45869798404183,finalEngineReturnNs=45870555913083,finalCalculatorReturnNs=45870556165083,finalPublicationNs=45870557173483,finalStartNs=317145500,finalRuntimeNs=757508900,finalPublicationLatencyNs=1075914800,activeAtFinalSubmission=1,peakConcurrency=1,obsoleteDrainNs=314620900,engineOnMain=false,finalEngineThread=DefaultDispatcher-worker-1,publicationThread=Main
09-23 20:22:43.211 14597 14597 I D05M04  : EVENT,type=submit,id=1,label=initial,at=45870563838583,thread=main,active=0
09-23 20:22:43.212 14597 14612 I D05M04  : EVENT,type=body,ordinal=1,requestId=1,at=45870564577483,thread=DefaultDispatcher-worker-1
09-23 20:22:43.212 14597 14612 I D05M04  : EVENT,type=engine-enter,ordinal=1,requestId=1,at=45870564799983,thread=DefaultDispatcher-worker-1,active=1
09-23 20:22:43.638 14597 14597 I D05M04  : EVENT,type=submit,id=2,label=supersession-late,at=45870991026483,thread=main,active=1
09-23 20:22:43.962 14597 14612 I D05M04  : EVENT,type=engine-return,ordinal=1,requestId=1,at=45871314841683,thread=DefaultDispatcher-worker-1,active=0
09-23 20:22:43.965 14597 14612 I D05M04  : EVENT,type=body,ordinal=2,requestId=2,at=45871317471683,thread=DefaultDispatcher-worker-1
09-23 20:22:43.965 14597 14612 I D05M04  : EVENT,type=engine-enter,ordinal=2,requestId=2,at=45871317824183,thread=DefaultDispatcher-worker-1,active=1
09-23 20:22:44.710 14597 14612 I D05M04  : EVENT,type=engine-return,ordinal=2,requestId=2,at=45872062594083,thread=DefaultDispatcher-worker-1,active=0
09-23 20:22:44.710 14597 14612 I D05M04  : EVENT,type=calculator-return,logical=home,ordinal=2,requestId=2,at=45872062773683,thread=DefaultDispatcher-worker-1
09-23 20:22:44.711 14597 14597 I D05M04  : EVENT,type=publication,ordinal=2,requestId=2,at=45872063160883,thread=main
09-23 20:22:44.713 14597 14611 I D05M04  : RESULT,group=B,rep=32,point=late,valid=true,submitted=2,started=2,skipped=0,finalRequestId=2,finalLabel=supersession-late,finalSubmitNs=45870991026483,finalBodyLaunchNs=45871317471683,finalEngineEnterNs=45871317824183,finalEngineReturnNs=45872062594083,finalCalculatorReturnNs=45872062773683,finalPublicationNs=45872063160883,finalStartNs=326797700,finalRuntimeNs=744769900,finalPublicationLatencyNs=1072134400,activeAtFinalSubmission=1,peakConcurrency=1,obsoleteDrainNs=323815200,engineOnMain=false,finalEngineThread=DefaultDispatcher-worker-1,publicationThread=Main
09-23 20:22:44.715 14597 14597 I D05M04  : EVENT,type=submit,id=1,label=initial,at=45872068004483,thread=main,active=0
09-23 20:22:44.721 14597 14612 I D05M04  : EVENT,type=body,ordinal=1,requestId=1,at=45872074077283,thread=DefaultDispatcher-worker-1
09-23 20:22:44.722 14597 14612 I D05M04  : EVENT,type=engine-enter,ordinal=1,requestId=1,at=45872074407583,thread=DefaultDispatcher-worker-1,active=1
09-23 20:22:45.167 14597 14597 I D05M04  : EVENT,type=submit,id=2,label=supersession-late,at=45872520075483,thread=main,active=1
09-23 20:22:45.476 14597 14612 I D05M04  : EVENT,type=engine-return,ordinal=1,requestId=1,at=45872829114583,thread=DefaultDispatcher-worker-1,active=0
09-23 20:22:45.479 14597 14612 I D05M04  : EVENT,type=body,ordinal=2,requestId=2,at=45872831952783,thread=DefaultDispatcher-worker-1
09-23 20:22:45.481 14597 14612 I D05M04  : EVENT,type=engine-enter,ordinal=2,requestId=2,at=45872832254283,thread=DefaultDispatcher-worker-1,active=1
09-23 20:22:46.224 14597 14612 I D05M04  : EVENT,type=engine-return,ordinal=2,requestId=2,at=45873577128983,thread=DefaultDispatcher-worker-1,active=0
09-23 20:22:46.225 14597 14612 I D05M04  : EVENT,type=calculator-return,logical=home,ordinal=2,requestId=2,at=45873577306483,thread=DefaultDispatcher-worker-1
09-23 20:22:46.227 14597 14597 I D05M04  : EVENT,type=publication,ordinal=2,requestId=2,at=45873579828483,thread=main
09-23 20:22:46.247 14597 14611 I D05M04  : RESULT,group=B,rep=33,point=late,valid=true,submitted=2,started=2,skipped=0,finalRequestId=2,finalLabel=supersession-late,finalSubmitNs=45872520075483,finalBodyLaunchNs=45872831952783,finalEngineEnterNs=45872832254283,finalEngineReturnNs=45873577128983,finalCalculatorReturnNs=45873577306483,finalPublicationNs=45873579828483,finalStartNs=312178800,finalRuntimeNs=744874700,finalPublicationLatencyNs=1059753000,activeAtFinalSubmission=1,peakConcurrency=1,obsoleteDrainNs=309039100,engineOnMain=false,finalEngineThread=DefaultDispatcher-worker-1,publicationThread=Main
09-23 20:22:46.250 14597 14597 I D05M04  : EVENT,type=submit,id=1,label=initial,at=45873603163083,thread=main,active=0
09-23 20:22:46.253 14597 14612 I D05M04  : EVENT,type=body,ordinal=1,requestId=1,at=45873605291383,thread=DefaultDispatcher-worker-1
09-23 20:22:46.254 14597 14612 I D05M04  : EVENT,type=engine-enter,ordinal=1,requestId=1,at=45873605736683,thread=DefaultDispatcher-worker-1,active=1
09-23 20:22:46.686 14597 14597 I D05M04  : EVENT,type=submit,id=2,label=supersession-late,at=45874038950783,thread=main,active=1
09-23 20:22:47.001 14597 14612 I D05M04  : EVENT,type=engine-return,ordinal=1,requestId=1,at=45874353243583,thread=DefaultDispatcher-worker-1,active=0
09-23 20:22:47.003 14597 14612 I D05M04  : EVENT,type=body,ordinal=2,requestId=2,at=45874355902183,thread=DefaultDispatcher-worker-1
09-23 20:22:47.006 14597 14612 I D05M04  : EVENT,type=engine-enter,ordinal=2,requestId=2,at=45874356918783,thread=DefaultDispatcher-worker-1,active=1
09-23 20:22:47.773 14597 14612 I D05M04  : EVENT,type=engine-return,ordinal=2,requestId=2,at=45875125294083,thread=DefaultDispatcher-worker-1,active=0
09-23 20:22:47.773 14597 14612 I D05M04  : EVENT,type=calculator-return,logical=home,ordinal=2,requestId=2,at=45875125488583,thread=DefaultDispatcher-worker-1
09-23 20:22:47.776 14597 14597 I D05M04  : EVENT,type=publication,ordinal=2,requestId=2,at=45875128728983,thread=main
09-23 20:22:47.793 14597 14611 I D05M04  : RESULT,group=B,rep=34,point=late,valid=true,submitted=2,started=2,skipped=0,finalRequestId=2,finalLabel=supersession-late,finalSubmitNs=45874038950783,finalBodyLaunchNs=45874355902183,finalEngineEnterNs=45874356918783,finalEngineReturnNs=45875125294083,finalCalculatorReturnNs=45875125488583,finalPublicationNs=45875128728983,finalStartNs=317968000,finalRuntimeNs=768375300,finalPublicationLatencyNs=1089778200,activeAtFinalSubmission=1,peakConcurrency=1,obsoleteDrainNs=314292800,engineOnMain=false,finalEngineThread=DefaultDispatcher-worker-1,publicationThread=Main
09-23 20:22:47.796 14597 14597 I D05M04  : EVENT,type=submit,id=1,label=initial,at=45875148867683,thread=main,active=0
09-23 20:22:47.799 14597 14612 I D05M04  : EVENT,type=body,ordinal=1,requestId=1,at=45875151561383,thread=DefaultDispatcher-worker-1
09-23 20:22:47.799 14597 14612 I D05M04  : EVENT,type=engine-enter,ordinal=1,requestId=1,at=45875151762183,thread=DefaultDispatcher-worker-1,active=1
09-23 20:22:48.230 14597 14597 I D05M04  : EVENT,type=submit,id=2,label=supersession-late,at=45875582246983,thread=main,active=1
09-23 20:22:48.565 14597 14612 I D05M04  : EVENT,type=engine-return,ordinal=1,requestId=1,at=45875918034083,thread=DefaultDispatcher-worker-1,active=0
09-23 20:22:48.569 14597 14612 I D05M04  : EVENT,type=body,ordinal=2,requestId=2,at=45875921318983,thread=DefaultDispatcher-worker-1
09-23 20:22:48.569 14597 14612 I D05M04  : EVENT,type=engine-enter,ordinal=2,requestId=2,at=45875921729383,thread=DefaultDispatcher-worker-1,active=1
09-23 20:22:49.323 14597 14612 I D05M04  : EVENT,type=engine-return,ordinal=2,requestId=2,at=45876675735983,thread=DefaultDispatcher-worker-1,active=0
09-23 20:22:49.326 14597 14612 I D05M04  : EVENT,type=calculator-return,logical=home,ordinal=2,requestId=2,at=45876678026383,thread=DefaultDispatcher-worker-1
09-23 20:22:49.330 14597 14597 I D05M04  : EVENT,type=publication,ordinal=2,requestId=2,at=45876682772183,thread=main
09-23 20:22:49.332 14597 14611 I D05M04  : RESULT,group=B,rep=35,point=late,valid=true,submitted=2,started=2,skipped=0,finalRequestId=2,finalLabel=supersession-late,finalSubmitNs=45875582246983,finalBodyLaunchNs=45875921318983,finalEngineEnterNs=45875921729383,finalEngineReturnNs=45876675735983,finalCalculatorReturnNs=45876678026383,finalPublicationNs=45876682772183,finalStartNs=339482400,finalRuntimeNs=754006600,finalPublicationLatencyNs=1100525200,activeAtFinalSubmission=1,peakConcurrency=1,obsoleteDrainNs=335787100,engineOnMain=false,finalEngineThread=DefaultDispatcher-worker-1,publicationThread=Main
09-23 20:22:49.336 14597 14597 I D05M04  : EVENT,type=submit,id=1,label=initial,at=45876688357083,thread=main,active=0
09-23 20:22:49.338 14597 14612 I D05M04  : EVENT,type=body,ordinal=1,requestId=1,at=45876690849483,thread=DefaultDispatcher-worker-1
09-23 20:22:49.338 14597 14612 I D05M04  : EVENT,type=engine-enter,ordinal=1,requestId=1,at=45876691102783,thread=DefaultDispatcher-worker-1,active=1
09-23 20:22:49.776 14597 14597 I D05M04  : EVENT,type=submit,id=2,label=supersession-late,at=45877128233483,thread=main,active=1
09-23 20:22:50.099 14597 14612 I D05M04  : EVENT,type=engine-return,ordinal=1,requestId=1,at=45877452040483,thread=DefaultDispatcher-worker-1,active=0
09-23 20:22:50.102 14597 14612 I D05M04  : EVENT,type=body,ordinal=2,requestId=2,at=45877455089083,thread=DefaultDispatcher-worker-1
09-23 20:22:50.103 14597 14612 I D05M04  : EVENT,type=engine-enter,ordinal=2,requestId=2,at=45877455406583,thread=DefaultDispatcher-worker-1,active=1
09-23 20:22:50.850 14597 14612 I D05M04  : EVENT,type=engine-return,ordinal=2,requestId=2,at=45878202950483,thread=DefaultDispatcher-worker-1,active=0
09-23 20:22:50.850 14597 14612 I D05M04  : EVENT,type=calculator-return,logical=home,ordinal=2,requestId=2,at=45878203129483,thread=DefaultDispatcher-worker-1
09-23 20:22:50.853 14597 14597 I D05M04  : EVENT,type=publication,ordinal=2,requestId=2,at=45878205205883,thread=main
09-23 20:22:50.869 14597 14611 I D05M04  : RESULT,group=B,rep=36,point=late,valid=true,submitted=2,started=2,skipped=0,finalRequestId=2,finalLabel=supersession-late,finalSubmitNs=45877128233483,finalBodyLaunchNs=45877455089083,finalEngineEnterNs=45877455406583,finalEngineReturnNs=45878202950483,finalCalculatorReturnNs=45878203129483,finalPublicationNs=45878205205883,finalStartNs=327173100,finalRuntimeNs=747543900,finalPublicationLatencyNs=1076972400,activeAtFinalSubmission=1,peakConcurrency=1,obsoleteDrainNs=323807000,engineOnMain=false,finalEngineThread=DefaultDispatcher-worker-1,publicationThread=Main
09-23 20:22:50.872 14597 14597 I D05M04  : EVENT,type=submit,id=1,label=initial,at=45878225142383,thread=main,active=0
09-23 20:22:50.875 14597 14612 I D05M04  : EVENT,type=body,ordinal=1,requestId=1,at=45878227905683,thread=DefaultDispatcher-worker-1
09-23 20:22:50.875 14597 14612 I D05M04  : EVENT,type=engine-enter,ordinal=1,requestId=1,at=45878228140283,thread=DefaultDispatcher-worker-1,active=1
09-23 20:22:51.306 14597 14597 I D05M04  : EVENT,type=submit,id=2,label=supersession-late,at=45878658484483,thread=main,active=1
09-23 20:22:51.642 14597 14612 I D05M04  : EVENT,type=engine-return,ordinal=1,requestId=1,at=45878994304583,thread=DefaultDispatcher-worker-1,active=0
09-23 20:22:51.645 14597 14612 I D05M04  : EVENT,type=body,ordinal=2,requestId=2,at=45878997711183,thread=DefaultDispatcher-worker-1
09-23 20:22:51.645 14597 14612 I D05M04  : EVENT,type=engine-enter,ordinal=2,requestId=2,at=45878997983083,thread=DefaultDispatcher-worker-1,active=1
09-23 20:22:52.401 14597 14612 I D05M04  : EVENT,type=engine-return,ordinal=2,requestId=2,at=45879753381983,thread=DefaultDispatcher-worker-1,active=0
09-23 20:22:52.401 14597 14612 I D05M04  : EVENT,type=calculator-return,logical=home,ordinal=2,requestId=2,at=45879753571683,thread=DefaultDispatcher-worker-1
09-23 20:22:52.404 14597 14597 I D05M04  : EVENT,type=publication,ordinal=2,requestId=2,at=45879756031283,thread=main
09-23 20:22:52.404 14597 14611 I D05M04  : RESULT,group=B,rep=37,point=late,valid=true,submitted=2,started=2,skipped=0,finalRequestId=2,finalLabel=supersession-late,finalSubmitNs=45878658484483,finalBodyLaunchNs=45878997711183,finalEngineEnterNs=45878997983083,finalEngineReturnNs=45879753381983,finalCalculatorReturnNs=45879753571683,finalPublicationNs=45879756031283,finalStartNs=339498600,finalRuntimeNs=755398900,finalPublicationLatencyNs=1097546800,activeAtFinalSubmission=1,peakConcurrency=1,obsoleteDrainNs=335820100,engineOnMain=false,finalEngineThread=DefaultDispatcher-worker-1,publicationThread=Main
09-23 20:22:52.406 14597 14597 I D05M04  : EVENT,type=submit,id=1,label=initial,at=45879759084983,thread=main,active=0
09-23 20:22:52.410 14597 14612 I D05M04  : EVENT,type=body,ordinal=1,requestId=1,at=45879762421583,thread=DefaultDispatcher-worker-1
09-23 20:22:52.410 14597 14612 I D05M04  : EVENT,type=engine-enter,ordinal=1,requestId=1,at=45879762578883,thread=DefaultDispatcher-worker-1,active=1
09-23 20:22:52.867 14597 14597 I D05M04  : EVENT,type=submit,id=2,label=supersession-late,at=45880219184583,thread=main,active=1
09-23 20:22:53.165 14597 14612 I D05M04  : EVENT,type=engine-return,ordinal=1,requestId=1,at=45880517395483,thread=DefaultDispatcher-worker-1,active=0
09-23 20:22:53.167 14597 14612 I D05M04  : EVENT,type=body,ordinal=2,requestId=2,at=45880520005583,thread=DefaultDispatcher-worker-1
09-23 20:22:53.168 14597 14612 I D05M04  : EVENT,type=engine-enter,ordinal=2,requestId=2,at=45880520314883,thread=DefaultDispatcher-worker-1,active=1
09-23 20:22:53.922 14597 14612 I D05M04  : EVENT,type=engine-return,ordinal=2,requestId=2,at=45881274648183,thread=DefaultDispatcher-worker-1,active=0
09-23 20:22:53.922 14597 14612 I D05M04  : EVENT,type=calculator-return,logical=home,ordinal=2,requestId=2,at=45881274843583,thread=DefaultDispatcher-worker-1
09-23 20:22:53.923 14597 14597 I D05M04  : EVENT,type=publication,ordinal=2,requestId=2,at=45881275193483,thread=main
09-23 20:22:53.925 14597 14611 I D05M04  : RESULT,group=B,rep=38,point=late,valid=true,submitted=2,started=2,skipped=0,finalRequestId=2,finalLabel=supersession-late,finalSubmitNs=45880219184583,finalBodyLaunchNs=45880520005583,finalEngineEnterNs=45880520314883,finalEngineReturnNs=45881274648183,finalCalculatorReturnNs=45881274843583,finalPublicationNs=45881275193483,finalStartNs=301130300,finalRuntimeNs=754333300,finalPublicationLatencyNs=1056008900,activeAtFinalSubmission=1,peakConcurrency=1,obsoleteDrainNs=298210900,engineOnMain=false,finalEngineThread=DefaultDispatcher-worker-1,publicationThread=Main
09-23 20:22:53.928 14597 14597 I D05M04  : EVENT,type=submit,id=1,label=initial,at=45881280640783,thread=main,active=0
09-23 20:22:53.931 14597 14612 I D05M04  : EVENT,type=body,ordinal=1,requestId=1,at=45881283392683,thread=DefaultDispatcher-worker-1
09-23 20:22:53.931 14597 14612 I D05M04  : EVENT,type=engine-enter,ordinal=1,requestId=1,at=45881283704283,thread=DefaultDispatcher-worker-1,active=1
09-23 20:22:54.384 14597 14597 I D05M04  : EVENT,type=submit,id=2,label=supersession-late,at=45881736878783,thread=main,active=1
09-23 20:22:54.671 14597 14612 I D05M04  : EVENT,type=engine-return,ordinal=1,requestId=1,at=45882023868383,thread=DefaultDispatcher-worker-1,active=0
09-23 20:22:54.674 14597 14612 I D05M04  : EVENT,type=body,ordinal=2,requestId=2,at=45882026416183,thread=DefaultDispatcher-worker-1
09-23 20:22:54.674 14597 14612 I D05M04  : EVENT,type=engine-enter,ordinal=2,requestId=2,at=45882026886983,thread=DefaultDispatcher-worker-1,active=1
09-23 20:22:55.437 14597 14612 I D05M04  : EVENT,type=engine-return,ordinal=2,requestId=2,at=45882789476183,thread=DefaultDispatcher-worker-1,active=0
09-23 20:22:55.437 14597 14612 I D05M04  : EVENT,type=calculator-return,logical=home,ordinal=2,requestId=2,at=45882789710583,thread=DefaultDispatcher-worker-1
09-23 20:22:55.437 14597 14597 I D05M04  : EVENT,type=publication,ordinal=2,requestId=2,at=45882790057683,thread=main
09-23 20:22:55.441 14597 14611 I D05M04  : RESULT,group=B,rep=39,point=late,valid=true,submitted=2,started=2,skipped=0,finalRequestId=2,finalLabel=supersession-late,finalSubmitNs=45881736878783,finalBodyLaunchNs=45882026416183,finalEngineEnterNs=45882026886983,finalEngineReturnNs=45882789476183,finalCalculatorReturnNs=45882789710583,finalPublicationNs=45882790057683,finalStartNs=290008200,finalRuntimeNs=762589200,finalPublicationLatencyNs=1053178900,activeAtFinalSubmission=1,peakConcurrency=1,obsoleteDrainNs=286989600,engineOnMain=false,finalEngineThread=DefaultDispatcher-worker-1,publicationThread=Main
09-23 20:22:55.443 14597 14597 I D05M04  : EVENT,type=submit,id=1,label=initial,at=45882795429283,thread=main,active=0
09-23 20:22:55.443 14597 14612 I D05M04  : EVENT,type=body,ordinal=1,requestId=1,at=45882796030783,thread=DefaultDispatcher-worker-1
09-23 20:22:55.446 14597 14612 I D05M04  : EVENT,type=engine-enter,ordinal=1,requestId=1,at=45882798186683,thread=DefaultDispatcher-worker-1,active=1
09-23 20:22:55.878 14597 14597 I D05M04  : EVENT,type=submit,id=2,label=supersession-late,at=45883230571483,thread=main,active=1
09-23 20:22:56.194 14597 14612 I D05M04  : EVENT,type=engine-return,ordinal=1,requestId=1,at=45883546911383,thread=DefaultDispatcher-worker-1,active=0
09-23 20:22:56.197 14597 14612 I D05M04  : EVENT,type=body,ordinal=2,requestId=2,at=45883549566583,thread=DefaultDispatcher-worker-1
09-23 20:22:56.197 14597 14612 I D05M04  : EVENT,type=engine-enter,ordinal=2,requestId=2,at=45883549887183,thread=DefaultDispatcher-worker-1,active=1
09-23 20:22:56.959 14597 14612 I D05M04  : EVENT,type=engine-return,ordinal=2,requestId=2,at=45884311185583,thread=DefaultDispatcher-worker-1,active=0
09-23 20:22:56.959 14597 14612 I D05M04  : EVENT,type=calculator-return,logical=home,ordinal=2,requestId=2,at=45884311410083,thread=DefaultDispatcher-worker-1
09-23 20:22:56.961 14597 14597 I D05M04  : EVENT,type=publication,ordinal=2,requestId=2,at=45884311888683,thread=main
09-23 20:22:56.963 14597 14611 I D05M04  : RESULT,group=B,rep=40,point=late,valid=true,submitted=2,started=2,skipped=0,finalRequestId=2,finalLabel=supersession-late,finalSubmitNs=45883230571483,finalBodyLaunchNs=45883549566583,finalEngineEnterNs=45883549887183,finalEngineReturnNs=45884311185583,finalCalculatorReturnNs=45884311410083,finalPublicationNs=45884311888683,finalStartNs=319315700,finalRuntimeNs=761298400,finalPublicationLatencyNs=1081317200,activeAtFinalSubmission=1,peakConcurrency=1,obsoleteDrainNs=316339900,engineOnMain=false,finalEngineThread=DefaultDispatcher-worker-1,publicationThread=Main
09-23 20:22:56.967 14597 14597 I D05M04  : EVENT,type=submit,id=1,label=initial,at=45884319288083,thread=main,active=0
09-23 20:22:56.970 14597 14612 I D05M04  : EVENT,type=body,ordinal=1,requestId=1,at=45884322818583,thread=DefaultDispatcher-worker-1
09-23 20:22:56.976 14597 14612 I D05M04  : EVENT,type=engine-enter,ordinal=1,requestId=1,at=45884328842983,thread=DefaultDispatcher-worker-1,active=1
09-23 20:22:57.408 14597 14597 I D05M04  : EVENT,type=submit,id=2,label=supersession-late,at=45884761080483,thread=main,active=1
09-23 20:22:57.724 14597 14612 I D05M04  : EVENT,type=engine-return,ordinal=1,requestId=1,at=45885076779383,thread=DefaultDispatcher-worker-1,active=0
09-23 20:22:57.728 14597 14612 I D05M04  : EVENT,type=body,ordinal=2,requestId=2,at=45885080485583,thread=DefaultDispatcher-worker-1
09-23 20:22:57.728 14597 14612 I D05M04  : EVENT,type=engine-enter,ordinal=2,requestId=2,at=45885080752683,thread=DefaultDispatcher-worker-1,active=1
09-23 20:22:58.503 14597 14612 I D05M04  : EVENT,type=engine-return,ordinal=2,requestId=2,at=45885855966283,thread=DefaultDispatcher-worker-1,active=0
09-23 20:22:58.504 14597 14612 I D05M04  : EVENT,type=calculator-return,logical=home,ordinal=2,requestId=2,at=45885856211883,thread=DefaultDispatcher-worker-1
09-23 20:22:58.505 14597 14597 I D05M04  : EVENT,type=publication,ordinal=2,requestId=2,at=45885857808383,thread=main
09-23 20:22:58.506 14597 14611 I D05M04  : RESULT,group=B,rep=41,point=late,valid=true,submitted=2,started=2,skipped=0,finalRequestId=2,finalLabel=supersession-late,finalSubmitNs=45884761080483,finalBodyLaunchNs=45885080485583,finalEngineEnterNs=45885080752683,finalEngineReturnNs=45885855966283,finalCalculatorReturnNs=45885856211883,finalPublicationNs=45885857808383,finalStartNs=319672200,finalRuntimeNs=775213600,finalPublicationLatencyNs=1096727900,activeAtFinalSubmission=1,peakConcurrency=1,obsoleteDrainNs=315698900,engineOnMain=false,finalEngineThread=DefaultDispatcher-worker-1,publicationThread=Main
09-23 20:22:58.509 14597 14597 I D05M04  : EVENT,type=submit,id=1,label=initial,at=45885862074483,thread=main,active=0
09-23 20:22:58.510 14597 14612 I D05M04  : EVENT,type=body,ordinal=1,requestId=1,at=45885862885683,thread=DefaultDispatcher-worker-1
09-23 20:22:58.512 14597 14612 I D05M04  : EVENT,type=engine-enter,ordinal=1,requestId=1,at=45885863841683,thread=DefaultDispatcher-worker-1,active=1
09-23 20:22:58.941 14597 14597 I D05M04  : EVENT,type=submit,id=2,label=supersession-late,at=45886293220083,thread=main,active=1
09-23 20:22:59.276 14597 14612 I D05M04  : EVENT,type=engine-return,ordinal=1,requestId=1,at=45886628827383,thread=DefaultDispatcher-worker-1,active=0
09-23 20:22:59.278 14597 14612 I D05M04  : EVENT,type=body,ordinal=2,requestId=2,at=45886631039683,thread=DefaultDispatcher-worker-1
09-23 20:22:59.279 14597 14612 I D05M04  : EVENT,type=engine-enter,ordinal=2,requestId=2,at=45886631246583,thread=DefaultDispatcher-worker-1,active=1
09-23 20:23:00.055 14597 14612 I D05M04  : EVENT,type=engine-return,ordinal=2,requestId=2,at=45887407662083,thread=DefaultDispatcher-worker-1,active=0
09-23 20:23:00.056 14597 14612 I D05M04  : EVENT,type=calculator-return,logical=home,ordinal=2,requestId=2,at=45887408352483,thread=DefaultDispatcher-worker-1
09-23 20:23:00.060 14597 14597 I D05M04  : EVENT,type=publication,ordinal=2,requestId=2,at=45887413052183,thread=main
09-23 20:23:00.069 14597 14611 I D05M04  : RESULT,group=B,rep=42,point=late,valid=true,submitted=2,started=2,skipped=0,finalRequestId=2,finalLabel=supersession-late,finalSubmitNs=45886293220083,finalBodyLaunchNs=45886631039683,finalEngineEnterNs=45886631246583,finalEngineReturnNs=45887407662083,finalCalculatorReturnNs=45887408352483,finalPublicationNs=45887413052183,finalStartNs=338026500,finalRuntimeNs=776415500,finalPublicationLatencyNs=1119832100,activeAtFinalSubmission=1,peakConcurrency=1,obsoleteDrainNs=335607300,engineOnMain=false,finalEngineThread=DefaultDispatcher-worker-1,publicationThread=Main
09-23 20:23:00.074 14597 14597 I D05M04  : EVENT,type=submit,id=1,label=initial,at=45887427137583,thread=main,active=0
09-23 20:23:00.078 14597 14612 I D05M04  : EVENT,type=body,ordinal=1,requestId=1,at=45887430226883,thread=DefaultDispatcher-worker-1
09-23 20:23:00.080 14597 14612 I D05M04  : EVENT,type=engine-enter,ordinal=1,requestId=1,at=45887432685183,thread=DefaultDispatcher-worker-1,active=1
09-23 20:23:00.509 14597 14597 I D05M04  : EVENT,type=submit,id=2,label=supersession-late,at=45887861904383,thread=main,active=1
09-23 20:23:00.832 14597 14612 I D05M04  : EVENT,type=engine-return,ordinal=1,requestId=1,at=45888184542183,thread=DefaultDispatcher-worker-1,active=0
09-23 20:23:00.835 14597 14612 I D05M04  : EVENT,type=body,ordinal=2,requestId=2,at=45888187399883,thread=DefaultDispatcher-worker-1
09-23 20:23:00.835 14597 14612 I D05M04  : EVENT,type=engine-enter,ordinal=2,requestId=2,at=45888187759083,thread=DefaultDispatcher-worker-1,active=1
09-23 20:23:01.593 14597 14612 I D05M04  : EVENT,type=engine-return,ordinal=2,requestId=2,at=45888945297383,thread=DefaultDispatcher-worker-1,active=0
09-23 20:23:01.593 14597 14612 I D05M04  : EVENT,type=calculator-return,logical=home,ordinal=2,requestId=2,at=45888945493183,thread=DefaultDispatcher-worker-1
09-23 20:23:01.594 14597 14597 I D05M04  : EVENT,type=publication,ordinal=2,requestId=2,at=45888946509883,thread=main
09-23 20:23:01.595 14597 14611 I D05M04  : RESULT,group=B,rep=43,point=late,valid=true,submitted=2,started=2,skipped=0,finalRequestId=2,finalLabel=supersession-late,finalSubmitNs=45887861904383,finalBodyLaunchNs=45888187399883,finalEngineEnterNs=45888187759083,finalEngineReturnNs=45888945297383,finalCalculatorReturnNs=45888945493183,finalPublicationNs=45888946509883,finalStartNs=325854700,finalRuntimeNs=757538300,finalPublicationLatencyNs=1084605500,activeAtFinalSubmission=1,peakConcurrency=1,obsoleteDrainNs=322637800,engineOnMain=false,finalEngineThread=DefaultDispatcher-worker-1,publicationThread=Main
09-23 20:23:01.599 14597 14597 I D05M04  : EVENT,type=submit,id=1,label=initial,at=45888951393083,thread=main,active=0
09-23 20:23:01.602 14597 14612 I D05M04  : EVENT,type=body,ordinal=1,requestId=1,at=45888954493483,thread=DefaultDispatcher-worker-1
09-23 20:23:01.604 14597 14612 I D05M04  : EVENT,type=engine-enter,ordinal=1,requestId=1,at=45888955294983,thread=DefaultDispatcher-worker-1,active=1
09-23 20:23:02.036 14597 14597 I D05M04  : EVENT,type=submit,id=2,label=supersession-late,at=45889388970583,thread=main,active=1
09-23 20:23:02.394 14597 14612 I D05M04  : EVENT,type=engine-return,ordinal=1,requestId=1,at=45889746625883,thread=DefaultDispatcher-worker-1,active=0
09-23 20:23:02.396 14597 14612 I D05M04  : EVENT,type=body,ordinal=2,requestId=2,at=45889748855583,thread=DefaultDispatcher-worker-1
09-23 20:23:02.397 14597 14612 I D05M04  : EVENT,type=engine-enter,ordinal=2,requestId=2,at=45889749562183,thread=DefaultDispatcher-worker-1,active=1
09-23 20:23:03.147 14597 14612 I D05M04  : EVENT,type=engine-return,ordinal=2,requestId=2,at=45890499729383,thread=DefaultDispatcher-worker-1,active=0
09-23 20:23:03.148 14597 14612 I D05M04  : EVENT,type=calculator-return,logical=home,ordinal=2,requestId=2,at=45890500193483,thread=DefaultDispatcher-worker-1
09-23 20:23:03.150 14597 14597 I D05M04  : EVENT,type=publication,ordinal=2,requestId=2,at=45890502859083,thread=main
09-23 20:23:03.153 14597 14611 I D05M04  : RESULT,group=B,rep=44,point=late,valid=true,submitted=2,started=2,skipped=0,finalRequestId=2,finalLabel=supersession-late,finalSubmitNs=45889388970583,finalBodyLaunchNs=45889748855583,finalEngineEnterNs=45889749562183,finalEngineReturnNs=45890499729383,finalCalculatorReturnNs=45890500193483,finalPublicationNs=45890502859083,finalStartNs=360591600,finalRuntimeNs=750167200,finalPublicationLatencyNs=1113888500,activeAtFinalSubmission=1,peakConcurrency=1,obsoleteDrainNs=357655300,engineOnMain=false,finalEngineThread=DefaultDispatcher-worker-1,publicationThread=Main
