--------- beginning of main
09-23 21:07:47.101 15143 15143 I D06M04  : EVENT,type=submit,id=1,label=initial,at=48574453099983,thread=main,active=0
09-23 21:07:47.194 15143 15162 I D06M04  : EVENT,type=body,ordinal=1,requestId=1,at=48574546478183,thread=DefaultDispatcher-worker-3
09-23 21:07:47.207 15143 15162 I D06M04  : EVENT,type=engine-enter,ordinal=1,requestId=1,at=48574559912183,thread=DefaultDispatcher-worker-3,active=1
09-23 21:07:47.908 15143 15162 I D06M04  : EVENT,type=engine-return,ordinal=1,requestId=1,at=48575260997983,thread=DefaultDispatcher-worker-3,active=0
09-23 21:07:47.911 15143 15162 I D06M04  : EVENT,type=calculator-return,ordinal=1,requestId=1,at=48575262567883,thread=DefaultDispatcher-worker-3
09-23 21:07:47.913 15143 15143 I D06M04  : EVENT,type=publication,ordinal=1,requestId=1,at=48575265576483,thread=main
09-23 21:07:47.915 15143 15159 I D06M04  : RESULT,group=A,rep=0,valid=true,submitted=1,started=1,skipped=0,finalRequestId=1,finalSubmitNs=48574453099983,finalEngineEnterNs=48574559912183,finalEngineReturnNs=48575260997983,finalPublicationNs=48575265576483,finalStartNs=106812200,finalRuntimeNs=701085800,finalPublicationLatencyNs=812476500,activeAtFinalSubmission=0,peakConcurrency=1,obsoleteDrainNs=0,obsoleteCancelled=0,obsoleteCompleted=0,engineOnMain=false,finalEngineThread=DefaultDispatcher-worker-3,publicationThread=main
09-23 21:07:47.923 15143 15143 I D06M04  : EVENT,type=submit,id=1,label=initial,at=48575275677183,thread=main,active=0
09-23 21:07:47.927 15143 15162 I D06M04  : EVENT,type=body,ordinal=1,requestId=1,at=48575279658483,thread=DefaultDispatcher-worker-3
09-23 21:07:47.928 15143 15162 I D06M04  : EVENT,type=engine-enter,ordinal=1,requestId=1,at=48575281014783,thread=DefaultDispatcher-worker-3,active=1
09-23 21:07:48.714 15143 15162 I D06M04  : EVENT,type=engine-return,ordinal=1,requestId=1,at=48576066247883,thread=DefaultDispatcher-worker-3,active=0
09-23 21:07:48.714 15143 15162 I D06M04  : EVENT,type=calculator-return,ordinal=1,requestId=1,at=48576066769783,thread=DefaultDispatcher-worker-3
09-23 21:07:48.719 15143 15143 I D06M04  : EVENT,type=publication,ordinal=1,requestId=1,at=48576071290883,thread=main
09-23 21:07:48.721 15143 15159 I D06M04  : RESULT,group=A,rep=1,valid=true,submitted=1,started=1,skipped=0,finalRequestId=1,finalSubmitNs=48575275677183,finalEngineEnterNs=48575281014783,finalEngineReturnNs=48576066247883,finalPublicationNs=48576071290883,finalStartNs=5337600,finalRuntimeNs=785233100,finalPublicationLatencyNs=795613700,activeAtFinalSubmission=0,peakConcurrency=1,obsoleteDrainNs=0,obsoleteCancelled=0,obsoleteCompleted=0,engineOnMain=false,finalEngineThread=DefaultDispatcher-worker-3,publicationThread=main
09-23 21:07:48.726 15143 15143 I D06M04  : EVENT,type=submit,id=1,label=initial,at=48576078726583,thread=main,active=0
09-23 21:07:48.732 15143 15162 I D06M04  : EVENT,type=body,ordinal=1,requestId=1,at=48576084742783,thread=DefaultDispatcher-worker-3
09-23 21:07:48.734 15143 15162 I D06M04  : EVENT,type=engine-enter,ordinal=1,requestId=1,at=48576086654783,thread=DefaultDispatcher-worker-3,active=1
09-23 21:07:49.526 15143 15162 I D06M04  : EVENT,type=engine-return,ordinal=1,requestId=1,at=48576878982583,thread=DefaultDispatcher-worker-3,active=0
09-23 21:07:49.526 15143 15162 I D06M04  : EVENT,type=calculator-return,ordinal=1,requestId=1,at=48576879169183,thread=DefaultDispatcher-worker-3
09-23 21:07:49.529 15143 15143 I D06M04  : EVENT,type=publication,ordinal=1,requestId=1,at=48576880765483,thread=main
09-23 21:07:49.531 15143 15159 I D06M04  : RESULT,group=A,rep=2,valid=true,submitted=1,started=1,skipped=0,finalRequestId=1,finalSubmitNs=48576078726583,finalEngineEnterNs=48576086654783,finalEngineReturnNs=48576878982583,finalPublicationNs=48576880765483,finalStartNs=7928200,finalRuntimeNs=792327800,finalPublicationLatencyNs=802038900,activeAtFinalSubmission=0,peakConcurrency=1,obsoleteDrainNs=0,obsoleteCancelled=0,obsoleteCompleted=0,engineOnMain=false,finalEngineThread=DefaultDispatcher-worker-3,publicationThread=main
09-23 21:07:49.537 15143 15143 I D06M04  : EVENT,type=submit,id=1,label=initial,at=48576889540383,thread=main,active=0
09-23 21:07:49.543 15143 15162 I D06M04  : EVENT,type=body,ordinal=1,requestId=1,at=48576896128183,thread=DefaultDispatcher-worker-3
09-23 21:07:49.545 15143 15162 I D06M04  : EVENT,type=engine-enter,ordinal=1,requestId=1,at=48576898039783,thread=DefaultDispatcher-worker-3,active=1
09-23 21:07:50.389 15143 15162 I D06M04  : EVENT,type=engine-return,ordinal=1,requestId=1,at=48577741789383,thread=DefaultDispatcher-worker-3,active=0
09-23 21:07:50.389 15143 15162 I D06M04  : EVENT,type=calculator-return,ordinal=1,requestId=1,at=48577741976583,thread=DefaultDispatcher-worker-3
09-23 21:07:50.390 15143 15143 I D06M04  : EVENT,type=publication,ordinal=1,requestId=1,at=48577743016283,thread=main
09-23 21:07:50.396 15143 15159 I D06M04  : RESULT,group=A,rep=3,valid=true,submitted=1,started=1,skipped=0,finalRequestId=1,finalSubmitNs=48576889540383,finalEngineEnterNs=48576898039783,finalEngineReturnNs=48577741789383,finalPublicationNs=48577743016283,finalStartNs=8499400,finalRuntimeNs=843749600,finalPublicationLatencyNs=853475900,activeAtFinalSubmission=0,peakConcurrency=1,obsoleteDrainNs=0,obsoleteCancelled=0,obsoleteCompleted=0,engineOnMain=false,finalEngineThread=DefaultDispatcher-worker-3,publicationThread=main
09-23 21:07:50.400 15143 15143 I D06M04  : EVENT,type=submit,id=1,label=initial,at=48577752788783,thread=main,active=0
09-23 21:07:50.403 15143 15162 I D06M04  : EVENT,type=body,ordinal=1,requestId=1,at=48577755275283,thread=DefaultDispatcher-worker-3
09-23 21:07:50.408 15143 15162 I D06M04  : EVENT,type=engine-enter,ordinal=1,requestId=1,at=48577760190483,thread=DefaultDispatcher-worker-3,active=1
09-23 21:07:51.261 15143 15162 I D06M04  : EVENT,type=engine-return,ordinal=1,requestId=1,at=48578613475683,thread=DefaultDispatcher-worker-3,active=0
09-23 21:07:51.262 15143 15162 I D06M04  : EVENT,type=calculator-return,ordinal=1,requestId=1,at=48578613858683,thread=DefaultDispatcher-worker-3
09-23 21:07:51.263 15143 15143 I D06M04  : EVENT,type=publication,ordinal=1,requestId=1,at=48578615917283,thread=main
09-23 21:07:51.265 15143 15159 I D06M04  : RESULT,group=A,rep=4,valid=true,submitted=1,started=1,skipped=0,finalRequestId=1,finalSubmitNs=48577752788783,finalEngineEnterNs=48577760190483,finalEngineReturnNs=48578613475683,finalPublicationNs=48578615917283,finalStartNs=7401700,finalRuntimeNs=853285200,finalPublicationLatencyNs=863128500,activeAtFinalSubmission=0,peakConcurrency=1,obsoleteDrainNs=0,obsoleteCancelled=0,obsoleteCompleted=0,engineOnMain=false,finalEngineThread=DefaultDispatcher-worker-3,publicationThread=main
09-23 21:07:51.275 15143 15143 I D06M04  : EVENT,type=submit,id=1,label=initial,at=48578627236583,thread=main,active=0
09-23 21:07:51.279 15143 15162 I D06M04  : EVENT,type=body,ordinal=1,requestId=1,at=48578631760083,thread=DefaultDispatcher-worker-3
09-23 21:07:51.282 15143 15162 I D06M04  : EVENT,type=engine-enter,ordinal=1,requestId=1,at=48578635063183,thread=DefaultDispatcher-worker-3,active=1
09-23 21:07:52.130 15143 15162 I D06M04  : EVENT,type=engine-return,ordinal=1,requestId=1,at=48579481440783,thread=DefaultDispatcher-worker-3,active=0
09-23 21:07:52.131 15143 15162 I D06M04  : EVENT,type=calculator-return,ordinal=1,requestId=1,at=48579483655483,thread=DefaultDispatcher-worker-3
09-23 21:07:52.135 15143 15143 I D06M04  : EVENT,type=publication,ordinal=1,requestId=1,at=48579486766783,thread=main
09-23 21:07:52.141 15143 15159 I D06M04  : RESULT,group=A,rep=5,valid=true,submitted=1,started=1,skipped=0,finalRequestId=1,finalSubmitNs=48578627236583,finalEngineEnterNs=48578635063183,finalEngineReturnNs=48579481440783,finalPublicationNs=48579486766783,finalStartNs=7826600,finalRuntimeNs=846377600,finalPublicationLatencyNs=859530200,activeAtFinalSubmission=0,peakConcurrency=1,obsoleteDrainNs=0,obsoleteCancelled=0,obsoleteCompleted=0,engineOnMain=false,finalEngineThread=DefaultDispatcher-worker-3,publicationThread=main
09-23 21:07:52.149 15143 15143 I D06M04  : EVENT,type=submit,id=1,label=initial,at=48579501727283,thread=main,active=0
09-23 21:07:52.155 15143 15162 I D06M04  : EVENT,type=body,ordinal=1,requestId=1,at=48579508008283,thread=DefaultDispatcher-worker-3
09-23 21:07:52.161 15143 15162 I D06M04  : EVENT,type=engine-enter,ordinal=1,requestId=1,at=48579511275283,thread=DefaultDispatcher-worker-3,active=1
09-23 21:07:52.970 15143 15162 I D06M04  : EVENT,type=engine-return,ordinal=1,requestId=1,at=48580322273183,thread=DefaultDispatcher-worker-3,active=0
09-23 21:07:52.970 15143 15162 I D06M04  : EVENT,type=calculator-return,ordinal=1,requestId=1,at=48580322465083,thread=DefaultDispatcher-worker-3
09-23 21:07:52.972 15143 15143 I D06M04  : EVENT,type=publication,ordinal=1,requestId=1,at=48580324633283,thread=main
09-23 21:07:52.974 15143 15159 I D06M04  : RESULT,group=A,rep=6,valid=true,submitted=1,started=1,skipped=0,finalRequestId=1,finalSubmitNs=48579501727283,finalEngineEnterNs=48579511275283,finalEngineReturnNs=48580322273183,finalPublicationNs=48580324633283,finalStartNs=9548000,finalRuntimeNs=810997900,finalPublicationLatencyNs=822906000,activeAtFinalSubmission=0,peakConcurrency=1,obsoleteDrainNs=0,obsoleteCancelled=0,obsoleteCompleted=0,engineOnMain=false,finalEngineThread=DefaultDispatcher-worker-3,publicationThread=main
09-23 21:07:52.982 15143 15143 I D06M04  : EVENT,type=submit,id=1,label=initial,at=48580334274383,thread=main,active=0
09-23 21:07:52.984 15143 15162 I D06M04  : EVENT,type=body,ordinal=1,requestId=1,at=48580336953983,thread=DefaultDispatcher-worker-3
09-23 21:07:52.986 15143 15162 I D06M04  : EVENT,type=engine-enter,ordinal=1,requestId=1,at=48580338637883,thread=DefaultDispatcher-worker-3,active=1
09-23 21:07:53.776 15143 15162 I D06M04  : EVENT,type=engine-return,ordinal=1,requestId=1,at=48581128313683,thread=DefaultDispatcher-worker-3,active=0
09-23 21:07:53.776 15143 15162 I D06M04  : EVENT,type=calculator-return,ordinal=1,requestId=1,at=48581128509883,thread=DefaultDispatcher-worker-3
09-23 21:07:53.777 15143 15143 I D06M04  : EVENT,type=publication,ordinal=1,requestId=1,at=48581129043583,thread=main
09-23 21:07:53.778 15143 15159 I D06M04  : RESULT,group=A,rep=7,valid=true,submitted=1,started=1,skipped=0,finalRequestId=1,finalSubmitNs=48580334274383,finalEngineEnterNs=48580338637883,finalEngineReturnNs=48581128313683,finalPublicationNs=48581129043583,finalStartNs=4363500,finalRuntimeNs=789675800,finalPublicationLatencyNs=794769200,activeAtFinalSubmission=0,peakConcurrency=1,obsoleteDrainNs=0,obsoleteCancelled=0,obsoleteCompleted=0,engineOnMain=false,finalEngineThread=DefaultDispatcher-worker-3,publicationThread=main
09-23 21:07:53.783 15143 15143 I D06M04  : EVENT,type=submit,id=1,label=initial,at=48581136034983,thread=main,active=0
09-23 21:07:53.788 15143 15162 I D06M04  : EVENT,type=body,ordinal=1,requestId=1,at=48581140215283,thread=DefaultDispatcher-worker-3
09-23 21:07:53.791 15143 15162 I D06M04  : EVENT,type=engine-enter,ordinal=1,requestId=1,at=48581144011683,thread=DefaultDispatcher-worker-3,active=1
09-23 21:07:54.591 15143 15162 I D06M04  : EVENT,type=engine-return,ordinal=1,requestId=1,at=48581943808483,thread=DefaultDispatcher-worker-3,active=0
09-23 21:07:54.591 15143 15162 I D06M04  : EVENT,type=calculator-return,ordinal=1,requestId=1,at=48581944066483,thread=DefaultDispatcher-worker-3
09-23 21:07:54.594 15143 15143 I D06M04  : EVENT,type=publication,ordinal=1,requestId=1,at=48581946053383,thread=main
09-23 21:07:54.594 15143 15159 I D06M04  : RESULT,group=A,rep=8,valid=true,submitted=1,started=1,skipped=0,finalRequestId=1,finalSubmitNs=48581136034983,finalEngineEnterNs=48581144011683,finalEngineReturnNs=48581943808483,finalPublicationNs=48581946053383,finalStartNs=7976700,finalRuntimeNs=799796800,finalPublicationLatencyNs=810018400,activeAtFinalSubmission=0,peakConcurrency=1,obsoleteDrainNs=0,obsoleteCancelled=0,obsoleteCompleted=0,engineOnMain=false,finalEngineThread=DefaultDispatcher-worker-3,publicationThread=main
09-23 21:07:54.600 15143 15143 I D06M04  : EVENT,type=submit,id=1,label=initial,at=48581952349983,thread=main,active=0
09-23 21:07:54.601 15143 15162 I D06M04  : EVENT,type=body,ordinal=1,requestId=1,at=48581953903683,thread=DefaultDispatcher-worker-3
09-23 21:07:54.606 15143 15162 I D06M04  : EVENT,type=engine-enter,ordinal=1,requestId=1,at=48581958705283,thread=DefaultDispatcher-worker-3,active=1
09-23 21:07:55.398 15143 15162 I D06M04  : EVENT,type=engine-return,ordinal=1,requestId=1,at=48582751010783,thread=DefaultDispatcher-worker-3,active=0
09-23 21:07:55.399 15143 15162 I D06M04  : EVENT,type=calculator-return,ordinal=1,requestId=1,at=48582751233583,thread=DefaultDispatcher-worker-3
09-23 21:07:55.401 15143 15143 I D06M04  : EVENT,type=publication,ordinal=1,requestId=1,at=48582754088383,thread=main
09-23 21:07:55.409 15143 15159 I D06M04  : RESULT,group=A,rep=9,valid=true,submitted=1,started=1,skipped=0,finalRequestId=1,finalSubmitNs=48581952349983,finalEngineEnterNs=48581958705283,finalEngineReturnNs=48582751010783,finalPublicationNs=48582754088383,finalStartNs=6355300,finalRuntimeNs=792305500,finalPublicationLatencyNs=801738400,activeAtFinalSubmission=0,peakConcurrency=1,obsoleteDrainNs=0,obsoleteCancelled=0,obsoleteCompleted=0,engineOnMain=false,finalEngineThread=DefaultDispatcher-worker-3,publicationThread=main
09-23 21:07:55.413 15143 15143 I D06M04  : EVENT,type=submit,id=1,label=initial,at=48582766129583,thread=main,active=0
09-23 21:07:55.417 15143 15162 I D06M04  : EVENT,type=body,ordinal=1,requestId=1,at=48582769630383,thread=DefaultDispatcher-worker-3
09-23 21:07:55.420 15143 15162 I D06M04  : EVENT,type=engine-enter,ordinal=1,requestId=1,at=48582771768283,thread=DefaultDispatcher-worker-3,active=1
09-23 21:07:56.222 15143 15162 I D06M04  : EVENT,type=engine-return,ordinal=1,requestId=1,at=48583574602183,thread=DefaultDispatcher-worker-3,active=0
09-23 21:07:56.222 15143 15162 I D06M04  : EVENT,type=calculator-return,ordinal=1,requestId=1,at=48583574894583,thread=DefaultDispatcher-worker-3
09-23 21:07:56.225 15143 15143 I D06M04  : EVENT,type=publication,ordinal=1,requestId=1,at=48583577784883,thread=main
09-23 21:07:56.225 15143 15159 I D06M04  : RESULT,group=A,rep=10,valid=true,submitted=1,started=1,skipped=0,finalRequestId=1,finalSubmitNs=48582766129583,finalEngineEnterNs=48582771768283,finalEngineReturnNs=48583574602183,finalPublicationNs=48583577784883,finalStartNs=5638700,finalRuntimeNs=802833900,finalPublicationLatencyNs=811655300,activeAtFinalSubmission=0,peakConcurrency=1,obsoleteDrainNs=0,obsoleteCancelled=0,obsoleteCompleted=0,engineOnMain=false,finalEngineThread=DefaultDispatcher-worker-3,publicationThread=main
09-23 21:07:56.229 15143 15143 I D06M04  : EVENT,type=submit,id=1,label=initial,at=48583581600983,thread=main,active=0
09-23 21:07:56.233 15143 15162 I D06M04  : EVENT,type=body,ordinal=1,requestId=1,at=48583585072883,thread=DefaultDispatcher-worker-3
09-23 21:07:56.236 15143 15162 I D06M04  : EVENT,type=engine-enter,ordinal=1,requestId=1,at=48583588883983,thread=DefaultDispatcher-worker-3,active=1
09-23 21:07:57.064 15143 15162 I D06M04  : EVENT,type=engine-return,ordinal=1,requestId=1,at=48584416250083,thread=DefaultDispatcher-worker-3,active=0
09-23 21:07:57.064 15143 15162 I D06M04  : EVENT,type=calculator-return,ordinal=1,requestId=1,at=48584416464783,thread=DefaultDispatcher-worker-3
09-23 21:07:57.066 15143 15143 I D06M04  : EVENT,type=publication,ordinal=1,requestId=1,at=48584418240083,thread=main
09-23 21:07:57.066 15143 15159 I D06M04  : RESULT,group=A,rep=11,valid=true,submitted=1,started=1,skipped=0,finalRequestId=1,finalSubmitNs=48583581600983,finalEngineEnterNs=48583588883983,finalEngineReturnNs=48584416250083,finalPublicationNs=48584418240083,finalStartNs=7283000,finalRuntimeNs=827366100,finalPublicationLatencyNs=836639100,activeAtFinalSubmission=0,peakConcurrency=1,obsoleteDrainNs=0,obsoleteCancelled=0,obsoleteCompleted=0,engineOnMain=false,finalEngineThread=DefaultDispatcher-worker-3,publicationThread=main
09-23 21:07:57.072 15143 15143 I D06M04  : EVENT,type=submit,id=1,label=initial,at=48584424178083,thread=main,active=0
09-23 21:07:57.076 15143 15162 I D06M04  : EVENT,type=body,ordinal=1,requestId=1,at=48584428588483,thread=DefaultDispatcher-worker-3
09-23 21:07:57.080 15143 15162 I D06M04  : EVENT,type=engine-enter,ordinal=1,requestId=1,at=48584432858183,thread=DefaultDispatcher-worker-3,active=1
09-23 21:07:57.895 15143 15162 I D06M04  : EVENT,type=engine-return,ordinal=1,requestId=1,at=48585247295683,thread=DefaultDispatcher-worker-3,active=0
09-23 21:07:57.895 15143 15162 I D06M04  : EVENT,type=calculator-return,ordinal=1,requestId=1,at=48585247529883,thread=DefaultDispatcher-worker-3
09-23 21:07:57.898 15143 15143 I D06M04  : EVENT,type=publication,ordinal=1,requestId=1,at=48585250756383,thread=main
09-23 21:07:57.921 15143 15159 I D06M04  : RESULT,group=A,rep=12,valid=true,submitted=1,started=1,skipped=0,finalRequestId=1,finalSubmitNs=48584424178083,finalEngineEnterNs=48584432858183,finalEngineReturnNs=48585247295683,finalPublicationNs=48585250756383,finalStartNs=8680100,finalRuntimeNs=814437500,finalPublicationLatencyNs=826578300,activeAtFinalSubmission=0,peakConcurrency=1,obsoleteDrainNs=0,obsoleteCancelled=0,obsoleteCompleted=0,engineOnMain=false,finalEngineThread=DefaultDispatcher-worker-3,publicationThread=main
09-23 21:07:57.925 15143 15143 I D06M04  : EVENT,type=submit,id=1,label=initial,at=48585277499983,thread=main,active=0
09-23 21:07:57.930 15143 15162 I D06M04  : EVENT,type=body,ordinal=1,requestId=1,at=48585282348083,thread=DefaultDispatcher-worker-3
09-23 21:07:57.933 15143 15162 I D06M04  : EVENT,type=engine-enter,ordinal=1,requestId=1,at=48585285296483,thread=DefaultDispatcher-worker-3,active=1
09-23 21:07:58.737 15143 15162 I D06M04  : EVENT,type=engine-return,ordinal=1,requestId=1,at=48586089203883,thread=DefaultDispatcher-worker-3,active=0
09-23 21:07:58.737 15143 15162 I D06M04  : EVENT,type=calculator-return,ordinal=1,requestId=1,at=48586089452883,thread=DefaultDispatcher-worker-3
09-23 21:07:58.739 15143 15143 I D06M04  : EVENT,type=publication,ordinal=1,requestId=1,at=48586092058283,thread=main
09-23 21:07:58.761 15143 15159 I D06M04  : RESULT,group=A,rep=13,valid=true,submitted=1,started=1,skipped=0,finalRequestId=1,finalSubmitNs=48585277499983,finalEngineEnterNs=48585285296483,finalEngineReturnNs=48586089203883,finalPublicationNs=48586092058283,finalStartNs=7796500,finalRuntimeNs=803907400,finalPublicationLatencyNs=814558300,activeAtFinalSubmission=0,peakConcurrency=1,obsoleteDrainNs=0,obsoleteCancelled=0,obsoleteCompleted=0,engineOnMain=false,finalEngineThread=DefaultDispatcher-worker-3,publicationThread=main
09-23 21:07:58.765 15143 15143 I D06M04  : EVENT,type=submit,id=1,label=initial,at=48586117778083,thread=main,active=0
09-23 21:07:58.769 15143 15162 I D06M04  : EVENT,type=body,ordinal=1,requestId=1,at=48586121344283,thread=DefaultDispatcher-worker-3
09-23 21:07:58.771 15143 15162 I D06M04  : EVENT,type=engine-enter,ordinal=1,requestId=1,at=48586124104683,thread=DefaultDispatcher-worker-3,active=1
09-23 21:07:59.567 15143 15162 I D06M04  : EVENT,type=engine-return,ordinal=1,requestId=1,at=48586919870983,thread=DefaultDispatcher-worker-3,active=0
09-23 21:07:59.567 15143 15162 I D06M04  : EVENT,type=calculator-return,ordinal=1,requestId=1,at=48586920088083,thread=DefaultDispatcher-worker-3
09-23 21:07:59.571 15143 15143 I D06M04  : EVENT,type=publication,ordinal=1,requestId=1,at=48586923057383,thread=main
09-23 21:07:59.592 15143 15159 I D06M04  : RESULT,group=A,rep=14,valid=true,submitted=1,started=1,skipped=0,finalRequestId=1,finalSubmitNs=48586117778083,finalEngineEnterNs=48586124104683,finalEngineReturnNs=48586919870983,finalPublicationNs=48586923057383,finalStartNs=6326600,finalRuntimeNs=795766300,finalPublicationLatencyNs=805279300,activeAtFinalSubmission=0,peakConcurrency=1,obsoleteDrainNs=0,obsoleteCancelled=0,obsoleteCompleted=0,engineOnMain=false,finalEngineThread=DefaultDispatcher-worker-3,publicationThread=main
09-23 21:07:59.596 15143 15143 I D06M04  : EVENT,type=submit,id=1,label=initial,at=48586948458483,thread=main,active=0
09-23 21:07:59.599 15143 15162 I D06M04  : EVENT,type=body,ordinal=1,requestId=1,at=48586951703583,thread=DefaultDispatcher-worker-3
09-23 21:07:59.602 15143 15162 I D06M04  : EVENT,type=engine-enter,ordinal=1,requestId=1,at=48586954555783,thread=DefaultDispatcher-worker-3,active=1
09-23 21:08:00.392 15143 15162 I D06M04  : EVENT,type=engine-return,ordinal=1,requestId=1,at=48587744611083,thread=DefaultDispatcher-worker-3,active=0
09-23 21:08:00.392 15143 15162 I D06M04  : EVENT,type=calculator-return,ordinal=1,requestId=1,at=48587744789083,thread=DefaultDispatcher-worker-3
09-23 21:08:00.392 15143 15143 I D06M04  : EVENT,type=publication,ordinal=1,requestId=1,at=48587745160283,thread=main
09-23 21:08:00.397 15143 15159 I D06M04  : RESULT,group=A,rep=15,valid=true,submitted=1,started=1,skipped=0,finalRequestId=1,finalSubmitNs=48586948458483,finalEngineEnterNs=48586954555783,finalEngineReturnNs=48587744611083,finalPublicationNs=48587745160283,finalStartNs=6097300,finalRuntimeNs=790055300,finalPublicationLatencyNs=796701800,activeAtFinalSubmission=0,peakConcurrency=1,obsoleteDrainNs=0,obsoleteCancelled=0,obsoleteCompleted=0,engineOnMain=false,finalEngineThread=DefaultDispatcher-worker-3,publicationThread=main
09-23 21:08:00.401 15143 15143 I D06M04  : EVENT,type=submit,id=1,label=initial,at=48587753316683,thread=main,active=0
09-23 21:08:00.402 15143 15162 I D06M04  : EVENT,type=body,ordinal=1,requestId=1,at=48587754416783,thread=DefaultDispatcher-worker-3
09-23 21:08:00.405 15143 15162 I D06M04  : EVENT,type=engine-enter,ordinal=1,requestId=1,at=48587756940183,thread=DefaultDispatcher-worker-3,active=1
09-23 21:08:01.213 15143 15162 I D06M04  : EVENT,type=engine-return,ordinal=1,requestId=1,at=48588565609983,thread=DefaultDispatcher-worker-3,active=0
09-23 21:08:01.213 15143 15162 I D06M04  : EVENT,type=calculator-return,ordinal=1,requestId=1,at=48588565822483,thread=DefaultDispatcher-worker-3
09-23 21:08:01.215 15143 15143 I D06M04  : EVENT,type=publication,ordinal=1,requestId=1,at=48588568071283,thread=main
09-23 21:08:01.216 15143 15159 I D06M04  : RESULT,group=A,rep=16,valid=true,submitted=1,started=1,skipped=0,finalRequestId=1,finalSubmitNs=48587753316683,finalEngineEnterNs=48587756940183,finalEngineReturnNs=48588565609983,finalPublicationNs=48588568071283,finalStartNs=3623500,finalRuntimeNs=808669800,finalPublicationLatencyNs=814754600,activeAtFinalSubmission=0,peakConcurrency=1,obsoleteDrainNs=0,obsoleteCancelled=0,obsoleteCompleted=0,engineOnMain=false,finalEngineThread=DefaultDispatcher-worker-3,publicationThread=main
09-23 21:08:01.219 15143 15143 I D06M04  : EVENT,type=submit,id=1,label=initial,at=48588571276883,thread=main,active=0
09-23 21:08:01.224 15143 15162 I D06M04  : EVENT,type=body,ordinal=1,requestId=1,at=48588576263783,thread=DefaultDispatcher-worker-3
09-23 21:08:01.225 15143 15162 I D06M04  : EVENT,type=engine-enter,ordinal=1,requestId=1,at=48588577645283,thread=DefaultDispatcher-worker-3,active=1
09-23 21:08:02.014 15143 15162 I D06M04  : EVENT,type=engine-return,ordinal=1,requestId=1,at=48589366860383,thread=DefaultDispatcher-worker-3,active=0
09-23 21:08:02.015 15143 15162 I D06M04  : EVENT,type=calculator-return,ordinal=1,requestId=1,at=48589367163283,thread=DefaultDispatcher-worker-3
09-23 21:08:02.015 15143 15143 I D06M04  : EVENT,type=publication,ordinal=1,requestId=1,at=48589367610683,thread=main
09-23 21:08:02.018 15143 15159 I D06M04  : RESULT,group=A,rep=17,valid=true,submitted=1,started=1,skipped=0,finalRequestId=1,finalSubmitNs=48588571276883,finalEngineEnterNs=48588577645283,finalEngineReturnNs=48589366860383,finalPublicationNs=48589367610683,finalStartNs=6368400,finalRuntimeNs=789215100,finalPublicationLatencyNs=796333800,activeAtFinalSubmission=0,peakConcurrency=1,obsoleteDrainNs=0,obsoleteCancelled=0,obsoleteCompleted=0,engineOnMain=false,finalEngineThread=DefaultDispatcher-worker-3,publicationThread=main
09-23 21:08:02.021 15143 15143 I D06M04  : EVENT,type=submit,id=1,label=initial,at=48589373681583,thread=main,active=0
09-23 21:08:02.023 15143 15162 I D06M04  : EVENT,type=body,ordinal=1,requestId=1,at=48589375808483,thread=DefaultDispatcher-worker-3
09-23 21:08:02.027 15143 15162 I D06M04  : EVENT,type=engine-enter,ordinal=1,requestId=1,at=48589378987383,thread=DefaultDispatcher-worker-3,active=1
09-23 21:08:02.800 15143 15162 I D06M04  : EVENT,type=engine-return,ordinal=1,requestId=1,at=48590152922783,thread=DefaultDispatcher-worker-3,active=0
09-23 21:08:02.801 15143 15162 I D06M04  : EVENT,type=calculator-return,ordinal=1,requestId=1,at=48590153300283,thread=DefaultDispatcher-worker-3
09-23 21:08:02.802 15143 15143 I D06M04  : EVENT,type=publication,ordinal=1,requestId=1,at=48590154059083,thread=main
09-23 21:08:02.815 15143 15159 I D06M04  : RESULT,group=A,rep=18,valid=true,submitted=1,started=1,skipped=0,finalRequestId=1,finalSubmitNs=48589373681583,finalEngineEnterNs=48589378987383,finalEngineReturnNs=48590152922783,finalPublicationNs=48590154059083,finalStartNs=5305800,finalRuntimeNs=773935400,finalPublicationLatencyNs=780377500,activeAtFinalSubmission=0,peakConcurrency=1,obsoleteDrainNs=0,obsoleteCancelled=0,obsoleteCompleted=0,engineOnMain=false,finalEngineThread=DefaultDispatcher-worker-3,publicationThread=main
09-23 21:08:02.819 15143 15143 I D06M04  : EVENT,type=submit,id=1,label=initial,at=48590171571683,thread=main,active=0
09-23 21:08:02.822 15143 15162 I D06M04  : EVENT,type=body,ordinal=1,requestId=1,at=48590175120783,thread=DefaultDispatcher-worker-3
09-23 21:08:02.826 15143 15162 I D06M04  : EVENT,type=engine-enter,ordinal=1,requestId=1,at=48590178567283,thread=DefaultDispatcher-worker-3,active=1
09-23 21:08:03.612 15143 15162 I D06M04  : EVENT,type=engine-return,ordinal=1,requestId=1,at=48590964398483,thread=DefaultDispatcher-worker-3,active=0
09-23 21:08:03.612 15143 15162 I D06M04  : EVENT,type=calculator-return,ordinal=1,requestId=1,at=48590964628883,thread=DefaultDispatcher-worker-3
09-23 21:08:03.612 15143 15143 I D06M04  : EVENT,type=publication,ordinal=1,requestId=1,at=48590965002983,thread=main
09-23 21:08:03.625 15143 15159 I D06M04  : RESULT,group=A,rep=19,valid=true,submitted=1,started=1,skipped=0,finalRequestId=1,finalSubmitNs=48590171571683,finalEngineEnterNs=48590178567283,finalEngineReturnNs=48590964398483,finalPublicationNs=48590965002983,finalStartNs=6995600,finalRuntimeNs=785831200,finalPublicationLatencyNs=793431300,activeAtFinalSubmission=0,peakConcurrency=1,obsoleteDrainNs=0,obsoleteCancelled=0,obsoleteCompleted=0,engineOnMain=false,finalEngineThread=DefaultDispatcher-worker-3,publicationThread=main
09-23 21:08:03.629 15143 15143 I D06M04  : EVENT,type=submit,id=1,label=initial,at=48590982028483,thread=main,active=0
09-23 21:08:03.633 15143 15162 I D06M04  : EVENT,type=body,ordinal=1,requestId=1,at=48590985189583,thread=DefaultDispatcher-worker-3
09-23 21:08:03.636 15143 15162 I D06M04  : EVENT,type=engine-enter,ordinal=1,requestId=1,at=48590988785183,thread=DefaultDispatcher-worker-3,active=1
09-23 21:08:04.402 15143 15162 I D06M04  : EVENT,type=engine-return,ordinal=1,requestId=1,at=48591754408583,thread=DefaultDispatcher-worker-3,active=0
09-23 21:08:04.402 15143 15162 I D06M04  : EVENT,type=calculator-return,ordinal=1,requestId=1,at=48591754817783,thread=DefaultDispatcher-worker-3
09-23 21:08:04.407 15143 15143 I D06M04  : EVENT,type=publication,ordinal=1,requestId=1,at=48591758255083,thread=main
09-23 21:08:04.419 15143 15159 I D06M04  : RESULT,group=A,rep=20,valid=true,submitted=1,started=1,skipped=0,finalRequestId=1,finalSubmitNs=48590982028483,finalEngineEnterNs=48590988785183,finalEngineReturnNs=48591754408583,finalPublicationNs=48591758255083,finalStartNs=6756700,finalRuntimeNs=765623400,finalPublicationLatencyNs=776226600,activeAtFinalSubmission=0,peakConcurrency=1,obsoleteDrainNs=0,obsoleteCancelled=0,obsoleteCompleted=0,engineOnMain=false,finalEngineThread=DefaultDispatcher-worker-3,publicationThread=main
09-23 21:08:04.421 15143 15143 I D06M04  : EVENT,type=submit,id=1,label=initial,at=48591773190383,thread=main,active=0
09-23 21:08:04.424 15143 15162 I D06M04  : EVENT,type=body,ordinal=1,requestId=1,at=48591776590483,thread=DefaultDispatcher-worker-3
09-23 21:08:04.427 15143 15162 I D06M04  : EVENT,type=engine-enter,ordinal=1,requestId=1,at=48591779423583,thread=DefaultDispatcher-worker-3,active=1
09-23 21:08:05.219 15143 15162 I D06M04  : EVENT,type=engine-return,ordinal=1,requestId=1,at=48592572035283,thread=DefaultDispatcher-worker-3,active=0
09-23 21:08:05.220 15143 15162 I D06M04  : EVENT,type=calculator-return,ordinal=1,requestId=1,at=48592572216283,thread=DefaultDispatcher-worker-3
09-23 21:08:05.220 15143 15143 I D06M04  : EVENT,type=publication,ordinal=1,requestId=1,at=48592572629383,thread=main
09-23 21:08:05.222 15143 15159 I D06M04  : RESULT,group=A,rep=21,valid=true,submitted=1,started=1,skipped=0,finalRequestId=1,finalSubmitNs=48591773190383,finalEngineEnterNs=48591779423583,finalEngineReturnNs=48592572035283,finalPublicationNs=48592572629383,finalStartNs=6233200,finalRuntimeNs=792611700,finalPublicationLatencyNs=799439000,activeAtFinalSubmission=0,peakConcurrency=1,obsoleteDrainNs=0,obsoleteCancelled=0,obsoleteCompleted=0,engineOnMain=false,finalEngineThread=DefaultDispatcher-worker-3,publicationThread=main
09-23 21:08:05.229 15143 15143 I D06M04  : EVENT,type=submit,id=1,label=initial,at=48592581685683,thread=main,active=0
09-23 21:08:05.232 15143 15162 I D06M04  : EVENT,type=body,ordinal=1,requestId=1,at=48592584666083,thread=DefaultDispatcher-worker-3
09-23 21:08:05.235 15143 15162 I D06M04  : EVENT,type=engine-enter,ordinal=1,requestId=1,at=48592587912583,thread=DefaultDispatcher-worker-3,active=1
09-23 21:08:06.001 15143 15162 I D06M04  : EVENT,type=engine-return,ordinal=1,requestId=1,at=48593353635483,thread=DefaultDispatcher-worker-3,active=0
09-23 21:08:06.001 15143 15162 I D06M04  : EVENT,type=calculator-return,ordinal=1,requestId=1,at=48593353862083,thread=DefaultDispatcher-worker-3
09-23 21:08:06.003 15143 15143 I D06M04  : EVENT,type=publication,ordinal=1,requestId=1,at=48593354623083,thread=main
09-23 21:08:06.004 15143 15159 I D06M04  : RESULT,group=A,rep=22,valid=true,submitted=1,started=1,skipped=0,finalRequestId=1,finalSubmitNs=48592581685683,finalEngineEnterNs=48592587912583,finalEngineReturnNs=48593353635483,finalPublicationNs=48593354623083,finalStartNs=6226900,finalRuntimeNs=765722900,finalPublicationLatencyNs=772937400,activeAtFinalSubmission=0,peakConcurrency=1,obsoleteDrainNs=0,obsoleteCancelled=0,obsoleteCompleted=0,engineOnMain=false,finalEngineThread=DefaultDispatcher-worker-3,publicationThread=main
09-23 21:08:06.010 15143 15143 I D06M04  : EVENT,type=submit,id=1,label=initial,at=48593362639883,thread=main,active=0
09-23 21:08:06.013 15143 15162 I D06M04  : EVENT,type=body,ordinal=1,requestId=1,at=48593365197783,thread=DefaultDispatcher-worker-3
09-23 21:08:06.014 15143 15162 I D06M04  : EVENT,type=engine-enter,ordinal=1,requestId=1,at=48593366907383,thread=DefaultDispatcher-worker-3,active=1
09-23 21:08:06.789 15143 15162 I D06M04  : EVENT,type=engine-return,ordinal=1,requestId=1,at=48594141769783,thread=DefaultDispatcher-worker-3,active=0
09-23 21:08:06.789 15143 15162 I D06M04  : EVENT,type=calculator-return,ordinal=1,requestId=1,at=48594141979683,thread=DefaultDispatcher-worker-3
09-23 21:08:06.793 15143 15143 I D06M04  : EVENT,type=publication,ordinal=1,requestId=1,at=48594146093383,thread=main
09-23 21:08:06.810 15143 15159 I D06M04  : RESULT,group=A,rep=23,valid=true,submitted=1,started=1,skipped=0,finalRequestId=1,finalSubmitNs=48593362639883,finalEngineEnterNs=48593366907383,finalEngineReturnNs=48594141769783,finalPublicationNs=48594146093383,finalStartNs=4267500,finalRuntimeNs=774862400,finalPublicationLatencyNs=783453500,activeAtFinalSubmission=0,peakConcurrency=1,obsoleteDrainNs=0,obsoleteCancelled=0,obsoleteCompleted=0,engineOnMain=false,finalEngineThread=DefaultDispatcher-worker-3,publicationThread=main
09-23 21:08:06.814 15143 15143 I D06M04  : EVENT,type=submit,id=1,label=initial,at=48594166348583,thread=main,active=0
09-23 21:08:06.815 15143 15162 I D06M04  : EVENT,type=body,ordinal=1,requestId=1,at=48594167585183,thread=DefaultDispatcher-worker-3
09-23 21:08:06.818 15143 15162 I D06M04  : EVENT,type=engine-enter,ordinal=1,requestId=1,at=48594170131083,thread=DefaultDispatcher-worker-3,active=1
09-23 21:08:07.614 15143 15162 I D06M04  : EVENT,type=engine-return,ordinal=1,requestId=1,at=48594966703483,thread=DefaultDispatcher-worker-3,active=0
09-23 21:08:07.614 15143 15162 I D06M04  : EVENT,type=calculator-return,ordinal=1,requestId=1,at=48594966882083,thread=DefaultDispatcher-worker-3
09-23 21:08:07.617 15143 15143 I D06M04  : EVENT,type=publication,ordinal=1,requestId=1,at=48594969801083,thread=main
09-23 21:08:07.636 15143 15159 I D06M04  : RESULT,group=A,rep=24,valid=true,submitted=1,started=1,skipped=0,finalRequestId=1,finalSubmitNs=48594166348583,finalEngineEnterNs=48594170131083,finalEngineReturnNs=48594966703483,finalPublicationNs=48594969801083,finalStartNs=3782500,finalRuntimeNs=796572400,finalPublicationLatencyNs=803452500,activeAtFinalSubmission=0,peakConcurrency=1,obsoleteDrainNs=0,obsoleteCancelled=0,obsoleteCompleted=0,engineOnMain=false,finalEngineThread=DefaultDispatcher-worker-3,publicationThread=main
09-23 21:08:07.643 15143 15143 I D06M04  : EVENT,type=submit,id=1,label=initial,at=48594995702683,thread=main,active=0
09-23 21:08:07.647 15143 15162 I D06M04  : EVENT,type=body,ordinal=1,requestId=1,at=48594999760783,thread=DefaultDispatcher-worker-3
09-23 21:08:07.650 15143 15162 I D06M04  : EVENT,type=engine-enter,ordinal=1,requestId=1,at=48595002513383,thread=DefaultDispatcher-worker-3,active=1
09-23 21:08:08.465 15143 15162 I D06M04  : EVENT,type=engine-return,ordinal=1,requestId=1,at=48595817614283,thread=DefaultDispatcher-worker-3,active=0
09-23 21:08:08.465 15143 15162 I D06M04  : EVENT,type=calculator-return,ordinal=1,requestId=1,at=48595817822183,thread=DefaultDispatcher-worker-3
09-23 21:08:08.467 15143 15143 I D06M04  : EVENT,type=publication,ordinal=1,requestId=1,at=48595818895783,thread=main
09-23 21:08:08.467 15143 15159 I D06M04  : RESULT,group=A,rep=25,valid=true,submitted=1,started=1,skipped=0,finalRequestId=1,finalSubmitNs=48594995702683,finalEngineEnterNs=48595002513383,finalEngineReturnNs=48595817614283,finalPublicationNs=48595818895783,finalStartNs=6810700,finalRuntimeNs=815100900,finalPublicationLatencyNs=823193100,activeAtFinalSubmission=0,peakConcurrency=1,obsoleteDrainNs=0,obsoleteCancelled=0,obsoleteCompleted=0,engineOnMain=false,finalEngineThread=DefaultDispatcher-worker-3,publicationThread=main
09-23 21:08:08.470 15143 15143 I D06M04  : EVENT,type=submit,id=1,label=initial,at=48595822707783,thread=main,active=0
09-23 21:08:08.473 15143 15162 I D06M04  : EVENT,type=body,ordinal=1,requestId=1,at=48595825311983,thread=DefaultDispatcher-worker-3
09-23 21:08:08.474 15143 15162 I D06M04  : EVENT,type=engine-enter,ordinal=1,requestId=1,at=48595826470283,thread=DefaultDispatcher-worker-3,active=1
09-23 21:08:09.282 15143 15162 I D06M04  : EVENT,type=engine-return,ordinal=1,requestId=1,at=48596634217783,thread=DefaultDispatcher-worker-3,active=0
09-23 21:08:09.282 15143 15162 I D06M04  : EVENT,type=calculator-return,ordinal=1,requestId=1,at=48596634413483,thread=DefaultDispatcher-worker-3
09-23 21:08:09.284 15143 15143 I D06M04  : EVENT,type=publication,ordinal=1,requestId=1,at=48596634816983,thread=main
09-23 21:08:09.285 15143 15159 I D06M04  : RESULT,group=A,rep=26,valid=true,submitted=1,started=1,skipped=0,finalRequestId=1,finalSubmitNs=48595822707783,finalEngineEnterNs=48595826470283,finalEngineReturnNs=48596634217783,finalPublicationNs=48596634816983,finalStartNs=3762500,finalRuntimeNs=807747500,finalPublicationLatencyNs=812109200,activeAtFinalSubmission=0,peakConcurrency=1,obsoleteDrainNs=0,obsoleteCancelled=0,obsoleteCompleted=0,engineOnMain=false,finalEngineThread=DefaultDispatcher-worker-3,publicationThread=main
09-23 21:08:09.288 15143 15143 I D06M04  : EVENT,type=submit,id=1,label=initial,at=48596640311483,thread=main,active=0
09-23 21:08:09.289 15143 15162 I D06M04  : EVENT,type=body,ordinal=1,requestId=1,at=48596641516083,thread=DefaultDispatcher-worker-3
09-23 21:08:09.295 15143 15162 I D06M04  : EVENT,type=engine-enter,ordinal=1,requestId=1,at=48596647209383,thread=DefaultDispatcher-worker-3,active=1
09-23 21:08:10.113 15143 15162 I D06M04  : EVENT,type=engine-return,ordinal=1,requestId=1,at=48597465378883,thread=DefaultDispatcher-worker-3,active=0
09-23 21:08:10.113 15143 15162 I D06M04  : EVENT,type=calculator-return,ordinal=1,requestId=1,at=48597465586883,thread=DefaultDispatcher-worker-3
09-23 21:08:10.117 15143 15143 I D06M04  : EVENT,type=publication,ordinal=1,requestId=1,at=48597469241983,thread=main
09-23 21:08:10.132 15143 15159 I D06M04  : RESULT,group=A,rep=27,valid=true,submitted=1,started=1,skipped=0,finalRequestId=1,finalSubmitNs=48596640311483,finalEngineEnterNs=48596647209383,finalEngineReturnNs=48597465378883,finalPublicationNs=48597469241983,finalStartNs=6897900,finalRuntimeNs=818169500,finalPublicationLatencyNs=828930500,activeAtFinalSubmission=0,peakConcurrency=1,obsoleteDrainNs=0,obsoleteCancelled=0,obsoleteCompleted=0,engineOnMain=false,finalEngineThread=DefaultDispatcher-worker-3,publicationThread=main
09-23 21:08:10.134 15143 15143 I D06M04  : EVENT,type=submit,id=1,label=initial,at=48597486554983,thread=main,active=0
09-23 21:08:10.138 15143 15162 I D06M04  : EVENT,type=body,ordinal=1,requestId=1,at=48597490821383,thread=DefaultDispatcher-worker-3
09-23 21:08:10.141 15143 15162 I D06M04  : EVENT,type=engine-enter,ordinal=1,requestId=1,at=48597493870283,thread=DefaultDispatcher-worker-3,active=1
09-23 21:08:10.944 15143 15162 I D06M04  : EVENT,type=engine-return,ordinal=1,requestId=1,at=48598297074383,thread=DefaultDispatcher-worker-3,active=0
09-23 21:08:10.945 15143 15162 I D06M04  : EVENT,type=calculator-return,ordinal=1,requestId=1,at=48598297249783,thread=DefaultDispatcher-worker-3
09-23 21:08:10.945 15143 15143 I D06M04  : EVENT,type=publication,ordinal=1,requestId=1,at=48598297598783,thread=main
09-23 21:08:10.948 15143 15159 I D06M04  : RESULT,group=A,rep=28,valid=true,submitted=1,started=1,skipped=0,finalRequestId=1,finalSubmitNs=48597486554983,finalEngineEnterNs=48597493870283,finalEngineReturnNs=48598297074383,finalPublicationNs=48598297598783,finalStartNs=7315300,finalRuntimeNs=803204100,finalPublicationLatencyNs=811043800,activeAtFinalSubmission=0,peakConcurrency=1,obsoleteDrainNs=0,obsoleteCancelled=0,obsoleteCompleted=0,engineOnMain=false,finalEngineThread=DefaultDispatcher-worker-3,publicationThread=main
09-23 21:08:10.950 15143 15143 I D06M04  : EVENT,type=submit,id=1,label=initial,at=48598302448783,thread=main,active=0
09-23 21:08:10.955 15143 15162 I D06M04  : EVENT,type=body,ordinal=1,requestId=1,at=48598307735783,thread=DefaultDispatcher-worker-3
09-23 21:08:10.958 15143 15162 I D06M04  : EVENT,type=engine-enter,ordinal=1,requestId=1,at=48598310167083,thread=DefaultDispatcher-worker-3,active=1
09-23 21:08:11.771 15143 15162 I D06M04  : EVENT,type=engine-return,ordinal=1,requestId=1,at=48599123308983,thread=DefaultDispatcher-worker-3,active=0
09-23 21:08:11.771 15143 15162 I D06M04  : EVENT,type=calculator-return,ordinal=1,requestId=1,at=48599123511883,thread=DefaultDispatcher-worker-3
09-23 21:08:11.773 15143 15143 I D06M04  : EVENT,type=publication,ordinal=1,requestId=1,at=48599125869483,thread=main
09-23 21:08:11.773 15143 15159 I D06M04  : RESULT,group=A,rep=29,valid=true,submitted=1,started=1,skipped=0,finalRequestId=1,finalSubmitNs=48598302448783,finalEngineEnterNs=48598310167083,finalEngineReturnNs=48599123308983,finalPublicationNs=48599125869483,finalStartNs=7718300,finalRuntimeNs=813141900,finalPublicationLatencyNs=823420700,activeAtFinalSubmission=0,peakConcurrency=1,obsoleteDrainNs=0,obsoleteCancelled=0,obsoleteCompleted=0,engineOnMain=false,finalEngineThread=DefaultDispatcher-worker-3,publicationThread=main
09-23 21:08:11.790 15143 15143 I D06M04  : EVENT,type=submit,id=1,label=initial,at=48599142430883,thread=main,active=0
09-23 21:08:11.792 15143 15162 I D06M04  : EVENT,type=body,ordinal=1,requestId=1,at=48599144524983,thread=DefaultDispatcher-worker-3
09-23 21:08:11.793 15143 15162 I D06M04  : EVENT,type=engine-enter,ordinal=1,requestId=1,at=48599145388483,thread=DefaultDispatcher-worker-3,active=1
09-23 21:08:12.000 15143 15143 I D06M04  : EVENT,type=submit,id=2,label=burst-1,at=48599352278983,thread=main,active=1
09-23 21:08:12.003 15143 15162 I D06M04  : EVENT,type=engine-return,ordinal=1,requestId=1,at=48599355597683,thread=DefaultDispatcher-worker-3,active=0
09-23 21:08:12.004 15143 15162 I D06M04  : EVENT,type=body,ordinal=2,requestId=2,at=48599356877283,thread=DefaultDispatcher-worker-3
09-23 21:08:12.009 15143 15162 I D06M04  : EVENT,type=engine-enter,ordinal=2,requestId=2,at=48599361574283,thread=DefaultDispatcher-worker-3,active=1
09-23 21:08:12.220 15143 15143 I D06M04  : EVENT,type=submit,id=3,label=burst-2,at=48599572888883,thread=main,active=1
09-23 21:08:12.221 15143 15162 I D06M04  : EVENT,type=engine-return,ordinal=2,requestId=2,at=48599573354483,thread=DefaultDispatcher-worker-3,active=0
09-23 21:08:12.223 15143 15162 I D06M04  : EVENT,type=body,ordinal=3,requestId=3,at=48599575963083,thread=DefaultDispatcher-worker-3
09-23 21:08:12.225 15143 15162 I D06M04  : EVENT,type=engine-enter,ordinal=3,requestId=3,at=48599577571483,thread=DefaultDispatcher-worker-3,active=1
09-23 21:08:12.437 15143 15143 I D06M04  : EVENT,type=submit,id=4,label=burst-3,at=48599789325683,thread=main,active=1
09-23 21:08:12.441 15143 15162 I D06M04  : EVENT,type=engine-return,ordinal=3,requestId=3,at=48599793305283,thread=DefaultDispatcher-worker-3,active=0
09-23 21:08:12.443 15143 15162 I D06M04  : EVENT,type=body,ordinal=4,requestId=4,at=48599796133783,thread=DefaultDispatcher-worker-3
09-23 21:08:12.446 15143 15162 I D06M04  : EVENT,type=engine-enter,ordinal=4,requestId=4,at=48599798942183,thread=DefaultDispatcher-worker-3,active=1
09-23 21:08:12.658 15143 15143 I D06M04  : EVENT,type=submit,id=5,label=burst-final,at=48600009236983,thread=main,active=1
09-23 21:08:12.661 15143 15162 I D06M04  : EVENT,type=engine-return,ordinal=4,requestId=4,at=48600014141283,thread=DefaultDispatcher-worker-3,active=0
09-23 21:08:12.665 15143 15162 I D06M04  : EVENT,type=body,ordinal=5,requestId=5,at=48600017247583,thread=DefaultDispatcher-worker-3
09-23 21:08:12.667 15143 15162 I D06M04  : EVENT,type=engine-enter,ordinal=5,requestId=5,at=48600019395983,thread=DefaultDispatcher-worker-3,active=1
09-23 21:08:13.485 15143 15162 I D06M04  : EVENT,type=engine-return,ordinal=5,requestId=5,at=48600837795583,thread=DefaultDispatcher-worker-3,active=0
09-23 21:08:13.485 15143 15162 I D06M04  : EVENT,type=calculator-return,ordinal=5,requestId=5,at=48600838020283,thread=DefaultDispatcher-worker-3
09-23 21:08:13.488 15143 15143 I D06M04  : EVENT,type=publication,ordinal=5,requestId=5,at=48600840862383,thread=main
09-23 21:08:13.496 15143 15159 I D06M04  : RESULT,group=C,rep=0,valid=true,submitted=5,started=5,skipped=0,finalRequestId=5,finalSubmitNs=48600009236983,finalEngineEnterNs=48600019395983,finalEngineReturnNs=48600837795583,finalPublicationNs=48600840862383,finalStartNs=10159000,finalRuntimeNs=818399600,finalPublicationLatencyNs=831625400,activeAtFinalSubmission=1,peakConcurrency=1,obsoleteDrainNs=4904300,obsoleteCancelled=4,obsoleteCompleted=0,engineOnMain=false,finalEngineThread=DefaultDispatcher-worker-3,publicationThread=main
09-23 21:08:13.501 15143 15143 I D06M04  : EVENT,type=submit,id=1,label=initial,at=48600853210183,thread=main,active=0
09-23 21:08:13.504 15143 15162 I D06M04  : EVENT,type=body,ordinal=1,requestId=1,at=48600855941983,thread=DefaultDispatcher-worker-3
09-23 21:08:13.507 15143 15162 I D06M04  : EVENT,type=engine-enter,ordinal=1,requestId=1,at=48600859372283,thread=DefaultDispatcher-worker-3,active=1
09-23 21:08:13.717 15143 15143 I D06M04  : EVENT,type=submit,id=2,label=burst-1,at=48601069887183,thread=main,active=1
09-23 21:08:13.719 15143 15162 I D06M04  : EVENT,type=engine-return,ordinal=1,requestId=1,at=48601072069383,thread=DefaultDispatcher-worker-3,active=0
09-23 21:08:13.722 15143 15162 I D06M04  : EVENT,type=body,ordinal=2,requestId=2,at=48601074784083,thread=DefaultDispatcher-worker-3
09-23 21:08:13.724 15143 15162 I D06M04  : EVENT,type=engine-enter,ordinal=2,requestId=2,at=48601075532083,thread=DefaultDispatcher-worker-3,active=1
09-23 21:08:13.935 15143 15143 I D06M04  : EVENT,type=submit,id=3,label=burst-2,at=48601287710283,thread=main,active=1
09-23 21:08:13.937 15143 15162 I D06M04  : EVENT,type=engine-return,ordinal=2,requestId=2,at=48601289583383,thread=DefaultDispatcher-worker-3,active=0
09-23 21:08:13.939 15143 15162 I D06M04  : EVENT,type=body,ordinal=3,requestId=3,at=48601291677583,thread=DefaultDispatcher-worker-3
09-23 21:08:13.942 15143 15162 I D06M04  : EVENT,type=engine-enter,ordinal=3,requestId=3,at=48601294415083,thread=DefaultDispatcher-worker-3,active=1
09-23 21:08:14.138 15143 15143 I D06M04  : EVENT,type=submit,id=4,label=burst-3,at=48601490917683,thread=main,active=1
09-23 21:08:14.139 15143 15162 I D06M04  : EVENT,type=engine-return,ordinal=3,requestId=3,at=48601491350583,thread=DefaultDispatcher-worker-3,active=0
09-23 21:08:14.142 15143 15162 I D06M04  : EVENT,type=body,ordinal=4,requestId=4,at=48601494187183,thread=DefaultDispatcher-worker-3
09-23 21:08:14.143 15143 15162 I D06M04  : EVENT,type=engine-enter,ordinal=4,requestId=4,at=48601495331983,thread=DefaultDispatcher-worker-3,active=1
09-23 21:08:14.339 15143 15143 I D06M04  : EVENT,type=submit,id=5,label=burst-final,at=48601692103983,thread=main,active=1
09-23 21:08:14.340 15143 15162 I D06M04  : EVENT,type=engine-return,ordinal=4,requestId=4,at=48601692518083,thread=DefaultDispatcher-worker-3,active=0
09-23 21:08:14.343 15143 15162 I D06M04  : EVENT,type=body,ordinal=5,requestId=5,at=48601695521283,thread=DefaultDispatcher-worker-3
09-23 21:08:14.345 15143 15162 I D06M04  : EVENT,type=engine-enter,ordinal=5,requestId=5,at=48601697620883,thread=DefaultDispatcher-worker-3,active=1
09-23 21:08:15.191 15143 15162 I D06M04  : EVENT,type=engine-return,ordinal=5,requestId=5,at=48602543718483,thread=DefaultDispatcher-worker-3,active=0
09-23 21:08:15.191 15143 15162 I D06M04  : EVENT,type=calculator-return,ordinal=5,requestId=5,at=48602543928283,thread=DefaultDispatcher-worker-3
09-23 21:08:15.194 15143 15143 I D06M04  : EVENT,type=publication,ordinal=5,requestId=5,at=48602546879483,thread=main
09-23 21:08:15.214 15143 15159 I D06M04  : RESULT,group=C,rep=1,valid=true,submitted=5,started=5,skipped=0,finalRequestId=5,finalSubmitNs=48601692103983,finalEngineEnterNs=48601697620883,finalEngineReturnNs=48602543718483,finalPublicationNs=48602546879483,finalStartNs=5516900,finalRuntimeNs=846097600,finalPublicationLatencyNs=854775500,activeAtFinalSubmission=1,peakConcurrency=1,obsoleteDrainNs=414100,obsoleteCancelled=4,obsoleteCompleted=0,engineOnMain=false,finalEngineThread=DefaultDispatcher-worker-3,publicationThread=main
09-23 21:08:15.217 15143 15143 I D06M04  : EVENT,type=submit,id=1,label=initial,at=48602569730383,thread=main,active=0
09-23 21:08:15.218 15143 15162 I D06M04  : EVENT,type=body,ordinal=1,requestId=1,at=48602570510083,thread=DefaultDispatcher-worker-3
09-23 21:08:15.219 15143 15162 I D06M04  : EVENT,type=engine-enter,ordinal=1,requestId=1,at=48602571521083,thread=DefaultDispatcher-worker-3,active=1
09-23 21:08:15.421 15143 15143 I D06M04  : EVENT,type=submit,id=2,label=burst-1,at=48602773863083,thread=main,active=1
09-23 21:08:15.423 15143 15162 I D06M04  : EVENT,type=engine-return,ordinal=1,requestId=1,at=48602774992383,thread=DefaultDispatcher-worker-3,active=0
09-23 21:08:15.426 15143 15162 I D06M04  : EVENT,type=body,ordinal=2,requestId=2,at=48602778279783,thread=DefaultDispatcher-worker-3
09-23 21:08:15.427 15143 15162 I D06M04  : EVENT,type=engine-enter,ordinal=2,requestId=2,at=48602778836583,thread=DefaultDispatcher-worker-3,active=1
09-23 21:08:15.626 15143 15143 I D06M04  : EVENT,type=submit,id=3,label=burst-2,at=48602978590183,thread=main,active=1
09-23 21:08:15.627 15143 15162 I D06M04  : EVENT,type=engine-return,ordinal=2,requestId=2,at=48602979706983,thread=DefaultDispatcher-worker-3,active=0
09-23 21:08:15.631 15143 15162 I D06M04  : EVENT,type=body,ordinal=3,requestId=3,at=48602983767583,thread=DefaultDispatcher-worker-3
09-23 21:08:15.633 15143 15162 I D06M04  : EVENT,type=engine-enter,ordinal=3,requestId=3,at=48602985372883,thread=DefaultDispatcher-worker-3,active=1
09-23 21:08:15.844 15143 15143 I D06M04  : EVENT,type=submit,id=4,label=burst-3,at=48603196529583,thread=main,active=1
09-23 21:08:15.847 15143 15162 I D06M04  : EVENT,type=engine-return,ordinal=3,requestId=3,at=48603199277383,thread=DefaultDispatcher-worker-3,active=0
09-23 21:08:15.849 15143 15162 I D06M04  : EVENT,type=body,ordinal=4,requestId=4,at=48603202001183,thread=DefaultDispatcher-worker-3
09-23 21:08:15.851 15143 15162 I D06M04  : EVENT,type=engine-enter,ordinal=4,requestId=4,at=48603203413883,thread=DefaultDispatcher-worker-3,active=1
09-23 21:08:16.047 15143 15143 I D06M04  : EVENT,type=submit,id=5,label=burst-final,at=48603399579383,thread=main,active=1
09-23 21:08:16.047 15143 15162 I D06M04  : EVENT,type=engine-return,ordinal=4,requestId=4,at=48603399892983,thread=DefaultDispatcher-worker-3,active=0
09-23 21:08:16.050 15143 15162 I D06M04  : EVENT,type=body,ordinal=5,requestId=5,at=48603402320783,thread=DefaultDispatcher-worker-3
09-23 21:08:16.053 15143 15162 I D06M04  : EVENT,type=engine-enter,ordinal=5,requestId=5,at=48603405371883,thread=DefaultDispatcher-worker-3,active=1
09-23 21:08:16.814 15143 15162 I D06M04  : EVENT,type=engine-return,ordinal=5,requestId=5,at=48604167106583,thread=DefaultDispatcher-worker-3,active=0
09-23 21:08:16.815 15143 15162 I D06M04  : EVENT,type=calculator-return,ordinal=5,requestId=5,at=48604167299083,thread=DefaultDispatcher-worker-3
09-23 21:08:16.817 15143 15143 I D06M04  : EVENT,type=publication,ordinal=5,requestId=5,at=48604167662483,thread=main
09-23 21:08:16.818 15143 15159 I D06M04  : RESULT,group=C,rep=2,valid=true,submitted=5,started=5,skipped=0,finalRequestId=5,finalSubmitNs=48603399579383,finalEngineEnterNs=48603405371883,finalEngineReturnNs=48604167106583,finalPublicationNs=48604167662483,finalStartNs=5792500,finalRuntimeNs=761734700,finalPublicationLatencyNs=768083100,activeAtFinalSubmission=1,peakConcurrency=1,obsoleteDrainNs=313600,obsoleteCancelled=4,obsoleteCompleted=0,engineOnMain=false,finalEngineThread=DefaultDispatcher-worker-3,publicationThread=main
09-23 21:08:16.824 15143 15143 I D06M04  : EVENT,type=submit,id=1,label=initial,at=48604176222183,thread=main,active=0
09-23 21:08:16.827 15143 15162 I D06M04  : EVENT,type=body,ordinal=1,requestId=1,at=48604179588683,thread=DefaultDispatcher-worker-3
09-23 21:08:16.829 15143 15162 I D06M04  : EVENT,type=engine-enter,ordinal=1,requestId=1,at=48604181630883,thread=DefaultDispatcher-worker-3,active=1
09-23 21:08:17.042 15143 15143 I D06M04  : EVENT,type=submit,id=2,label=burst-1,at=48604394337683,thread=main,active=1
09-23 21:08:17.042 15143 15162 I D06M04  : EVENT,type=engine-return,ordinal=1,requestId=1,at=48604395025683,thread=DefaultDispatcher-worker-3,active=0
09-23 21:08:17.046 15143 15162 I D06M04  : EVENT,type=body,ordinal=2,requestId=2,at=48604399155083,thread=DefaultDispatcher-worker-3
09-23 21:08:17.048 15143 15162 I D06M04  : EVENT,type=engine-enter,ordinal=2,requestId=2,at=48604401058983,thread=DefaultDispatcher-worker-3,active=1
09-23 21:08:17.243 15143 15143 I D06M04  : EVENT,type=submit,id=3,label=burst-2,at=48604596124183,thread=main,active=1
09-23 21:08:17.246 15143 15162 I D06M04  : EVENT,type=engine-return,ordinal=2,requestId=2,at=48604598783583,thread=DefaultDispatcher-worker-3,active=0
09-23 21:08:17.249 15143 15162 I D06M04  : EVENT,type=body,ordinal=3,requestId=3,at=48604602097183,thread=DefaultDispatcher-worker-3
09-23 21:08:17.251 15143 15162 I D06M04  : EVENT,type=engine-enter,ordinal=3,requestId=3,at=48604603887583,thread=DefaultDispatcher-worker-3,active=1
09-23 21:08:17.447 15143 15143 I D06M04  : EVENT,type=submit,id=4,label=burst-3,at=48604799986883,thread=main,active=1
09-23 21:08:17.450 15143 15162 I D06M04  : EVENT,type=engine-return,ordinal=3,requestId=3,at=48604802720383,thread=DefaultDispatcher-worker-3,active=0
09-23 21:08:17.451 15143 15162 I D06M04  : EVENT,type=body,ordinal=4,requestId=4,at=48604803573783,thread=DefaultDispatcher-worker-3
09-23 21:08:17.454 15143 15162 I D06M04  : EVENT,type=engine-enter,ordinal=4,requestId=4,at=48604807028483,thread=DefaultDispatcher-worker-3,active=1
09-23 21:08:17.653 15143 15143 I D06M04  : EVENT,type=submit,id=5,label=burst-final,at=48605005188683,thread=main,active=1
09-23 21:08:17.653 15143 15162 I D06M04  : EVENT,type=engine-return,ordinal=4,requestId=4,at=48605005867783,thread=DefaultDispatcher-worker-3,active=0
09-23 21:08:17.655 15143 15162 I D06M04  : EVENT,type=body,ordinal=5,requestId=5,at=48605007551183,thread=DefaultDispatcher-worker-3
09-23 21:08:17.657 15143 15162 I D06M04  : EVENT,type=engine-enter,ordinal=5,requestId=5,at=48605009230983,thread=DefaultDispatcher-worker-3,active=1
09-23 21:08:18.428 15143 15162 I D06M04  : EVENT,type=engine-return,ordinal=5,requestId=5,at=48605780554383,thread=DefaultDispatcher-worker-3,active=0
09-23 21:08:18.428 15143 15162 I D06M04  : EVENT,type=calculator-return,ordinal=5,requestId=5,at=48605780772583,thread=DefaultDispatcher-worker-3
09-23 21:08:18.430 15143 15143 I D06M04  : EVENT,type=publication,ordinal=5,requestId=5,at=48605781453483,thread=main
09-23 21:08:18.432 15143 15159 I D06M04  : RESULT,group=C,rep=3,valid=true,submitted=5,started=5,skipped=0,finalRequestId=5,finalSubmitNs=48605005188683,finalEngineEnterNs=48605009230983,finalEngineReturnNs=48605780554383,finalPublicationNs=48605781453483,finalStartNs=4042300,finalRuntimeNs=771323400,finalPublicationLatencyNs=776264800,activeAtFinalSubmission=1,peakConcurrency=1,obsoleteDrainNs=679100,obsoleteCancelled=4,obsoleteCompleted=0,engineOnMain=false,finalEngineThread=DefaultDispatcher-worker-3,publicationThread=main
09-23 21:08:18.436 15143 15143 I D06M04  : EVENT,type=submit,id=1,label=initial,at=48605788381783,thread=main,active=0
09-23 21:08:18.437 15143 15162 I D06M04  : EVENT,type=body,ordinal=1,requestId=1,at=48605789516083,thread=DefaultDispatcher-worker-3
09-23 21:08:18.441 15143 15162 I D06M04  : EVENT,type=engine-enter,ordinal=1,requestId=1,at=48605793171683,thread=DefaultDispatcher-worker-3,active=1
09-23 21:08:18.642 15143 15143 I D06M04  : EVENT,type=submit,id=2,label=burst-1,at=48605994240483,thread=main,active=1
09-23 21:08:18.642 15143 15162 I D06M04  : EVENT,type=engine-return,ordinal=1,requestId=1,at=48605995096183,thread=DefaultDispatcher-worker-3,active=0
09-23 21:08:18.643 15143 15162 I D06M04  : EVENT,type=body,ordinal=2,requestId=2,at=48605995547883,thread=DefaultDispatcher-worker-3
09-23 21:08:18.646 15143 15162 I D06M04  : EVENT,type=engine-enter,ordinal=2,requestId=2,at=48605997913883,thread=DefaultDispatcher-worker-3,active=1
09-23 21:08:18.847 15143 15143 I D06M04  : EVENT,type=submit,id=3,label=burst-2,at=48606199632883,thread=main,active=1
09-23 21:08:18.847 15143 15162 I D06M04  : EVENT,type=engine-return,ordinal=2,requestId=2,at=48606200014983,thread=DefaultDispatcher-worker-3,active=0
09-23 21:08:18.848 15143 15161 I D06M04  : EVENT,type=body,ordinal=3,requestId=3,at=48606200588083,thread=DefaultDispatcher-worker-2
09-23 21:08:18.850 15143 15161 I D06M04  : EVENT,type=engine-enter,ordinal=3,requestId=3,at=48606202621683,thread=DefaultDispatcher-worker-2,active=1
09-23 21:08:19.049 15143 15143 I D06M04  : EVENT,type=submit,id=4,label=burst-3,at=48606402137183,thread=main,active=1
09-23 21:08:19.050 15143 15161 I D06M04  : EVENT,type=engine-return,ordinal=3,requestId=3,at=48606402824783,thread=DefaultDispatcher-worker-2,active=0
09-23 21:08:19.054 15143 15161 I D06M04  : EVENT,type=body,ordinal=4,requestId=4,at=48606406542383,thread=DefaultDispatcher-worker-2
09-23 21:08:19.055 15143 15161 I D06M04  : EVENT,type=engine-enter,ordinal=4,requestId=4,at=48606407566283,thread=DefaultDispatcher-worker-2,active=1
09-23 21:08:19.252 15143 15143 I D06M04  : EVENT,type=submit,id=5,label=burst-final,at=48606604711583,thread=main,active=1
09-23 21:08:19.253 15143 15161 I D06M04  : EVENT,type=engine-return,ordinal=4,requestId=4,at=48606605204883,thread=DefaultDispatcher-worker-2,active=0
09-23 21:08:19.257 15143 15161 I D06M04  : EVENT,type=body,ordinal=5,requestId=5,at=48606610060883,thread=DefaultDispatcher-worker-2
09-23 21:08:19.259 15143 15161 I D06M04  : EVENT,type=engine-enter,ordinal=5,requestId=5,at=48606611749683,thread=DefaultDispatcher-worker-2,active=1
09-23 21:08:20.031 15143 15161 I D06M04  : EVENT,type=engine-return,ordinal=5,requestId=5,at=48607383637583,thread=DefaultDispatcher-worker-2,active=0
09-23 21:08:20.031 15143 15161 I D06M04  : EVENT,type=calculator-return,ordinal=5,requestId=5,at=48607384038283,thread=DefaultDispatcher-worker-2
09-23 21:08:20.034 15143 15143 I D06M04  : EVENT,type=publication,ordinal=5,requestId=5,at=48607386198383,thread=main
09-23 21:08:20.045 15143 15159 I D06M04  : RESULT,group=C,rep=4,valid=true,submitted=5,started=5,skipped=0,finalRequestId=5,finalSubmitNs=48606604711583,finalEngineEnterNs=48606611749683,finalEngineReturnNs=48607383637583,finalPublicationNs=48607386198383,finalStartNs=7038100,finalRuntimeNs=771887900,finalPublicationLatencyNs=781486800,activeAtFinalSubmission=1,peakConcurrency=1,obsoleteDrainNs=493300,obsoleteCancelled=4,obsoleteCompleted=0,engineOnMain=false,finalEngineThread=DefaultDispatcher-worker-2,publicationThread=main
09-23 21:08:20.048 15143 15143 I D06M04  : EVENT,type=submit,id=1,label=initial,at=48607401102583,thread=main,active=0
09-23 21:08:20.052 15143 15161 I D06M04  : EVENT,type=body,ordinal=1,requestId=1,at=48607404365883,thread=DefaultDispatcher-worker-2
09-23 21:08:20.054 15143 15161 I D06M04  : EVENT,type=engine-enter,ordinal=1,requestId=1,at=48607406881883,thread=DefaultDispatcher-worker-2,active=1
09-23 21:08:20.264 15143 15143 I D06M04  : EVENT,type=submit,id=2,label=burst-1,at=48607616733183,thread=main,active=1
09-23 21:08:20.265 15143 15161 I D06M04  : EVENT,type=engine-return,ordinal=1,requestId=1,at=48607617297483,thread=DefaultDispatcher-worker-2,active=0
09-23 21:08:20.270 15143 15161 I D06M04  : EVENT,type=body,ordinal=2,requestId=2,at=48607622193683,thread=DefaultDispatcher-worker-2
09-23 21:08:20.272 15143 15161 I D06M04  : EVENT,type=engine-enter,ordinal=2,requestId=2,at=48607624240183,thread=DefaultDispatcher-worker-2,active=1
09-23 21:08:20.480 15143 15143 I D06M04  : EVENT,type=submit,id=3,label=burst-2,at=48607832751583,thread=main,active=1
09-23 21:08:20.481 15143 15161 I D06M04  : EVENT,type=engine-return,ordinal=2,requestId=2,at=48607834078383,thread=DefaultDispatcher-worker-2,active=0
09-23 21:08:20.485 15143 15161 I D06M04  : EVENT,type=body,ordinal=3,requestId=3,at=48607837738783,thread=DefaultDispatcher-worker-2
09-23 21:08:20.486 15143 15161 I D06M04  : EVENT,type=engine-enter,ordinal=3,requestId=3,at=48607838329983,thread=DefaultDispatcher-worker-2,active=1
09-23 21:08:20.685 15143 15143 I D06M04  : EVENT,type=submit,id=4,label=burst-3,at=48608037968083,thread=main,active=1
09-23 21:08:20.686 15143 15161 I D06M04  : EVENT,type=engine-return,ordinal=3,requestId=3,at=48608038297283,thread=DefaultDispatcher-worker-2,active=0
09-23 21:08:20.688 15143 15161 I D06M04  : EVENT,type=body,ordinal=4,requestId=4,at=48608041129783,thread=DefaultDispatcher-worker-2
09-23 21:08:20.690 15143 15161 I D06M04  : EVENT,type=engine-enter,ordinal=4,requestId=4,at=48608042122683,thread=DefaultDispatcher-worker-2,active=1
09-23 21:08:20.901 15143 15143 I D06M04  : EVENT,type=submit,id=5,label=burst-final,at=48608253860683,thread=main,active=1
09-23 21:08:20.903 15143 15161 I D06M04  : EVENT,type=engine-return,ordinal=4,requestId=4,at=48608255206383,thread=DefaultDispatcher-worker-2,active=0
09-23 21:08:20.906 15143 15161 I D06M04  : EVENT,type=body,ordinal=5,requestId=5,at=48608258688683,thread=DefaultDispatcher-worker-2
09-23 21:08:20.908 15143 15161 I D06M04  : EVENT,type=engine-enter,ordinal=5,requestId=5,at=48608259931783,thread=DefaultDispatcher-worker-2,active=1
09-23 21:08:21.684 15143 15161 I D06M04  : EVENT,type=engine-return,ordinal=5,requestId=5,at=48609037123383,thread=DefaultDispatcher-worker-2,active=0
09-23 21:08:21.685 15143 15161 I D06M04  : EVENT,type=calculator-return,ordinal=5,requestId=5,at=48609037385583,thread=DefaultDispatcher-worker-2
09-23 21:08:21.687 15143 15143 I D06M04  : EVENT,type=publication,ordinal=5,requestId=5,at=48609039360783,thread=main
09-23 21:08:21.692 15143 15159 I D06M04  : RESULT,group=C,rep=5,valid=true,submitted=5,started=5,skipped=0,finalRequestId=5,finalSubmitNs=48608253860683,finalEngineEnterNs=48608259931783,finalEngineReturnNs=48609037123383,finalPublicationNs=48609039360783,finalStartNs=6071100,finalRuntimeNs=777191600,finalPublicationLatencyNs=785500100,activeAtFinalSubmission=1,peakConcurrency=1,obsoleteDrainNs=1345700,obsoleteCancelled=4,obsoleteCompleted=0,engineOnMain=false,finalEngineThread=DefaultDispatcher-worker-2,publicationThread=main
09-23 21:08:21.697 15143 15143 I D06M04  : EVENT,type=submit,id=1,label=initial,at=48609049714783,thread=main,active=0
09-23 21:08:21.700 15143 15161 I D06M04  : EVENT,type=body,ordinal=1,requestId=1,at=48609052046683,thread=DefaultDispatcher-worker-2
09-23 21:08:21.702 15143 15161 I D06M04  : EVENT,type=engine-enter,ordinal=1,requestId=1,at=48609054787783,thread=DefaultDispatcher-worker-2,active=1
09-23 21:08:21.913 15143 15143 I D06M04  : EVENT,type=submit,id=2,label=burst-1,at=48609265369883,thread=main,active=1
09-23 21:08:21.915 15143 15161 I D06M04  : EVENT,type=engine-return,ordinal=1,requestId=1,at=48609267786383,thread=DefaultDispatcher-worker-2,active=0
09-23 21:08:21.917 15143 15161 I D06M04  : EVENT,type=body,ordinal=2,requestId=2,at=48609269923083,thread=DefaultDispatcher-worker-2
09-23 21:08:21.918 15143 15161 I D06M04  : EVENT,type=engine-enter,ordinal=2,requestId=2,at=48609270857183,thread=DefaultDispatcher-worker-2,active=1
09-23 21:08:22.117 15143 15143 I D06M04  : EVENT,type=submit,id=3,label=burst-2,at=48609469226983,thread=main,active=1
09-23 21:08:22.118 15143 15161 I D06M04  : EVENT,type=engine-return,ordinal=2,requestId=2,at=48609470166583,thread=DefaultDispatcher-worker-2,active=0
09-23 21:08:22.121 15143 15161 I D06M04  : EVENT,type=body,ordinal=3,requestId=3,at=48609473710283,thread=DefaultDispatcher-worker-2
09-23 21:08:22.122 15143 15161 I D06M04  : EVENT,type=engine-enter,ordinal=3,requestId=3,at=48609474713283,thread=DefaultDispatcher-worker-2,active=1
09-23 21:08:22.319 15143 15143 I D06M04  : EVENT,type=submit,id=4,label=burst-3,at=48609671195883,thread=main,active=1
09-23 21:08:22.319 15143 15161 I D06M04  : EVENT,type=engine-return,ordinal=3,requestId=3,at=48609671802583,thread=DefaultDispatcher-worker-2,active=0
09-23 21:08:22.321 15143 15161 I D06M04  : EVENT,type=body,ordinal=4,requestId=4,at=48609673771183,thread=DefaultDispatcher-worker-2
09-23 21:08:22.325 15143 15161 I D06M04  : EVENT,type=engine-enter,ordinal=4,requestId=4,at=48609677745783,thread=DefaultDispatcher-worker-2,active=1
09-23 21:08:22.520 15143 15143 I D06M04  : EVENT,type=submit,id=5,label=burst-final,at=48609872811283,thread=main,active=1
09-23 21:08:22.521 15143 15161 I D06M04  : EVENT,type=engine-return,ordinal=4,requestId=4,at=48609873330283,thread=DefaultDispatcher-worker-2,active=0
09-23 21:08:22.523 15143 15161 I D06M04  : EVENT,type=body,ordinal=5,requestId=5,at=48609875839783,thread=DefaultDispatcher-worker-2
09-23 21:08:22.526 15143 15161 I D06M04  : EVENT,type=engine-enter,ordinal=5,requestId=5,at=48609878179283,thread=DefaultDispatcher-worker-2,active=1
09-23 21:08:23.326 15143 15161 I D06M04  : EVENT,type=engine-return,ordinal=5,requestId=5,at=48610678448083,thread=DefaultDispatcher-worker-2,active=0
09-23 21:08:23.326 15143 15161 I D06M04  : EVENT,type=calculator-return,ordinal=5,requestId=5,at=48610678667383,thread=DefaultDispatcher-worker-2
09-23 21:08:23.329 15143 15143 I D06M04  : EVENT,type=publication,ordinal=5,requestId=5,at=48610681642683,thread=main
09-23 21:08:23.349 15143 15159 I D06M04  : RESULT,group=C,rep=6,valid=true,submitted=5,started=5,skipped=0,finalRequestId=5,finalSubmitNs=48609872811283,finalEngineEnterNs=48609878179283,finalEngineReturnNs=48610678448083,finalPublicationNs=48610681642683,finalStartNs=5368000,finalRuntimeNs=800268800,finalPublicationLatencyNs=808831400,activeAtFinalSubmission=1,peakConcurrency=1,obsoleteDrainNs=519000,obsoleteCancelled=4,obsoleteCompleted=0,engineOnMain=false,finalEngineThread=DefaultDispatcher-worker-2,publicationThread=main
09-23 21:08:23.351 15143 15143 I D06M04  : EVENT,type=submit,id=1,label=initial,at=48610704110283,thread=main,active=0
09-23 21:08:23.354 15143 15161 I D06M04  : EVENT,type=body,ordinal=1,requestId=1,at=48610706743983,thread=DefaultDispatcher-worker-2
09-23 21:08:23.357 15143 15161 I D06M04  : EVENT,type=engine-enter,ordinal=1,requestId=1,at=48610709491283,thread=DefaultDispatcher-worker-2,active=1
09-23 21:08:23.567 15143 15143 I D06M04  : EVENT,type=submit,id=2,label=burst-1,at=48610919681383,thread=main,active=1
09-23 21:08:23.567 15143 15161 I D06M04  : EVENT,type=engine-return,ordinal=1,requestId=1,at=48610920002983,thread=DefaultDispatcher-worker-2,active=0
09-23 21:08:23.571 15143 15161 I D06M04  : EVENT,type=body,ordinal=2,requestId=2,at=48610923783183,thread=DefaultDispatcher-worker-2
09-23 21:08:23.573 15143 15161 I D06M04  : EVENT,type=engine-enter,ordinal=2,requestId=2,at=48610925322683,thread=DefaultDispatcher-worker-2,active=1
09-23 21:08:23.770 15143 15143 I D06M04  : EVENT,type=submit,id=3,label=burst-2,at=48611122369283,thread=main,active=1
09-23 21:08:23.770 15143 15161 I D06M04  : EVENT,type=engine-return,ordinal=2,requestId=2,at=48611122804583,thread=DefaultDispatcher-worker-2,active=0
09-23 21:08:23.775 15143 15161 I D06M04  : EVENT,type=body,ordinal=3,requestId=3,at=48611127440183,thread=DefaultDispatcher-worker-2
09-23 21:08:23.777 15143 15161 I D06M04  : EVENT,type=engine-enter,ordinal=3,requestId=3,at=48611129350483,thread=DefaultDispatcher-worker-2,active=1
09-23 21:08:23.975 15143 15143 I D06M04  : EVENT,type=submit,id=4,label=burst-3,at=48611327954183,thread=main,active=1
09-23 21:08:23.979 15143 15161 I D06M04  : EVENT,type=engine-return,ordinal=3,requestId=3,at=48611331376583,thread=DefaultDispatcher-worker-2,active=0
09-23 21:08:23.982 15143 15161 I D06M04  : EVENT,type=body,ordinal=4,requestId=4,at=48611334759583,thread=DefaultDispatcher-worker-2
09-23 21:08:23.984 15143 15161 I D06M04  : EVENT,type=engine-enter,ordinal=4,requestId=4,at=48611336526583,thread=DefaultDispatcher-worker-2,active=1
09-23 21:08:24.193 15143 15143 I D06M04  : EVENT,type=submit,id=5,label=burst-final,at=48611545255083,thread=main,active=1
09-23 21:08:24.195 15143 15161 I D06M04  : EVENT,type=engine-return,ordinal=4,requestId=4,at=48611547963183,thread=DefaultDispatcher-worker-2,active=0
09-23 21:08:24.198 15143 15161 I D06M04  : EVENT,type=body,ordinal=5,requestId=5,at=48611550528583,thread=DefaultDispatcher-worker-2
09-23 21:08:24.199 15143 15161 I D06M04  : EVENT,type=engine-enter,ordinal=5,requestId=5,at=48611551467983,thread=DefaultDispatcher-worker-2,active=1
09-23 21:08:24.975 15143 15161 I D06M04  : EVENT,type=engine-return,ordinal=5,requestId=5,at=48612328134683,thread=DefaultDispatcher-worker-2,active=0
09-23 21:08:24.976 15143 15161 I D06M04  : EVENT,type=calculator-return,ordinal=5,requestId=5,at=48612328307283,thread=DefaultDispatcher-worker-2
09-23 21:08:24.978 15143 15143 I D06M04  : EVENT,type=publication,ordinal=5,requestId=5,at=48612330641083,thread=main
09-23 21:08:24.980 15143 15159 I D06M04  : RESULT,group=C,rep=7,valid=true,submitted=5,started=5,skipped=0,finalRequestId=5,finalSubmitNs=48611545255083,finalEngineEnterNs=48611551467983,finalEngineReturnNs=48612328134683,finalPublicationNs=48612330641083,finalStartNs=6212900,finalRuntimeNs=776666700,finalPublicationLatencyNs=785386000,activeAtFinalSubmission=1,peakConcurrency=1,obsoleteDrainNs=2708100,obsoleteCancelled=4,obsoleteCompleted=0,engineOnMain=false,finalEngineThread=DefaultDispatcher-worker-2,publicationThread=main
09-23 21:08:24.983 15143 15143 I D06M04  : EVENT,type=submit,id=1,label=initial,at=48612335553683,thread=main,active=0
09-23 21:08:24.988 15143 15161 I D06M04  : EVENT,type=body,ordinal=1,requestId=1,at=48612339241983,thread=DefaultDispatcher-worker-2
09-23 21:08:24.988 15143 15161 I D06M04  : EVENT,type=engine-enter,ordinal=1,requestId=1,at=48612340972483,thread=DefaultDispatcher-worker-2,active=1
09-23 21:08:25.191 15143 15143 I D06M04  : EVENT,type=submit,id=2,label=burst-1,at=48612543888683,thread=main,active=1
09-23 21:08:25.192 15143 15161 I D06M04  : EVENT,type=engine-return,ordinal=1,requestId=1,at=48612544179383,thread=DefaultDispatcher-worker-2,active=0
09-23 21:08:25.194 15143 15161 I D06M04  : EVENT,type=body,ordinal=2,requestId=2,at=48612545934583,thread=DefaultDispatcher-worker-2
09-23 21:08:25.195 15143 15161 I D06M04  : EVENT,type=engine-enter,ordinal=2,requestId=2,at=48612546951683,thread=DefaultDispatcher-worker-2,active=1
09-23 21:08:25.394 15143 15143 I D06M04  : EVENT,type=submit,id=3,label=burst-2,at=48612747108183,thread=main,active=1
09-23 21:08:25.395 15143 15161 I D06M04  : EVENT,type=engine-return,ordinal=2,requestId=2,at=48612747552983,thread=DefaultDispatcher-worker-2,active=0
09-23 21:08:25.397 15143 15161 I D06M04  : EVENT,type=body,ordinal=3,requestId=3,at=48612749954983,thread=DefaultDispatcher-worker-2
09-23 21:08:25.399 15143 15161 I D06M04  : EVENT,type=engine-enter,ordinal=3,requestId=3,at=48612750684783,thread=DefaultDispatcher-worker-2,active=1
09-23 21:08:25.596 15143 15143 I D06M04  : EVENT,type=submit,id=4,label=burst-3,at=48612949060283,thread=main,active=1
09-23 21:08:25.600 15143 15161 I D06M04  : EVENT,type=engine-return,ordinal=3,requestId=3,at=48612952843283,thread=DefaultDispatcher-worker-2,active=0
09-23 21:08:25.602 15143 15161 I D06M04  : EVENT,type=body,ordinal=4,requestId=4,at=48612954355083,thread=DefaultDispatcher-worker-2
09-23 21:08:25.602 15143 15161 I D06M04  : EVENT,type=engine-enter,ordinal=4,requestId=4,at=48612955052683,thread=DefaultDispatcher-worker-2,active=1
09-23 21:08:25.815 15143 15143 I D06M04  : EVENT,type=submit,id=5,label=burst-final,at=48613167789583,thread=main,active=1
09-23 21:08:25.818 15143 15161 I D06M04  : EVENT,type=engine-return,ordinal=4,requestId=4,at=48613170300983,thread=DefaultDispatcher-worker-2,active=0
09-23 21:08:25.821 15143 15161 I D06M04  : EVENT,type=body,ordinal=5,requestId=5,at=48613173787183,thread=DefaultDispatcher-worker-2
09-23 21:08:25.822 15143 15161 I D06M04  : EVENT,type=engine-enter,ordinal=5,requestId=5,at=48613174130183,thread=DefaultDispatcher-worker-2,active=1
09-23 21:08:26.607 15143 15161 I D06M04  : EVENT,type=engine-return,ordinal=5,requestId=5,at=48613959905683,thread=DefaultDispatcher-worker-2,active=0
09-23 21:08:26.607 15143 15161 I D06M04  : EVENT,type=calculator-return,ordinal=5,requestId=5,at=48613960088483,thread=DefaultDispatcher-worker-2
09-23 21:08:26.609 15143 15143 I D06M04  : EVENT,type=publication,ordinal=5,requestId=5,at=48613961268183,thread=main
09-23 21:08:26.610 15143 15159 I D06M04  : RESULT,group=C,rep=8,valid=true,submitted=5,started=5,skipped=0,finalRequestId=5,finalSubmitNs=48613167789583,finalEngineEnterNs=48613174130183,finalEngineReturnNs=48613959905683,finalPublicationNs=48613961268183,finalStartNs=6340600,finalRuntimeNs=785775500,finalPublicationLatencyNs=793478600,activeAtFinalSubmission=1,peakConcurrency=1,obsoleteDrainNs=2511400,obsoleteCancelled=4,obsoleteCompleted=0,engineOnMain=false,finalEngineThread=DefaultDispatcher-worker-2,publicationThread=main
09-23 21:08:26.618 15143 15143 I D06M04  : EVENT,type=submit,id=1,label=initial,at=48613970188883,thread=main,active=0
09-23 21:08:26.620 15143 15161 I D06M04  : EVENT,type=body,ordinal=1,requestId=1,at=48613972742783,thread=DefaultDispatcher-worker-2
09-23 21:08:26.621 15143 15161 I D06M04  : EVENT,type=engine-enter,ordinal=1,requestId=1,at=48613973062783,thread=DefaultDispatcher-worker-2,active=1
09-23 21:08:26.828 15143 15143 I D06M04  : EVENT,type=submit,id=2,label=burst-1,at=48614180469483,thread=main,active=1
09-23 21:08:26.828 15143 15161 I D06M04  : EVENT,type=engine-return,ordinal=1,requestId=1,at=48614181127383,thread=DefaultDispatcher-worker-2,active=0
09-23 21:08:26.831 15143 15161 I D06M04  : EVENT,type=body,ordinal=2,requestId=2,at=48614183891783,thread=DefaultDispatcher-worker-2
09-23 21:08:26.832 15143 15161 I D06M04  : EVENT,type=engine-enter,ordinal=2,requestId=2,at=48614184389983,thread=DefaultDispatcher-worker-2,active=1
09-23 21:08:27.044 15143 15143 I D06M04  : EVENT,type=submit,id=3,label=burst-2,at=48614396790583,thread=main,active=1
09-23 21:08:27.045 15143 15161 I D06M04  : EVENT,type=engine-return,ordinal=2,requestId=2,at=48614397314683,thread=DefaultDispatcher-worker-2,active=0
09-23 21:08:27.047 15143 15161 I D06M04  : EVENT,type=body,ordinal=3,requestId=3,at=48614399649983,thread=DefaultDispatcher-worker-2
09-23 21:08:27.047 15143 15161 I D06M04  : EVENT,type=engine-enter,ordinal=3,requestId=3,at=48614399974483,thread=DefaultDispatcher-worker-2,active=1
09-23 21:08:27.247 15143 15143 I D06M04  : EVENT,type=submit,id=4,label=burst-3,at=48614599995783,thread=main,active=1
09-23 21:08:27.248 15143 15161 I D06M04  : EVENT,type=engine-return,ordinal=3,requestId=3,at=48614600466183,thread=DefaultDispatcher-worker-2,active=0
09-23 21:08:27.250 15143 15161 I D06M04  : EVENT,type=body,ordinal=4,requestId=4,at=48614602383683,thread=DefaultDispatcher-worker-2
09-23 21:08:27.250 15143 15161 I D06M04  : EVENT,type=engine-enter,ordinal=4,requestId=4,at=48614602714583,thread=DefaultDispatcher-worker-2,active=1
09-23 21:08:27.449 15143 15143 I D06M04  : EVENT,type=submit,id=5,label=burst-final,at=48614801912383,thread=main,active=1
09-23 21:08:27.451 15143 15161 I D06M04  : EVENT,type=engine-return,ordinal=4,requestId=4,at=48614803511783,thread=DefaultDispatcher-worker-2,active=0
09-23 21:08:27.453 15143 15161 I D06M04  : EVENT,type=body,ordinal=5,requestId=5,at=48614805940583,thread=DefaultDispatcher-worker-2
09-23 21:08:27.454 15143 15161 I D06M04  : EVENT,type=engine-enter,ordinal=5,requestId=5,at=48614806655783,thread=DefaultDispatcher-worker-2,active=1
09-23 21:08:28.275 15143 15161 I D06M04  : EVENT,type=engine-return,ordinal=5,requestId=5,at=48615627675983,thread=DefaultDispatcher-worker-2,active=0
09-23 21:08:28.275 15143 15161 I D06M04  : EVENT,type=calculator-return,ordinal=5,requestId=5,at=48615627845483,thread=DefaultDispatcher-worker-2
09-23 21:08:28.276 15143 15143 I D06M04  : EVENT,type=publication,ordinal=5,requestId=5,at=48615628264783,thread=main
09-23 21:08:28.278 15143 15159 I D06M04  : RESULT,group=C,rep=9,valid=true,submitted=5,started=5,skipped=0,finalRequestId=5,finalSubmitNs=48614801912383,finalEngineEnterNs=48614806655783,finalEngineReturnNs=48615627675983,finalPublicationNs=48615628264783,finalStartNs=4743400,finalRuntimeNs=821020200,finalPublicationLatencyNs=826352400,activeAtFinalSubmission=1,peakConcurrency=1,obsoleteDrainNs=1599400,obsoleteCancelled=4,obsoleteCompleted=0,engineOnMain=false,finalEngineThread=DefaultDispatcher-worker-2,publicationThread=main
09-23 21:08:28.282 15143 15143 I D06M04  : EVENT,type=submit,id=1,label=initial,at=48615634567083,thread=main,active=0
09-23 21:08:28.285 15143 15161 I D06M04  : EVENT,type=body,ordinal=1,requestId=1,at=48615637706583,thread=DefaultDispatcher-worker-2
09-23 21:08:28.286 15143 15161 I D06M04  : EVENT,type=engine-enter,ordinal=1,requestId=1,at=48615638433883,thread=DefaultDispatcher-worker-2,active=1
09-23 21:08:28.497 15143 15143 I D06M04  : EVENT,type=submit,id=2,label=burst-1,at=48615850001883,thread=main,active=1
09-23 21:08:28.502 15143 15161 I D06M04  : EVENT,type=engine-return,ordinal=1,requestId=1,at=48615854902883,thread=DefaultDispatcher-worker-2,active=0
09-23 21:08:28.503 15143 15161 I D06M04  : EVENT,type=body,ordinal=2,requestId=2,at=48615855728183,thread=DefaultDispatcher-worker-2
09-23 21:08:28.507 15143 15161 I D06M04  : EVENT,type=engine-enter,ordinal=2,requestId=2,at=48615858831983,thread=DefaultDispatcher-worker-2,active=1
09-23 21:08:28.719 15143 15143 I D06M04  : EVENT,type=submit,id=3,label=burst-2,at=48616071995783,thread=main,active=1
09-23 21:08:28.722 15143 15161 I D06M04  : EVENT,type=engine-return,ordinal=2,requestId=2,at=48616074743283,thread=DefaultDispatcher-worker-2,active=0
09-23 21:08:28.725 15143 15161 I D06M04  : EVENT,type=body,ordinal=3,requestId=3,at=48616077207983,thread=DefaultDispatcher-worker-2
09-23 21:08:28.726 15143 15161 I D06M04  : EVENT,type=engine-enter,ordinal=3,requestId=3,at=48616077928183,thread=DefaultDispatcher-worker-2,active=1
09-23 21:08:28.923 15143 15143 I D06M04  : EVENT,type=submit,id=4,label=burst-3,at=48616275569383,thread=main,active=1
09-23 21:08:28.925 15143 15161 I D06M04  : EVENT,type=engine-return,ordinal=3,requestId=3,at=48616278074783,thread=DefaultDispatcher-worker-2,active=0
09-23 21:08:28.926 15143 15161 I D06M04  : EVENT,type=body,ordinal=4,requestId=4,at=48616279012783,thread=DefaultDispatcher-worker-2
09-23 21:08:28.928 15143 15161 I D06M04  : EVENT,type=engine-enter,ordinal=4,requestId=4,at=48616280946283,thread=DefaultDispatcher-worker-2,active=1
09-23 21:08:29.126 15143 15143 I D06M04  : EVENT,type=submit,id=5,label=burst-final,at=48616479124583,thread=main,active=1
09-23 21:08:29.127 15143 15161 I D06M04  : EVENT,type=engine-return,ordinal=4,requestId=4,at=48616479470483,thread=DefaultDispatcher-worker-2,active=0
09-23 21:08:29.128 15143 15161 I D06M04  : EVENT,type=body,ordinal=5,requestId=5,at=48616480367083,thread=DefaultDispatcher-worker-2
09-23 21:08:29.129 15143 15161 I D06M04  : EVENT,type=engine-enter,ordinal=5,requestId=5,at=48616481962783,thread=DefaultDispatcher-worker-2,active=1
09-23 21:08:29.896 15143 15161 I D06M04  : EVENT,type=engine-return,ordinal=5,requestId=5,at=48617248330083,thread=DefaultDispatcher-worker-2,active=0
09-23 21:08:29.896 15143 15161 I D06M04  : EVENT,type=calculator-return,ordinal=5,requestId=5,at=48617248526783,thread=DefaultDispatcher-worker-2
09-23 21:08:29.896 15143 15143 I D06M04  : EVENT,type=publication,ordinal=5,requestId=5,at=48617248953683,thread=main
09-23 21:08:29.900 15143 15159 I D06M04  : RESULT,group=C,rep=10,valid=true,submitted=5,started=5,skipped=0,finalRequestId=5,finalSubmitNs=48616479124583,finalEngineEnterNs=48616481962783,finalEngineReturnNs=48617248330083,finalPublicationNs=48617248953683,finalStartNs=2838200,finalRuntimeNs=766367300,finalPublicationLatencyNs=769829100,activeAtFinalSubmission=1,peakConcurrency=1,obsoleteDrainNs=345900,obsoleteCancelled=4,obsoleteCompleted=0,engineOnMain=false,finalEngineThread=DefaultDispatcher-worker-2,publicationThread=main
09-23 21:08:29.905 15143 15143 I D06M04  : EVENT,type=submit,id=1,label=initial,at=48617257900783,thread=main,active=0
09-23 21:08:29.908 15143 15161 I D06M04  : EVENT,type=body,ordinal=1,requestId=1,at=48617261072383,thread=DefaultDispatcher-worker-2
09-23 21:08:29.910 15143 15161 I D06M04  : EVENT,type=engine-enter,ordinal=1,requestId=1,at=48617262318083,thread=DefaultDispatcher-worker-2,active=1
09-23 21:08:30.125 15143 15143 I D06M04  : EVENT,type=submit,id=2,label=burst-1,at=48617477255283,thread=main,active=1
09-23 21:08:30.125 15143 15161 I D06M04  : EVENT,type=engine-return,ordinal=1,requestId=1,at=48617477574983,thread=DefaultDispatcher-worker-2,active=0
09-23 21:08:30.128 15143 15161 I D06M04  : EVENT,type=body,ordinal=2,requestId=2,at=48617480260183,thread=DefaultDispatcher-worker-2
09-23 21:08:30.130 15143 15161 I D06M04  : EVENT,type=engine-enter,ordinal=2,requestId=2,at=48617480857583,thread=DefaultDispatcher-worker-2,active=1
09-23 21:08:30.327 15143 15143 I D06M04  : EVENT,type=submit,id=3,label=burst-2,at=48617679245383,thread=main,active=1
09-23 21:08:30.329 15143 15161 I D06M04  : EVENT,type=engine-return,ordinal=2,requestId=2,at=48617681330583,thread=DefaultDispatcher-worker-2,active=0
09-23 21:08:30.331 15143 15161 I D06M04  : EVENT,type=body,ordinal=3,requestId=3,at=48617683267983,thread=DefaultDispatcher-worker-2
09-23 21:08:30.333 15143 15161 I D06M04  : EVENT,type=engine-enter,ordinal=3,requestId=3,at=48617685351383,thread=DefaultDispatcher-worker-2,active=1
09-23 21:08:30.531 15143 15143 I D06M04  : EVENT,type=submit,id=4,label=burst-3,at=48617883311683,thread=main,active=1
09-23 21:08:30.531 15143 15161 I D06M04  : EVENT,type=engine-return,ordinal=3,requestId=3,at=48617883850483,thread=DefaultDispatcher-worker-2,active=0
09-23 21:08:30.534 15143 15161 I D06M04  : EVENT,type=body,ordinal=4,requestId=4,at=48617886069983,thread=DefaultDispatcher-worker-2
09-23 21:08:30.534 15143 15161 I D06M04  : EVENT,type=engine-enter,ordinal=4,requestId=4,at=48617886535183,thread=DefaultDispatcher-worker-2,active=1
09-23 21:08:30.735 15143 15143 I D06M04  : EVENT,type=submit,id=5,label=burst-final,at=48618087345983,thread=main,active=1
09-23 21:08:30.735 15143 15161 I D06M04  : EVENT,type=engine-return,ordinal=4,requestId=4,at=48618087853083,thread=DefaultDispatcher-worker-2,active=0
09-23 21:08:30.738 15143 15161 I D06M04  : EVENT,type=body,ordinal=5,requestId=5,at=48618090402983,thread=DefaultDispatcher-worker-2
09-23 21:08:30.738 15143 15161 I D06M04  : EVENT,type=engine-enter,ordinal=5,requestId=5,at=48618090656283,thread=DefaultDispatcher-worker-2,active=1
09-23 21:08:31.506 15143 15161 I D06M04  : EVENT,type=engine-return,ordinal=5,requestId=5,at=48618858678683,thread=DefaultDispatcher-worker-2,active=0
09-23 21:08:31.506 15143 15161 I D06M04  : EVENT,type=calculator-return,ordinal=5,requestId=5,at=48618858872783,thread=DefaultDispatcher-worker-2
09-23 21:08:31.509 15143 15143 I D06M04  : EVENT,type=publication,ordinal=5,requestId=5,at=48618861414583,thread=main
09-23 21:08:31.531 15143 15159 I D06M04  : RESULT,group=C,rep=11,valid=true,submitted=5,started=5,skipped=0,finalRequestId=5,finalSubmitNs=48618087345983,finalEngineEnterNs=48618090656283,finalEngineReturnNs=48618858678683,finalPublicationNs=48618861414583,finalStartNs=3310300,finalRuntimeNs=768022400,finalPublicationLatencyNs=774068600,activeAtFinalSubmission=1,peakConcurrency=1,obsoleteDrainNs=507100,obsoleteCancelled=4,obsoleteCompleted=0,engineOnMain=false,finalEngineThread=DefaultDispatcher-worker-2,publicationThread=main
09-23 21:08:31.534 15143 15143 I D06M04  : EVENT,type=submit,id=1,label=initial,at=48618887000083,thread=main,active=0
09-23 21:08:31.537 15143 15161 I D06M04  : EVENT,type=body,ordinal=1,requestId=1,at=48618889959783,thread=DefaultDispatcher-worker-2
09-23 21:08:31.538 15143 15161 I D06M04  : EVENT,type=engine-enter,ordinal=1,requestId=1,at=48618890681383,thread=DefaultDispatcher-worker-2,active=1
09-23 21:08:31.749 15143 15143 I D06M04  : EVENT,type=submit,id=2,label=burst-1,at=48619101221483,thread=main,active=1
09-23 21:08:31.749 15143 15161 I D06M04  : EVENT,type=engine-return,ordinal=1,requestId=1,at=48619101736783,thread=DefaultDispatcher-worker-2,active=0
09-23 21:08:31.751 15143 15161 I D06M04  : EVENT,type=body,ordinal=2,requestId=2,at=48619103992483,thread=DefaultDispatcher-worker-2
09-23 21:08:31.754 15143 15161 I D06M04  : EVENT,type=engine-enter,ordinal=2,requestId=2,at=48619106200983,thread=DefaultDispatcher-worker-2,active=1
09-23 21:08:31.950 15143 15143 I D06M04  : EVENT,type=submit,id=3,label=burst-2,at=48619302586583,thread=main,active=1
09-23 21:08:31.952 15143 15161 I D06M04  : EVENT,type=engine-return,ordinal=2,requestId=2,at=48619304711483,thread=DefaultDispatcher-worker-2,active=0
09-23 21:08:31.954 15143 15161 I D06M04  : EVENT,type=body,ordinal=3,requestId=3,at=48619306335183,thread=DefaultDispatcher-worker-2
09-23 21:08:31.955 15143 15161 I D06M04  : EVENT,type=engine-enter,ordinal=3,requestId=3,at=48619307207583,thread=DefaultDispatcher-worker-2,active=1
09-23 21:08:32.158 15143 15143 I D06M04  : EVENT,type=submit,id=4,label=burst-3,at=48619510296983,thread=main,active=1
09-23 21:08:32.158 15143 15161 I D06M04  : EVENT,type=engine-return,ordinal=3,requestId=3,at=48619510765183,thread=DefaultDispatcher-worker-2,active=0
09-23 21:08:32.161 15143 15161 I D06M04  : EVENT,type=body,ordinal=4,requestId=4,at=48619513381683,thread=DefaultDispatcher-worker-2
09-23 21:08:32.161 15143 15161 I D06M04  : EVENT,type=engine-enter,ordinal=4,requestId=4,at=48619513937183,thread=DefaultDispatcher-worker-2,active=1
09-23 21:08:32.370 15143 15143 I D06M04  : EVENT,type=submit,id=5,label=burst-final,at=48619722428283,thread=main,active=1
09-23 21:08:32.371 15143 15161 I D06M04  : EVENT,type=engine-return,ordinal=4,requestId=4,at=48619723520983,thread=DefaultDispatcher-worker-2,active=0
09-23 21:08:32.375 15143 15161 I D06M04  : EVENT,type=body,ordinal=5,requestId=5,at=48619727544883,thread=DefaultDispatcher-worker-2
09-23 21:08:32.375 15143 15161 I D06M04  : EVENT,type=engine-enter,ordinal=5,requestId=5,at=48619727853683,thread=DefaultDispatcher-worker-2,active=1
09-23 21:08:33.139 15143 15161 I D06M04  : EVENT,type=engine-return,ordinal=5,requestId=5,at=48620491486683,thread=DefaultDispatcher-worker-2,active=0
09-23 21:08:33.139 15143 15161 I D06M04  : EVENT,type=calculator-return,ordinal=5,requestId=5,at=48620491697583,thread=DefaultDispatcher-worker-2
09-23 21:08:33.140 15143 15143 I D06M04  : EVENT,type=publication,ordinal=5,requestId=5,at=48620492037083,thread=main
09-23 21:08:33.142 15143 15159 I D06M04  : RESULT,group=C,rep=12,valid=true,submitted=5,started=5,skipped=0,finalRequestId=5,finalSubmitNs=48619722428283,finalEngineEnterNs=48619727853683,finalEngineReturnNs=48620491486683,finalPublicationNs=48620492037083,finalStartNs=5425400,finalRuntimeNs=763633000,finalPublicationLatencyNs=769608800,activeAtFinalSubmission=1,peakConcurrency=1,obsoleteDrainNs=1092700,obsoleteCancelled=4,obsoleteCompleted=0,engineOnMain=false,finalEngineThread=DefaultDispatcher-worker-2,publicationThread=main
09-23 21:08:33.147 15143 15143 I D06M04  : EVENT,type=submit,id=1,label=initial,at=48620499768483,thread=main,active=0
09-23 21:08:33.151 15143 15161 I D06M04  : EVENT,type=body,ordinal=1,requestId=1,at=48620503366683,thread=DefaultDispatcher-worker-2
09-23 21:08:33.153 15143 15161 I D06M04  : EVENT,type=engine-enter,ordinal=1,requestId=1,at=48620504606183,thread=DefaultDispatcher-worker-2,active=1
09-23 21:08:33.367 15143 15143 I D06M04  : EVENT,type=submit,id=2,label=burst-1,at=48620719821783,thread=main,active=1
09-23 21:08:33.368 15143 15161 I D06M04  : EVENT,type=engine-return,ordinal=1,requestId=1,at=48620720315783,thread=DefaultDispatcher-worker-2,active=0
09-23 21:08:33.372 15143 15161 I D06M04  : EVENT,type=body,ordinal=2,requestId=2,at=48620724535683,thread=DefaultDispatcher-worker-2
09-23 21:08:33.372 15143 15161 I D06M04  : EVENT,type=engine-enter,ordinal=2,requestId=2,at=48620725003483,thread=DefaultDispatcher-worker-2,active=1
09-23 21:08:33.569 15143 15143 I D06M04  : EVENT,type=submit,id=3,label=burst-2,at=48620921465783,thread=main,active=1
09-23 21:08:33.569 15143 15161 I D06M04  : EVENT,type=engine-return,ordinal=2,requestId=2,at=48620921850383,thread=DefaultDispatcher-worker-2,active=0
09-23 21:08:33.573 15143 15161 I D06M04  : EVENT,type=body,ordinal=3,requestId=3,at=48620925818383,thread=DefaultDispatcher-worker-2
09-23 21:08:33.573 15143 15161 I D06M04  : EVENT,type=engine-enter,ordinal=3,requestId=3,at=48620926047383,thread=DefaultDispatcher-worker-2,active=1
09-23 21:08:33.773 15143 15143 I D06M04  : EVENT,type=submit,id=4,label=burst-3,at=48621125535383,thread=main,active=1
09-23 21:08:33.775 15143 15161 I D06M04  : EVENT,type=engine-return,ordinal=3,requestId=3,at=48621127949383,thread=DefaultDispatcher-worker-2,active=0
09-23 21:08:33.779 15143 15161 I D06M04  : EVENT,type=body,ordinal=4,requestId=4,at=48621131019583,thread=DefaultDispatcher-worker-2
09-23 21:08:33.781 15143 15161 I D06M04  : EVENT,type=engine-enter,ordinal=4,requestId=4,at=48621133577283,thread=DefaultDispatcher-worker-2,active=1
09-23 21:08:33.991 15143 15143 I D06M04  : EVENT,type=submit,id=5,label=burst-final,at=48621343558783,thread=main,active=1
09-23 21:08:33.993 15143 15161 I D06M04  : EVENT,type=engine-return,ordinal=4,requestId=4,at=48621345019683,thread=DefaultDispatcher-worker-2,active=0
09-23 21:08:33.995 15143 15161 I D06M04  : EVENT,type=body,ordinal=5,requestId=5,at=48621347623283,thread=DefaultDispatcher-worker-2
09-23 21:08:33.997 15143 15161 I D06M04  : EVENT,type=engine-enter,ordinal=5,requestId=5,at=48621349688383,thread=DefaultDispatcher-worker-2,active=1
09-23 21:08:34.781 15143 15161 I D06M04  : EVENT,type=engine-return,ordinal=5,requestId=5,at=48622133697683,thread=DefaultDispatcher-worker-2,active=0
09-23 21:08:34.781 15143 15161 I D06M04  : EVENT,type=calculator-return,ordinal=5,requestId=5,at=48622133898583,thread=DefaultDispatcher-worker-2
09-23 21:08:34.785 15143 15143 I D06M04  : EVENT,type=publication,ordinal=5,requestId=5,at=48622137370183,thread=main
09-23 21:08:34.801 15143 15159 I D06M04  : RESULT,group=C,rep=13,valid=true,submitted=5,started=5,skipped=0,finalRequestId=5,finalSubmitNs=48621343558783,finalEngineEnterNs=48621349688383,finalEngineReturnNs=48622133697683,finalPublicationNs=48622137370183,finalStartNs=6129600,finalRuntimeNs=784009300,finalPublicationLatencyNs=793811400,activeAtFinalSubmission=1,peakConcurrency=1,obsoleteDrainNs=1460900,obsoleteCancelled=4,obsoleteCompleted=0,engineOnMain=false,finalEngineThread=DefaultDispatcher-worker-2,publicationThread=main
09-23 21:08:34.805 15143 15143 I D06M04  : EVENT,type=submit,id=1,label=initial,at=48622157256883,thread=main,active=0
09-23 21:08:34.807 15143 15161 I D06M04  : EVENT,type=body,ordinal=1,requestId=1,at=48622159755883,thread=DefaultDispatcher-worker-2
09-23 21:08:34.808 15143 15161 I D06M04  : EVENT,type=engine-enter,ordinal=1,requestId=1,at=48622160217183,thread=DefaultDispatcher-worker-2,active=1
09-23 21:08:35.021 15143 15143 I D06M04  : EVENT,type=submit,id=2,label=burst-1,at=48622373330683,thread=main,active=1
09-23 21:08:35.021 15143 15161 I D06M04  : EVENT,type=engine-return,ordinal=1,requestId=1,at=48622373673183,thread=DefaultDispatcher-worker-2,active=0
09-23 21:08:35.025 15143 15161 I D06M04  : EVENT,type=body,ordinal=2,requestId=2,at=48622377863083,thread=DefaultDispatcher-worker-2
09-23 21:08:35.025 15143 15161 I D06M04  : EVENT,type=engine-enter,ordinal=2,requestId=2,at=48622378036283,thread=DefaultDispatcher-worker-2,active=1
09-23 21:08:35.224 15143 15143 I D06M04  : EVENT,type=submit,id=3,label=burst-2,at=48622575930183,thread=main,active=1
09-23 21:08:35.224 15143 15161 I D06M04  : EVENT,type=engine-return,ordinal=2,requestId=2,at=48622577081183,thread=DefaultDispatcher-worker-2,active=0
09-23 21:08:35.226 15143 15161 I D06M04  : EVENT,type=body,ordinal=3,requestId=3,at=48622578741983,thread=DefaultDispatcher-worker-2
09-23 21:08:35.226 15143 15161 I D06M04  : EVENT,type=engine-enter,ordinal=3,requestId=3,at=48622579143183,thread=DefaultDispatcher-worker-2,active=1
09-23 21:08:35.444 15143 15143 I D06M04  : EVENT,type=submit,id=4,label=burst-3,at=48622796358183,thread=main,active=1
09-23 21:08:35.444 15143 15161 I D06M04  : EVENT,type=engine-return,ordinal=3,requestId=3,at=48622796743983,thread=DefaultDispatcher-worker-2,active=0
09-23 21:08:35.446 15143 15161 I D06M04  : EVENT,type=body,ordinal=4,requestId=4,at=48622798834983,thread=DefaultDispatcher-worker-2
09-23 21:08:35.446 15143 15161 I D06M04  : EVENT,type=engine-enter,ordinal=4,requestId=4,at=48622799020483,thread=DefaultDispatcher-worker-2,active=1
09-23 21:08:35.661 15143 15143 I D06M04  : EVENT,type=submit,id=5,label=burst-final,at=48623013308183,thread=main,active=1
09-23 21:08:35.661 15143 15161 I D06M04  : EVENT,type=engine-return,ordinal=4,requestId=4,at=48623014045683,thread=DefaultDispatcher-worker-2,active=0
09-23 21:08:35.665 15143 15161 I D06M04  : EVENT,type=body,ordinal=5,requestId=5,at=48623017843483,thread=DefaultDispatcher-worker-2
09-23 21:08:35.666 15143 15161 I D06M04  : EVENT,type=engine-enter,ordinal=5,requestId=5,at=48623018328883,thread=DefaultDispatcher-worker-2,active=1
09-23 21:08:36.422 15143 15161 I D06M04  : EVENT,type=engine-return,ordinal=5,requestId=5,at=48623774532883,thread=DefaultDispatcher-worker-2,active=0
09-23 21:08:36.422 15143 15161 I D06M04  : EVENT,type=calculator-return,ordinal=5,requestId=5,at=48623774763783,thread=DefaultDispatcher-worker-2
09-23 21:08:36.425 15143 15143 I D06M04  : EVENT,type=publication,ordinal=5,requestId=5,at=48623777509883,thread=main
09-23 21:08:36.425 15143 15159 I D06M04  : RESULT,group=C,rep=14,valid=true,submitted=5,started=5,skipped=0,finalRequestId=5,finalSubmitNs=48623013308183,finalEngineEnterNs=48623018328883,finalEngineReturnNs=48623774532883,finalPublicationNs=48623777509883,finalStartNs=5020700,finalRuntimeNs=756204000,finalPublicationLatencyNs=764201700,activeAtFinalSubmission=1,peakConcurrency=1,obsoleteDrainNs=737500,obsoleteCancelled=4,obsoleteCompleted=0,engineOnMain=false,finalEngineThread=DefaultDispatcher-worker-2,publicationThread=main
09-23 21:08:36.430 15143 15143 I D06M04  : EVENT,type=submit,id=1,label=initial,at=48623782742483,thread=main,active=0
09-23 21:08:36.431 15143 15161 I D06M04  : EVENT,type=body,ordinal=1,requestId=1,at=48623783381083,thread=DefaultDispatcher-worker-2
09-23 21:08:36.431 15143 15161 I D06M04  : EVENT,type=engine-enter,ordinal=1,requestId=1,at=48623783585383,thread=DefaultDispatcher-worker-2,active=1
09-23 21:08:36.643 15143 15143 I D06M04  : EVENT,type=submit,id=2,label=burst-1,at=48623996131783,thread=main,active=1
09-23 21:08:36.644 15143 15161 I D06M04  : EVENT,type=engine-return,ordinal=1,requestId=1,at=48623996444283,thread=DefaultDispatcher-worker-2,active=0
09-23 21:08:36.646 15143 15161 I D06M04  : EVENT,type=body,ordinal=2,requestId=2,at=48623998638283,thread=DefaultDispatcher-worker-2
09-23 21:08:36.646 15143 15161 I D06M04  : EVENT,type=engine-enter,ordinal=2,requestId=2,at=48623998908783,thread=DefaultDispatcher-worker-2,active=1
09-23 21:08:36.859 15143 15143 I D06M04  : EVENT,type=submit,id=3,label=burst-2,at=48624211375583,thread=main,active=1
09-23 21:08:36.861 15143 15161 I D06M04  : EVENT,type=engine-return,ordinal=2,requestId=2,at=48624213469583,thread=DefaultDispatcher-worker-2,active=0
09-23 21:08:36.863 15143 15161 I D06M04  : EVENT,type=body,ordinal=3,requestId=3,at=48624216013583,thread=DefaultDispatcher-worker-2
09-23 21:08:36.864 15143 15161 I D06M04  : EVENT,type=engine-enter,ordinal=3,requestId=3,at=48624216534383,thread=DefaultDispatcher-worker-2,active=1
09-23 21:08:37.075 15143 15143 I D06M04  : EVENT,type=submit,id=4,label=burst-3,at=48624427881983,thread=main,active=1
09-23 21:08:37.077 15143 15161 I D06M04  : EVENT,type=engine-return,ordinal=3,requestId=3,at=48624429165883,thread=DefaultDispatcher-worker-2,active=0
09-23 21:08:37.079 15143 15161 I D06M04  : EVENT,type=body,ordinal=4,requestId=4,at=48624431912283,thread=DefaultDispatcher-worker-2
09-23 21:08:37.079 15143 15161 I D06M04  : EVENT,type=engine-enter,ordinal=4,requestId=4,at=48624432084883,thread=DefaultDispatcher-worker-2,active=1
09-23 21:08:37.278 15143 15143 I D06M04  : EVENT,type=submit,id=5,label=burst-final,at=48624631048483,thread=main,active=1
09-23 21:08:37.281 15143 15161 I D06M04  : EVENT,type=engine-return,ordinal=4,requestId=4,at=48624633301283,thread=DefaultDispatcher-worker-2,active=0
09-23 21:08:37.282 15143 15161 I D06M04  : EVENT,type=body,ordinal=5,requestId=5,at=48624634071283,thread=DefaultDispatcher-worker-2
09-23 21:08:37.283 15143 15161 I D06M04  : EVENT,type=engine-enter,ordinal=5,requestId=5,at=48624635628183,thread=DefaultDispatcher-worker-2,active=1
09-23 21:08:38.069 15143 15161 I D06M04  : EVENT,type=engine-return,ordinal=5,requestId=5,at=48625421984783,thread=DefaultDispatcher-worker-2,active=0
09-23 21:08:38.070 15143 15161 I D06M04  : EVENT,type=calculator-return,ordinal=5,requestId=5,at=48625422286583,thread=DefaultDispatcher-worker-2
09-23 21:08:38.070 15143 15143 I D06M04  : EVENT,type=publication,ordinal=5,requestId=5,at=48625422663283,thread=main
09-23 21:08:38.073 15143 15159 I D06M04  : RESULT,group=C,rep=15,valid=true,submitted=5,started=5,skipped=0,finalRequestId=5,finalSubmitNs=48624631048483,finalEngineEnterNs=48624635628183,finalEngineReturnNs=48625421984783,finalPublicationNs=48625422663283,finalStartNs=4579700,finalRuntimeNs=786356600,finalPublicationLatencyNs=791614800,activeAtFinalSubmission=1,peakConcurrency=1,obsoleteDrainNs=2252800,obsoleteCancelled=4,obsoleteCompleted=0,engineOnMain=false,finalEngineThread=DefaultDispatcher-worker-2,publicationThread=main
09-23 21:08:38.094 15143 15143 I D06M04  : EVENT,type=submit,id=1,label=initial,at=48625446217683,thread=main,active=0
09-23 21:08:38.096 15143 15161 I D06M04  : EVENT,type=body,ordinal=1,requestId=1,at=48625448855283,thread=DefaultDispatcher-worker-2
09-23 21:08:38.098 15143 15161 I D06M04  : EVENT,type=engine-enter,ordinal=1,requestId=1,at=48625450099983,thread=DefaultDispatcher-worker-2,active=1
09-23 21:08:38.308 15143 15143 I D06M04  : EVENT,type=submit,id=2,label=burst-1,at=48625661108283,thread=main,active=1
09-23 21:08:38.310 15143 15161 I D06M04  : EVENT,type=engine-return,ordinal=1,requestId=1,at=48625663000083,thread=DefaultDispatcher-worker-2,active=0
09-23 21:08:38.313 15143 15161 I D06M04  : EVENT,type=body,ordinal=2,requestId=2,at=48625665844783,thread=DefaultDispatcher-worker-2
09-23 21:08:38.315 15143 15161 I D06M04  : EVENT,type=engine-enter,ordinal=2,requestId=2,at=48625666078783,thread=DefaultDispatcher-worker-2,active=1
09-23 21:08:38.513 15143 15143 I D06M04  : EVENT,type=submit,id=3,label=burst-2,at=48625865841183,thread=main,active=1
09-23 21:08:38.514 15143 15161 I D06M04  : EVENT,type=engine-return,ordinal=2,requestId=2,at=48625866290283,thread=DefaultDispatcher-worker-2,active=0
09-23 21:08:38.518 15143 15161 I D06M04  : EVENT,type=body,ordinal=3,requestId=3,at=48625870301783,thread=DefaultDispatcher-worker-2
09-23 21:08:38.518 15143 15161 I D06M04  : EVENT,type=engine-enter,ordinal=3,requestId=3,at=48625870551083,thread=DefaultDispatcher-worker-2,active=1
09-23 21:08:38.717 15143 15143 I D06M04  : EVENT,type=submit,id=4,label=burst-3,at=48626069643983,thread=main,active=1
09-23 21:08:38.717 15143 15161 I D06M04  : EVENT,type=engine-return,ordinal=3,requestId=3,at=48626070037983,thread=DefaultDispatcher-worker-2,active=0
09-23 21:08:38.722 15143 15161 I D06M04  : EVENT,type=body,ordinal=4,requestId=4,at=48626074417883,thread=DefaultDispatcher-worker-2
09-23 21:08:38.723 15143 15161 I D06M04  : EVENT,type=engine-enter,ordinal=4,requestId=4,at=48626074879883,thread=DefaultDispatcher-worker-2,active=1
09-23 21:08:38.920 15143 15143 I D06M04  : EVENT,type=submit,id=5,label=burst-final,at=48626272883483,thread=main,active=1
09-23 21:08:38.921 15143 15161 I D06M04  : EVENT,type=engine-return,ordinal=4,requestId=4,at=48626273215683,thread=DefaultDispatcher-worker-2,active=0
09-23 21:08:38.923 15143 15161 I D06M04  : EVENT,type=body,ordinal=5,requestId=5,at=48626275661483,thread=DefaultDispatcher-worker-2
09-23 21:08:38.924 15143 15161 I D06M04  : EVENT,type=engine-enter,ordinal=5,requestId=5,at=48626275900283,thread=DefaultDispatcher-worker-2,active=1
09-23 21:08:39.705 15143 15161 I D06M04  : EVENT,type=engine-return,ordinal=5,requestId=5,at=48627057332383,thread=DefaultDispatcher-worker-2,active=0
09-23 21:08:39.705 15143 15161 I D06M04  : EVENT,type=calculator-return,ordinal=5,requestId=5,at=48627057593283,thread=DefaultDispatcher-worker-2
09-23 21:08:39.705 15143 15143 I D06M04  : EVENT,type=publication,ordinal=5,requestId=5,at=48627057869283,thread=main
09-23 21:08:39.719 15143 15159 I D06M04  : RESULT,group=C,rep=16,valid=true,submitted=5,started=5,skipped=0,finalRequestId=5,finalSubmitNs=48626272883483,finalEngineEnterNs=48626275900283,finalEngineReturnNs=48627057332383,finalPublicationNs=48627057869283,finalStartNs=3016800,finalRuntimeNs=781432100,finalPublicationLatencyNs=784985800,activeAtFinalSubmission=1,peakConcurrency=1,obsoleteDrainNs=332200,obsoleteCancelled=4,obsoleteCompleted=0,engineOnMain=false,finalEngineThread=DefaultDispatcher-worker-2,publicationThread=main
09-23 21:08:39.722 15143 15143 I D06M04  : EVENT,type=submit,id=1,label=initial,at=48627074848383,thread=main,active=0
09-23 21:08:39.725 15143 15161 I D06M04  : EVENT,type=body,ordinal=1,requestId=1,at=48627077887683,thread=DefaultDispatcher-worker-2
09-23 21:08:39.725 15143 15161 I D06M04  : EVENT,type=engine-enter,ordinal=1,requestId=1,at=48627078092483,thread=DefaultDispatcher-worker-2,active=1
09-23 21:08:39.939 15143 15143 I D06M04  : EVENT,type=submit,id=2,label=burst-1,at=48627291377683,thread=main,active=1
09-23 21:08:39.942 15143 15161 I D06M04  : EVENT,type=engine-return,ordinal=1,requestId=1,at=48627294712583,thread=DefaultDispatcher-worker-2,active=0
09-23 21:08:39.946 15143 15161 I D06M04  : EVENT,type=body,ordinal=2,requestId=2,at=48627298490383,thread=DefaultDispatcher-worker-2
09-23 21:08:39.947 15143 15161 I D06M04  : EVENT,type=engine-enter,ordinal=2,requestId=2,at=48627299349383,thread=DefaultDispatcher-worker-2,active=1
09-23 21:08:40.161 15143 15143 I D06M04  : EVENT,type=submit,id=3,label=burst-2,at=48627512367583,thread=main,active=1
09-23 21:08:40.161 15143 15161 I D06M04  : EVENT,type=engine-return,ordinal=2,requestId=2,at=48627513584683,thread=DefaultDispatcher-worker-2,active=0
09-23 21:08:40.165 15143 15161 I D06M04  : EVENT,type=body,ordinal=3,requestId=3,at=48627517955283,thread=DefaultDispatcher-worker-2
09-23 21:08:40.166 15143 15161 I D06M04  : EVENT,type=engine-enter,ordinal=3,requestId=3,at=48627518593183,thread=DefaultDispatcher-worker-2,active=1
09-23 21:08:40.377 15143 15143 I D06M04  : EVENT,type=submit,id=4,label=burst-3,at=48627729502983,thread=main,active=1
09-23 21:08:40.378 15143 15161 I D06M04  : EVENT,type=engine-return,ordinal=3,requestId=3,at=48627730416283,thread=DefaultDispatcher-worker-2,active=0
09-23 21:08:40.381 15143 15161 I D06M04  : EVENT,type=body,ordinal=4,requestId=4,at=48627733702883,thread=DefaultDispatcher-worker-2
09-23 21:08:40.382 15143 15161 I D06M04  : EVENT,type=engine-enter,ordinal=4,requestId=4,at=48627734160483,thread=DefaultDispatcher-worker-2,active=1
09-23 21:08:40.595 15143 15143 I D06M04  : EVENT,type=submit,id=5,label=burst-final,at=48627947294383,thread=main,active=1
09-23 21:08:40.597 15143 15161 I D06M04  : EVENT,type=engine-return,ordinal=4,requestId=4,at=48627949241183,thread=DefaultDispatcher-worker-2,active=0
09-23 21:08:40.598 15143 15161 I D06M04  : EVENT,type=body,ordinal=5,requestId=5,at=48627950828583,thread=DefaultDispatcher-worker-2
09-23 21:08:40.600 15143 15161 I D06M04  : EVENT,type=engine-enter,ordinal=5,requestId=5,at=48627951568183,thread=DefaultDispatcher-worker-2,active=1
09-23 21:08:41.404 15143 15161 I D06M04  : EVENT,type=engine-return,ordinal=5,requestId=5,at=48628756385383,thread=DefaultDispatcher-worker-2,active=0
09-23 21:08:41.404 15143 15161 I D06M04  : EVENT,type=calculator-return,ordinal=5,requestId=5,at=48628756593383,thread=DefaultDispatcher-worker-2
09-23 21:08:41.406 15143 15143 I D06M04  : EVENT,type=publication,ordinal=5,requestId=5,at=48628758293583,thread=main
09-23 21:08:41.410 15143 15159 I D06M04  : RESULT,group=C,rep=17,valid=true,submitted=5,started=5,skipped=0,finalRequestId=5,finalSubmitNs=48627947294383,finalEngineEnterNs=48627951568183,finalEngineReturnNs=48628756385383,finalPublicationNs=48628758293583,finalStartNs=4273800,finalRuntimeNs=804817200,finalPublicationLatencyNs=810999200,activeAtFinalSubmission=1,peakConcurrency=1,obsoleteDrainNs=1946800,obsoleteCancelled=4,obsoleteCompleted=0,engineOnMain=false,finalEngineThread=DefaultDispatcher-worker-2,publicationThread=main
09-23 21:08:41.412 15143 15143 I D06M04  : EVENT,type=submit,id=1,label=initial,at=48628764680183,thread=main,active=0
09-23 21:08:41.415 15143 15161 I D06M04  : EVENT,type=body,ordinal=1,requestId=1,at=48628767567183,thread=DefaultDispatcher-worker-2
09-23 21:08:41.418 15143 15161 I D06M04  : EVENT,type=engine-enter,ordinal=1,requestId=1,at=48628770643083,thread=DefaultDispatcher-worker-2,active=1
09-23 21:08:41.622 15143 15143 I D06M04  : EVENT,type=submit,id=2,label=burst-1,at=48628974921383,thread=main,active=1
09-23 21:08:41.623 15143 15161 I D06M04  : EVENT,type=engine-return,ordinal=1,requestId=1,at=48628976107783,thread=DefaultDispatcher-worker-2,active=0
09-23 21:08:41.629 15143 15161 I D06M04  : EVENT,type=body,ordinal=2,requestId=2,at=48628981251983,thread=DefaultDispatcher-worker-2
09-23 21:08:41.629 15143 15161 I D06M04  : EVENT,type=engine-enter,ordinal=2,requestId=2,at=48628981481683,thread=DefaultDispatcher-worker-2,active=1
09-23 21:08:41.826 15143 15143 I D06M04  : EVENT,type=submit,id=3,label=burst-2,at=48629178431883,thread=main,active=1
09-23 21:08:41.827 15143 15161 I D06M04  : EVENT,type=engine-return,ordinal=2,requestId=2,at=48629179414683,thread=DefaultDispatcher-worker-2,active=0
09-23 21:08:41.830 15143 15161 I D06M04  : EVENT,type=body,ordinal=3,requestId=3,at=48629182386583,thread=DefaultDispatcher-worker-2
09-23 21:08:41.830 15143 15161 I D06M04  : EVENT,type=engine-enter,ordinal=3,requestId=3,at=48629182744283,thread=DefaultDispatcher-worker-2,active=1
09-23 21:08:42.032 15143 15143 I D06M04  : EVENT,type=submit,id=4,label=burst-3,at=48629384140883,thread=main,active=1
09-23 21:08:42.032 15143 15161 I D06M04  : EVENT,type=engine-return,ordinal=3,requestId=3,at=48629384625883,thread=DefaultDispatcher-worker-2,active=0
09-23 21:08:42.035 15143 15161 I D06M04  : EVENT,type=body,ordinal=4,requestId=4,at=48629387395283,thread=DefaultDispatcher-worker-2
09-23 21:08:42.035 15143 15161 I D06M04  : EVENT,type=engine-enter,ordinal=4,requestId=4,at=48629387817183,thread=DefaultDispatcher-worker-2,active=1
09-23 21:08:42.234 15143 15143 I D06M04  : EVENT,type=submit,id=5,label=burst-final,at=48629586192683,thread=main,active=1
09-23 21:08:42.234 15143 15161 I D06M04  : EVENT,type=engine-return,ordinal=4,requestId=4,at=48629586614383,thread=DefaultDispatcher-worker-2,active=0
09-23 21:08:42.237 15143 15161 I D06M04  : EVENT,type=body,ordinal=5,requestId=5,at=48629589282883,thread=DefaultDispatcher-worker-2
09-23 21:08:42.237 15143 15161 I D06M04  : EVENT,type=engine-enter,ordinal=5,requestId=5,at=48629589540383,thread=DefaultDispatcher-worker-2,active=1
09-23 21:08:43.077 15143 15161 I D06M04  : EVENT,type=engine-return,ordinal=5,requestId=5,at=48630430104383,thread=DefaultDispatcher-worker-2,active=0
09-23 21:08:43.078 15143 15161 I D06M04  : EVENT,type=calculator-return,ordinal=5,requestId=5,at=48630430292183,thread=DefaultDispatcher-worker-2
09-23 21:08:43.079 15143 15143 I D06M04  : EVENT,type=publication,ordinal=5,requestId=5,at=48630432007983,thread=main
09-23 21:08:43.083 15143 15159 I D06M04  : RESULT,group=C,rep=18,valid=true,submitted=5,started=5,skipped=0,finalRequestId=5,finalSubmitNs=48629586192683,finalEngineEnterNs=48629589540383,finalEngineReturnNs=48630430104383,finalPublicationNs=48630432007983,finalStartNs=3347700,finalRuntimeNs=840564000,finalPublicationLatencyNs=845815300,activeAtFinalSubmission=1,peakConcurrency=1,obsoleteDrainNs=421700,obsoleteCancelled=4,obsoleteCompleted=0,engineOnMain=false,finalEngineThread=DefaultDispatcher-worker-2,publicationThread=main
09-23 21:08:43.087 15143 15143 I D06M04  : EVENT,type=submit,id=1,label=initial,at=48630439410983,thread=main,active=0
09-23 21:08:43.090 15143 15161 I D06M04  : EVENT,type=body,ordinal=1,requestId=1,at=48630442933583,thread=DefaultDispatcher-worker-2
09-23 21:08:43.091 15143 15161 I D06M04  : EVENT,type=engine-enter,ordinal=1,requestId=1,at=48630443382083,thread=DefaultDispatcher-worker-2,active=1
09-23 21:08:43.295 15143 15143 I D06M04  : EVENT,type=submit,id=2,label=burst-1,at=48630647501683,thread=main,active=1
09-23 21:08:43.297 15143 15161 I D06M04  : EVENT,type=engine-return,ordinal=1,requestId=1,at=48630648213483,thread=DefaultDispatcher-worker-2,active=0
09-23 21:08:43.300 15143 15161 I D06M04  : EVENT,type=body,ordinal=2,requestId=2,at=48630652348283,thread=DefaultDispatcher-worker-2
09-23 21:08:43.301 15143 15161 I D06M04  : EVENT,type=engine-enter,ordinal=2,requestId=2,at=48630653006583,thread=DefaultDispatcher-worker-2,active=1
09-23 21:08:43.512 15143 15143 I D06M04  : EVENT,type=submit,id=3,label=burst-2,at=48630864834883,thread=main,active=1
09-23 21:08:43.513 15143 15161 I D06M04  : EVENT,type=engine-return,ordinal=2,requestId=2,at=48630865269883,thread=DefaultDispatcher-worker-2,active=0
09-23 21:08:43.516 15143 15161 I D06M04  : EVENT,type=body,ordinal=3,requestId=3,at=48630869053583,thread=DefaultDispatcher-worker-2
09-23 21:08:43.517 15143 15161 I D06M04  : EVENT,type=engine-enter,ordinal=3,requestId=3,at=48630869338383,thread=DefaultDispatcher-worker-2,active=1
09-23 21:08:43.714 15143 15143 I D06M04  : EVENT,type=submit,id=4,label=burst-3,at=48631066970983,thread=main,active=1
09-23 21:08:43.715 15143 15161 I D06M04  : EVENT,type=engine-return,ordinal=3,requestId=3,at=48631067321983,thread=DefaultDispatcher-worker-2,active=0
09-23 21:08:43.718 15143 15161 I D06M04  : EVENT,type=body,ordinal=4,requestId=4,at=48631070634483,thread=DefaultDispatcher-worker-2
09-23 21:08:43.719 15143 15161 I D06M04  : EVENT,type=engine-enter,ordinal=4,requestId=4,at=48631071681483,thread=DefaultDispatcher-worker-2,active=1
09-23 21:08:43.930 15143 15143 I D06M04  : EVENT,type=submit,id=5,label=burst-final,at=48631283055883,thread=main,active=1
09-23 21:08:43.931 15143 15161 I D06M04  : EVENT,type=engine-return,ordinal=4,requestId=4,at=48631283519883,thread=DefaultDispatcher-worker-2,active=0
09-23 21:08:43.933 15143 15161 I D06M04  : EVENT,type=body,ordinal=5,requestId=5,at=48631286161183,thread=DefaultDispatcher-worker-2
09-23 21:08:43.934 15143 15161 I D06M04  : EVENT,type=engine-enter,ordinal=5,requestId=5,at=48631286361683,thread=DefaultDispatcher-worker-2,active=1
09-23 21:08:44.754 15143 15161 I D06M04  : EVENT,type=engine-return,ordinal=5,requestId=5,at=48632107046283,thread=DefaultDispatcher-worker-2,active=0
09-23 21:08:44.755 15143 15161 I D06M04  : EVENT,type=calculator-return,ordinal=5,requestId=5,at=48632107244183,thread=DefaultDispatcher-worker-2
09-23 21:08:44.758 15143 15143 I D06M04  : EVENT,type=publication,ordinal=5,requestId=5,at=48632110323283,thread=main
09-23 21:08:44.778 15143 15159 I D06M04  : RESULT,group=C,rep=19,valid=true,submitted=5,started=5,skipped=0,finalRequestId=5,finalSubmitNs=48631283055883,finalEngineEnterNs=48631286361683,finalEngineReturnNs=48632107046283,finalPublicationNs=48632110323283,finalStartNs=3305800,finalRuntimeNs=820684600,finalPublicationLatencyNs=827267400,activeAtFinalSubmission=1,peakConcurrency=1,obsoleteDrainNs=464000,obsoleteCancelled=4,obsoleteCompleted=0,engineOnMain=false,finalEngineThread=DefaultDispatcher-worker-2,publicationThread=main
09-23 21:08:44.782 15143 15143 I D06M04  : EVENT,type=submit,id=1,label=initial,at=48632134674083,thread=main,active=0
09-23 21:08:44.785 15143 15161 I D06M04  : EVENT,type=body,ordinal=1,requestId=1,at=48632137771783,thread=DefaultDispatcher-worker-2
09-23 21:08:44.786 15143 15161 I D06M04  : EVENT,type=engine-enter,ordinal=1,requestId=1,at=48632138500883,thread=DefaultDispatcher-worker-2,active=1
09-23 21:08:44.997 15143 15143 I D06M04  : EVENT,type=submit,id=2,label=burst-1,at=48632349478983,thread=main,active=1
09-23 21:08:44.997 15143 15161 I D06M04  : EVENT,type=engine-return,ordinal=1,requestId=1,at=48632350002683,thread=DefaultDispatcher-worker-2,active=0
09-23 21:08:45.001 15143 15161 I D06M04  : EVENT,type=body,ordinal=2,requestId=2,at=48632353416483,thread=DefaultDispatcher-worker-2
09-23 21:08:45.001 15143 15161 I D06M04  : EVENT,type=engine-enter,ordinal=2,requestId=2,at=48632353672483,thread=DefaultDispatcher-worker-2,active=1
09-23 21:08:45.200 15143 15143 I D06M04  : EVENT,type=submit,id=3,label=burst-2,at=48632552637783,thread=main,active=1
09-23 21:08:45.200 15143 15161 I D06M04  : EVENT,type=engine-return,ordinal=2,requestId=2,at=48632553007083,thread=DefaultDispatcher-worker-2,active=0
09-23 21:08:45.202 15143 15161 I D06M04  : EVENT,type=body,ordinal=3,requestId=3,at=48632554935383,thread=DefaultDispatcher-worker-2
09-23 21:08:45.204 15143 15161 I D06M04  : EVENT,type=engine-enter,ordinal=3,requestId=3,at=48632556794483,thread=DefaultDispatcher-worker-2,active=1
09-23 21:08:45.402 15143 15143 I D06M04  : EVENT,type=submit,id=4,label=burst-3,at=48632754612383,thread=main,active=1
09-23 21:08:45.402 15143 15161 I D06M04  : EVENT,type=engine-return,ordinal=3,requestId=3,at=48632755072983,thread=DefaultDispatcher-worker-2,active=0
09-23 21:08:45.408 15143 15161 I D06M04  : EVENT,type=body,ordinal=4,requestId=4,at=48632760279383,thread=DefaultDispatcher-worker-2
09-23 21:08:45.408 15143 15161 I D06M04  : EVENT,type=engine-enter,ordinal=4,requestId=4,at=48632760474383,thread=DefaultDispatcher-worker-2,active=1
09-23 21:08:45.606 15143 15143 I D06M04  : EVENT,type=submit,id=5,label=burst-final,at=48632958282083,thread=main,active=1
09-23 21:08:45.606 15143 15161 I D06M04  : EVENT,type=engine-return,ordinal=4,requestId=4,at=48632958987383,thread=DefaultDispatcher-worker-2,active=0
09-23 21:08:45.610 15143 15161 I D06M04  : EVENT,type=body,ordinal=5,requestId=5,at=48632962937283,thread=DefaultDispatcher-worker-2
09-23 21:08:45.611 15143 15161 I D06M04  : EVENT,type=engine-enter,ordinal=5,requestId=5,at=48632963169883,thread=DefaultDispatcher-worker-2,active=1
09-23 21:08:46.398 15143 15161 I D06M04  : EVENT,type=engine-return,ordinal=5,requestId=5,at=48633751055983,thread=DefaultDispatcher-worker-2,active=0
09-23 21:08:46.399 15143 15161 I D06M04  : EVENT,type=calculator-return,ordinal=5,requestId=5,at=48633751275383,thread=DefaultDispatcher-worker-2
09-23 21:08:46.401 15143 15143 I D06M04  : EVENT,type=publication,ordinal=5,requestId=5,at=48633753699583,thread=main
09-23 21:08:46.419 15143 15159 I D06M04  : RESULT,group=C,rep=20,valid=true,submitted=5,started=5,skipped=0,finalRequestId=5,finalSubmitNs=48632958282083,finalEngineEnterNs=48632963169883,finalEngineReturnNs=48633751055983,finalPublicationNs=48633753699583,finalStartNs=4887800,finalRuntimeNs=787886100,finalPublicationLatencyNs=795417500,activeAtFinalSubmission=1,peakConcurrency=1,obsoleteDrainNs=705300,obsoleteCancelled=4,obsoleteCompleted=0,engineOnMain=false,finalEngineThread=DefaultDispatcher-worker-2,publicationThread=main
09-23 21:08:46.423 15143 15143 I D06M04  : EVENT,type=submit,id=1,label=initial,at=48633775561983,thread=main,active=0
09-23 21:08:46.427 15143 15161 I D06M04  : EVENT,type=body,ordinal=1,requestId=1,at=48633779293783,thread=DefaultDispatcher-worker-2
09-23 21:08:46.427 15143 15161 I D06M04  : EVENT,type=engine-enter,ordinal=1,requestId=1,at=48633779622683,thread=DefaultDispatcher-worker-2,active=1
09-23 21:08:46.636 15143 15143 I D06M04  : EVENT,type=submit,id=2,label=burst-1,at=48633988198083,thread=main,active=1
09-23 21:08:46.636 15143 15161 I D06M04  : EVENT,type=engine-return,ordinal=1,requestId=1,at=48633988602683,thread=DefaultDispatcher-worker-2,active=0
09-23 21:08:46.638 15143 15161 I D06M04  : EVENT,type=body,ordinal=2,requestId=2,at=48633990233183,thread=DefaultDispatcher-worker-2
09-23 21:08:46.639 15143 15161 I D06M04  : EVENT,type=engine-enter,ordinal=2,requestId=2,at=48633991725083,thread=DefaultDispatcher-worker-2,active=1
09-23 21:08:46.839 15143 15143 I D06M04  : EVENT,type=submit,id=3,label=burst-2,at=48634191469183,thread=main,active=1
09-23 21:08:46.839 15143 15161 I D06M04  : EVENT,type=engine-return,ordinal=2,requestId=2,at=48634191871383,thread=DefaultDispatcher-worker-2,active=0
09-23 21:08:46.842 15143 15161 I D06M04  : EVENT,type=body,ordinal=3,requestId=3,at=48634194709683,thread=DefaultDispatcher-worker-2
09-23 21:08:46.843 15143 15161 I D06M04  : EVENT,type=engine-enter,ordinal=3,requestId=3,at=48634195171883,thread=DefaultDispatcher-worker-2,active=1
09-23 21:08:47.043 15143 15143 I D06M04  : EVENT,type=submit,id=4,label=burst-3,at=48634395672183,thread=main,active=1
09-23 21:08:47.044 15143 15161 I D06M04  : EVENT,type=engine-return,ordinal=3,requestId=3,at=48634396451283,thread=DefaultDispatcher-worker-2,active=0
09-23 21:08:47.047 15143 15161 I D06M04  : EVENT,type=body,ordinal=4,requestId=4,at=48634399571183,thread=DefaultDispatcher-worker-2
09-23 21:08:47.049 15143 15161 I D06M04  : EVENT,type=engine-enter,ordinal=4,requestId=4,at=48634399748983,thread=DefaultDispatcher-worker-2,active=1
09-23 21:08:47.246 15143 15143 I D06M04  : EVENT,type=submit,id=5,label=burst-final,at=48634598009783,thread=main,active=1
09-23 21:08:47.246 15143 15161 I D06M04  : EVENT,type=engine-return,ordinal=4,requestId=4,at=48634598584883,thread=DefaultDispatcher-worker-2,active=0
09-23 21:08:47.249 15143 15161 I D06M04  : EVENT,type=body,ordinal=5,requestId=5,at=48634601310583,thread=DefaultDispatcher-worker-2
09-23 21:08:47.250 15143 15161 I D06M04  : EVENT,type=engine-enter,ordinal=5,requestId=5,at=48634602494283,thread=DefaultDispatcher-worker-2,active=1
09-23 21:08:48.024 15143 15161 I D06M04  : EVENT,type=engine-return,ordinal=5,requestId=5,at=48635377103783,thread=DefaultDispatcher-worker-2,active=0
09-23 21:08:48.025 15143 15161 I D06M04  : EVENT,type=calculator-return,ordinal=5,requestId=5,at=48635377648483,thread=DefaultDispatcher-worker-2
09-23 21:08:48.027 15143 15143 I D06M04  : EVENT,type=publication,ordinal=5,requestId=5,at=48635379527083,thread=main
09-23 21:08:48.032 15143 15159 I D06M04  : RESULT,group=C,rep=21,valid=true,submitted=5,started=5,skipped=0,finalRequestId=5,finalSubmitNs=48634598009783,finalEngineEnterNs=48634602494283,finalEngineReturnNs=48635377103783,finalPublicationNs=48635379527083,finalStartNs=4484500,finalRuntimeNs=774609500,finalPublicationLatencyNs=781517300,activeAtFinalSubmission=1,peakConcurrency=1,obsoleteDrainNs=575100,obsoleteCancelled=4,obsoleteCompleted=0,engineOnMain=false,finalEngineThread=DefaultDispatcher-worker-2,publicationThread=main
09-23 21:08:48.036 15143 15143 I D06M04  : EVENT,type=submit,id=1,label=initial,at=48635388359483,thread=main,active=0
09-23 21:08:48.038 15143 15161 I D06M04  : EVENT,type=body,ordinal=1,requestId=1,at=48635390717083,thread=DefaultDispatcher-worker-2
09-23 21:08:48.038 15143 15161 I D06M04  : EVENT,type=engine-enter,ordinal=1,requestId=1,at=48635390957783,thread=DefaultDispatcher-worker-2,active=1
09-23 21:08:48.245 15143 15143 I D06M04  : EVENT,type=submit,id=2,label=burst-1,at=48635598050283,thread=main,active=1
09-23 21:08:48.246 15143 15161 I D06M04  : EVENT,type=engine-return,ordinal=1,requestId=1,at=48635598481483,thread=DefaultDispatcher-worker-2,active=0
09-23 21:08:48.248 15143 15161 I D06M04  : EVENT,type=body,ordinal=2,requestId=2,at=48635600654783,thread=DefaultDispatcher-worker-2
09-23 21:08:48.248 15143 15161 I D06M04  : EVENT,type=engine-enter,ordinal=2,requestId=2,at=48635600919483,thread=DefaultDispatcher-worker-2,active=1
09-23 21:08:48.446 15143 15143 I D06M04  : EVENT,type=submit,id=3,label=burst-2,at=48635799115783,thread=main,active=1
09-23 21:08:48.453 15143 15161 I D06M04  : EVENT,type=engine-return,ordinal=2,requestId=2,at=48635805672783,thread=DefaultDispatcher-worker-2,active=0
09-23 21:08:48.455 15143 15161 I D06M04  : EVENT,type=body,ordinal=3,requestId=3,at=48635808085483,thread=DefaultDispatcher-worker-2
09-23 21:08:48.456 15143 15161 I D06M04  : EVENT,type=engine-enter,ordinal=3,requestId=3,at=48635808340483,thread=DefaultDispatcher-worker-2,active=1
09-23 21:08:48.665 15143 15143 I D06M04  : EVENT,type=submit,id=4,label=burst-3,at=48636017752083,thread=main,active=1
09-23 21:08:48.666 15143 15161 I D06M04  : EVENT,type=engine-return,ordinal=3,requestId=3,at=48636018251383,thread=DefaultDispatcher-worker-2,active=0
09-23 21:08:48.670 15143 15161 I D06M04  : EVENT,type=body,ordinal=4,requestId=4,at=48636022369483,thread=DefaultDispatcher-worker-2
09-23 21:08:48.670 15143 15161 I D06M04  : EVENT,type=engine-enter,ordinal=4,requestId=4,at=48636022769483,thread=DefaultDispatcher-worker-2,active=1
09-23 21:08:48.883 15143 15143 I D06M04  : EVENT,type=submit,id=5,label=burst-final,at=48636235785783,thread=main,active=1
09-23 21:08:48.885 15143 15161 I D06M04  : EVENT,type=engine-return,ordinal=4,requestId=4,at=48636238053783,thread=DefaultDispatcher-worker-2,active=0
09-23 21:08:48.888 15143 15161 I D06M04  : EVENT,type=body,ordinal=5,requestId=5,at=48636240665783,thread=DefaultDispatcher-worker-2
09-23 21:08:48.889 15143 15161 I D06M04  : EVENT,type=engine-enter,ordinal=5,requestId=5,at=48636240948183,thread=DefaultDispatcher-worker-2,active=1
09-23 21:08:49.665 15143 15161 I D06M04  : EVENT,type=engine-return,ordinal=5,requestId=5,at=48637018025083,thread=DefaultDispatcher-worker-2,active=0
09-23 21:08:49.666 15143 15161 I D06M04  : EVENT,type=calculator-return,ordinal=5,requestId=5,at=48637018346583,thread=DefaultDispatcher-worker-2
09-23 21:08:49.667 15143 15143 I D06M04  : EVENT,type=publication,ordinal=5,requestId=5,at=48637019488483,thread=main
09-23 21:08:49.670 15143 15159 I D06M04  : RESULT,group=C,rep=22,valid=true,submitted=5,started=5,skipped=0,finalRequestId=5,finalSubmitNs=48636235785783,finalEngineEnterNs=48636240948183,finalEngineReturnNs=48637018025083,finalPublicationNs=48637019488483,finalStartNs=5162400,finalRuntimeNs=777076900,finalPublicationLatencyNs=783702700,activeAtFinalSubmission=1,peakConcurrency=1,obsoleteDrainNs=2268000,obsoleteCancelled=4,obsoleteCompleted=0,engineOnMain=false,finalEngineThread=DefaultDispatcher-worker-2,publicationThread=main
09-23 21:08:49.674 15143 15143 I D06M04  : EVENT,type=submit,id=1,label=initial,at=48637026991883,thread=main,active=0
09-23 21:08:49.675 15143 15161 I D06M04  : EVENT,type=body,ordinal=1,requestId=1,at=48637027912883,thread=DefaultDispatcher-worker-2
09-23 21:08:49.678 15143 15161 I D06M04  : EVENT,type=engine-enter,ordinal=1,requestId=1,at=48637030228283,thread=DefaultDispatcher-worker-2,active=1
09-23 21:08:49.883 15143 15143 I D06M04  : EVENT,type=submit,id=2,label=burst-1,at=48637235647183,thread=main,active=1
09-23 21:08:49.885 15143 15161 I D06M04  : EVENT,type=engine-return,ordinal=1,requestId=1,at=48637237194783,thread=DefaultDispatcher-worker-2,active=0
09-23 21:08:49.886 15143 15161 I D06M04  : EVENT,type=body,ordinal=2,requestId=2,at=48637238238183,thread=DefaultDispatcher-worker-2
09-23 21:08:49.888 15143 15161 I D06M04  : EVENT,type=engine-enter,ordinal=2,requestId=2,at=48637240210483,thread=DefaultDispatcher-worker-2,active=1
09-23 21:08:50.086 15143 15143 I D06M04  : EVENT,type=submit,id=3,label=burst-2,at=48637438675383,thread=main,active=1
09-23 21:08:50.087 15143 15161 I D06M04  : EVENT,type=engine-return,ordinal=2,requestId=2,at=48637439260783,thread=DefaultDispatcher-worker-2,active=0
09-23 21:08:50.090 15143 15161 I D06M04  : EVENT,type=body,ordinal=3,requestId=3,at=48637442409883,thread=DefaultDispatcher-worker-2
09-23 21:08:50.090 15143 15161 I D06M04  : EVENT,type=engine-enter,ordinal=3,requestId=3,at=48637442654583,thread=DefaultDispatcher-worker-2,active=1
09-23 21:08:50.289 15143 15143 I D06M04  : EVENT,type=submit,id=4,label=burst-3,at=48637641528383,thread=main,active=1
09-23 21:08:50.290 15143 15161 I D06M04  : EVENT,type=engine-return,ordinal=3,requestId=3,at=48637641966683,thread=DefaultDispatcher-worker-2,active=0
09-23 21:08:50.293 15143 15161 I D06M04  : EVENT,type=body,ordinal=4,requestId=4,at=48637645956183,thread=DefaultDispatcher-worker-2
09-23 21:08:50.294 15143 15161 I D06M04  : EVENT,type=engine-enter,ordinal=4,requestId=4,at=48637646397883,thread=DefaultDispatcher-worker-2,active=1
09-23 21:08:50.507 15143 15143 I D06M04  : EVENT,type=submit,id=5,label=burst-final,at=48637859744683,thread=main,active=1
09-23 21:08:50.507 15143 15161 I D06M04  : EVENT,type=engine-return,ordinal=4,requestId=4,at=48637860132483,thread=DefaultDispatcher-worker-2,active=0
09-23 21:08:50.511 15143 15161 I D06M04  : EVENT,type=body,ordinal=5,requestId=5,at=48637863528583,thread=DefaultDispatcher-worker-2
09-23 21:08:50.513 15143 15161 I D06M04  : EVENT,type=engine-enter,ordinal=5,requestId=5,at=48637865602183,thread=DefaultDispatcher-worker-2,active=1
09-23 21:08:51.303 15143 15161 I D06M04  : EVENT,type=engine-return,ordinal=5,requestId=5,at=48638655750283,thread=DefaultDispatcher-worker-2,active=0
09-23 21:08:51.305 15143 15161 I D06M04  : EVENT,type=calculator-return,ordinal=5,requestId=5,at=48638657378683,thread=DefaultDispatcher-worker-2
09-23 21:08:51.307 15143 15143 I D06M04  : EVENT,type=publication,ordinal=5,requestId=5,at=48638659383383,thread=main
09-23 21:08:51.309 15143 15159 I D06M04  : RESULT,group=C,rep=23,valid=true,submitted=5,started=5,skipped=0,finalRequestId=5,finalSubmitNs=48637859744683,finalEngineEnterNs=48637865602183,finalEngineReturnNs=48638655750283,finalPublicationNs=48638659383383,finalStartNs=5857500,finalRuntimeNs=790148100,finalPublicationLatencyNs=799638700,activeAtFinalSubmission=1,peakConcurrency=1,obsoleteDrainNs=387800,obsoleteCancelled=4,obsoleteCompleted=0,engineOnMain=false,finalEngineThread=DefaultDispatcher-worker-2,publicationThread=main
09-23 21:08:51.311 15143 15143 I D06M04  : EVENT,type=submit,id=1,label=initial,at=48638664027183,thread=main,active=0
09-23 21:08:51.315 15143 15161 I D06M04  : EVENT,type=body,ordinal=1,requestId=1,at=48638667425383,thread=DefaultDispatcher-worker-2
09-23 21:08:51.315 15143 15161 I D06M04  : EVENT,type=engine-enter,ordinal=1,requestId=1,at=48638667636183,thread=DefaultDispatcher-worker-2,active=1
09-23 21:08:51.521 15143 15143 I D06M04  : EVENT,type=submit,id=2,label=burst-1,at=48638873739583,thread=main,active=1
09-23 21:08:51.523 15143 15161 I D06M04  : EVENT,type=engine-return,ordinal=1,requestId=1,at=48638874891183,thread=DefaultDispatcher-worker-2,active=0
09-23 21:08:51.525 15143 15161 I D06M04  : EVENT,type=body,ordinal=2,requestId=2,at=48638877418483,thread=DefaultDispatcher-worker-2
09-23 21:08:51.525 15143 15161 I D06M04  : EVENT,type=engine-enter,ordinal=2,requestId=2,at=48638877894683,thread=DefaultDispatcher-worker-2,active=1
09-23 21:08:51.727 15143 15143 I D06M04  : EVENT,type=submit,id=3,label=burst-2,at=48639079208183,thread=main,active=1
09-23 21:08:51.727 15143 15161 I D06M04  : EVENT,type=engine-return,ordinal=2,requestId=2,at=48639079730783,thread=DefaultDispatcher-worker-2,active=0
09-23 21:08:51.728 15143 15161 I D06M04  : EVENT,type=body,ordinal=3,requestId=3,at=48639081170883,thread=DefaultDispatcher-worker-2
09-23 21:08:51.729 15143 15161 I D06M04  : EVENT,type=engine-enter,ordinal=3,requestId=3,at=48639081890983,thread=DefaultDispatcher-worker-2,active=1
09-23 21:08:51.930 15143 15143 I D06M04  : EVENT,type=submit,id=4,label=burst-3,at=48639282437083,thread=main,active=1
09-23 21:08:51.930 15143 15161 I D06M04  : EVENT,type=engine-return,ordinal=3,requestId=3,at=48639282880483,thread=DefaultDispatcher-worker-2,active=0
09-23 21:08:51.933 15143 15161 I D06M04  : EVENT,type=body,ordinal=4,requestId=4,at=48639285771883,thread=DefaultDispatcher-worker-2
09-23 21:08:51.935 15143 15161 I D06M04  : EVENT,type=engine-enter,ordinal=4,requestId=4,at=48639287818983,thread=DefaultDispatcher-worker-2,active=1
09-23 21:08:52.136 15143 15143 I D06M04  : EVENT,type=submit,id=5,label=burst-final,at=48639488494583,thread=main,active=1
09-23 21:08:52.136 15143 15161 I D06M04  : EVENT,type=engine-return,ordinal=4,requestId=4,at=48639488872183,thread=DefaultDispatcher-worker-2,active=0
09-23 21:08:52.137 15143 15161 I D06M04  : EVENT,type=body,ordinal=5,requestId=5,at=48639489367183,thread=DefaultDispatcher-worker-2
09-23 21:08:52.137 15143 15161 I D06M04  : EVENT,type=engine-enter,ordinal=5,requestId=5,at=48639489522683,thread=DefaultDispatcher-worker-2,active=1
09-23 21:08:52.914 15143 15161 I D06M04  : EVENT,type=engine-return,ordinal=5,requestId=5,at=48640267128083,thread=DefaultDispatcher-worker-2,active=0
09-23 21:08:52.915 15143 15161 I D06M04  : EVENT,type=calculator-return,ordinal=5,requestId=5,at=48640267341383,thread=DefaultDispatcher-worker-2
09-23 21:08:52.915 15143 15143 I D06M04  : EVENT,type=publication,ordinal=5,requestId=5,at=48640267637983,thread=main
09-23 21:08:52.918 15143 15159 I D06M04  : RESULT,group=C,rep=24,valid=true,submitted=5,started=5,skipped=0,finalRequestId=5,finalSubmitNs=48639488494583,finalEngineEnterNs=48639489522683,finalEngineReturnNs=48640267128083,finalPublicationNs=48640267637983,finalStartNs=1028100,finalRuntimeNs=777605400,finalPublicationLatencyNs=779143400,activeAtFinalSubmission=1,peakConcurrency=1,obsoleteDrainNs=377600,obsoleteCancelled=4,obsoleteCompleted=0,engineOnMain=false,finalEngineThread=DefaultDispatcher-worker-2,publicationThread=main
09-23 21:08:52.923 15143 15143 I D06M04  : EVENT,type=submit,id=1,label=initial,at=48640275797283,thread=main,active=0
09-23 21:08:52.926 15143 15161 I D06M04  : EVENT,type=body,ordinal=1,requestId=1,at=48640279087783,thread=DefaultDispatcher-worker-2
09-23 21:08:52.927 15143 15161 I D06M04  : EVENT,type=engine-enter,ordinal=1,requestId=1,at=48640279288083,thread=DefaultDispatcher-worker-2,active=1
09-23 21:08:53.137 15143 15143 I D06M04  : EVENT,type=submit,id=2,label=burst-1,at=48640489207283,thread=main,active=1
09-23 21:08:53.141 15143 15161 I D06M04  : EVENT,type=engine-return,ordinal=1,requestId=1,at=48640493233783,thread=DefaultDispatcher-worker-2,active=0
09-23 21:08:53.143 15143 15161 I D06M04  : EVENT,type=body,ordinal=2,requestId=2,at=48640495385283,thread=DefaultDispatcher-worker-2
09-23 21:08:53.145 15143 15161 I D06M04  : EVENT,type=engine-enter,ordinal=2,requestId=2,at=48640496470983,thread=DefaultDispatcher-worker-2,active=1
09-23 21:08:53.342 15143 15143 I D06M04  : EVENT,type=submit,id=3,label=burst-2,at=48640694660083,thread=main,active=1
09-23 21:08:53.343 15143 15161 I D06M04  : EVENT,type=engine-return,ordinal=2,requestId=2,at=48640695238783,thread=DefaultDispatcher-worker-2,active=0
09-23 21:08:53.345 15143 15161 I D06M04  : EVENT,type=body,ordinal=3,requestId=3,at=48640697990083,thread=DefaultDispatcher-worker-2
09-23 21:08:53.346 15143 15161 I D06M04  : EVENT,type=engine-enter,ordinal=3,requestId=3,at=48640698412483,thread=DefaultDispatcher-worker-2,active=1
09-23 21:08:53.558 15143 15143 I D06M04  : EVENT,type=submit,id=4,label=burst-3,at=48640910543583,thread=main,active=1
09-23 21:08:53.559 15143 15161 I D06M04  : EVENT,type=engine-return,ordinal=3,requestId=3,at=48640912042683,thread=DefaultDispatcher-worker-2,active=0
09-23 21:08:53.562 15143 15161 I D06M04  : EVENT,type=body,ordinal=4,requestId=4,at=48640914708883,thread=DefaultDispatcher-worker-2
09-23 21:08:53.563 15143 15161 I D06M04  : EVENT,type=engine-enter,ordinal=4,requestId=4,at=48640915970483,thread=DefaultDispatcher-worker-2,active=1
09-23 21:08:53.761 15143 15143 I D06M04  : EVENT,type=submit,id=5,label=burst-final,at=48641113977683,thread=main,active=1
09-23 21:08:53.762 15143 15161 I D06M04  : EVENT,type=engine-return,ordinal=4,requestId=4,at=48641114530883,thread=DefaultDispatcher-worker-2,active=0
09-23 21:08:53.765 15143 15161 I D06M04  : EVENT,type=body,ordinal=5,requestId=5,at=48641117141983,thread=DefaultDispatcher-worker-2
09-23 21:08:53.766 15143 15161 I D06M04  : EVENT,type=engine-enter,ordinal=5,requestId=5,at=48641119029483,thread=DefaultDispatcher-worker-2,active=1
09-23 21:08:54.531 15143 15161 I D06M04  : EVENT,type=engine-return,ordinal=5,requestId=5,at=48641883273783,thread=DefaultDispatcher-worker-2,active=0
09-23 21:08:54.531 15143 15161 I D06M04  : EVENT,type=calculator-return,ordinal=5,requestId=5,at=48641883480883,thread=DefaultDispatcher-worker-2
09-23 21:08:54.533 15143 15143 I D06M04  : EVENT,type=publication,ordinal=5,requestId=5,at=48641885909083,thread=main
09-23 21:08:54.537 15143 15159 I D06M04  : RESULT,group=C,rep=25,valid=true,submitted=5,started=5,skipped=0,finalRequestId=5,finalSubmitNs=48641113977683,finalEngineEnterNs=48641119029483,finalEngineReturnNs=48641883273783,finalPublicationNs=48641885909083,finalStartNs=5051800,finalRuntimeNs=764244300,finalPublicationLatencyNs=771931400,activeAtFinalSubmission=1,peakConcurrency=1,obsoleteDrainNs=553200,obsoleteCancelled=4,obsoleteCompleted=0,engineOnMain=false,finalEngineThread=DefaultDispatcher-worker-2,publicationThread=main
09-23 21:08:54.542 15143 15143 I D06M04  : EVENT,type=submit,id=1,label=initial,at=48641894206483,thread=main,active=0
09-23 21:08:54.542 15143 15161 I D06M04  : EVENT,type=body,ordinal=1,requestId=1,at=48641894973783,thread=DefaultDispatcher-worker-2
09-23 21:08:54.544 15143 15161 I D06M04  : EVENT,type=engine-enter,ordinal=1,requestId=1,at=48641896997583,thread=DefaultDispatcher-worker-2,active=1
09-23 21:08:54.751 15143 15143 I D06M04  : EVENT,type=submit,id=2,label=burst-1,at=48642103973183,thread=main,active=1
09-23 21:08:54.752 15143 15161 I D06M04  : EVENT,type=engine-return,ordinal=1,requestId=1,at=48642104638083,thread=DefaultDispatcher-worker-2,active=0
09-23 21:08:54.755 15143 15161 I D06M04  : EVENT,type=body,ordinal=2,requestId=2,at=48642107600783,thread=DefaultDispatcher-worker-2
09-23 21:08:54.755 15143 15161 I D06M04  : EVENT,type=engine-enter,ordinal=2,requestId=2,at=48642107938083,thread=DefaultDispatcher-worker-2,active=1
09-23 21:08:54.954 15143 15143 I D06M04  : EVENT,type=submit,id=3,label=burst-2,at=48642307029183,thread=main,active=1
09-23 21:08:54.956 15143 15161 I D06M04  : EVENT,type=engine-return,ordinal=2,requestId=2,at=48642307663383,thread=DefaultDispatcher-worker-2,active=0
09-23 21:08:54.959 15143 15161 I D06M04  : EVENT,type=body,ordinal=3,requestId=3,at=48642311530483,thread=DefaultDispatcher-worker-2
09-23 21:08:54.959 15143 15161 I D06M04  : EVENT,type=engine-enter,ordinal=3,requestId=3,at=48642311702383,thread=DefaultDispatcher-worker-2,active=1
09-23 21:08:55.173 15143 15143 I D06M04  : EVENT,type=submit,id=4,label=burst-3,at=48642525304083,thread=main,active=1
09-23 21:08:55.174 15143 15161 I D06M04  : EVENT,type=engine-return,ordinal=3,requestId=3,at=48642525858083,thread=DefaultDispatcher-worker-2,active=0
09-23 21:08:55.178 15143 15161 I D06M04  : EVENT,type=body,ordinal=4,requestId=4,at=48642530688683,thread=DefaultDispatcher-worker-2
09-23 21:08:55.179 15143 15161 I D06M04  : EVENT,type=engine-enter,ordinal=4,requestId=4,at=48642531379383,thread=DefaultDispatcher-worker-2,active=1
09-23 21:08:55.376 15143 15143 I D06M04  : EVENT,type=submit,id=5,label=burst-final,at=48642728921883,thread=main,active=1
09-23 21:08:55.378 15143 15161 I D06M04  : EVENT,type=engine-return,ordinal=4,requestId=4,at=48642730706083,thread=DefaultDispatcher-worker-2,active=0
09-23 21:08:55.380 15143 15161 I D06M04  : EVENT,type=body,ordinal=5,requestId=5,at=48642732849383,thread=DefaultDispatcher-worker-2
09-23 21:08:55.381 15143 15161 I D06M04  : EVENT,type=engine-enter,ordinal=5,requestId=5,at=48642733293983,thread=DefaultDispatcher-worker-2,active=1
09-23 21:08:56.151 15143 15161 I D06M04  : EVENT,type=engine-return,ordinal=5,requestId=5,at=48643503435283,thread=DefaultDispatcher-worker-2,active=0
09-23 21:08:56.151 15143 15161 I D06M04  : EVENT,type=calculator-return,ordinal=5,requestId=5,at=48643503701383,thread=DefaultDispatcher-worker-2
09-23 21:08:56.154 15143 15143 I D06M04  : EVENT,type=publication,ordinal=5,requestId=5,at=48643506289783,thread=main
09-23 21:08:56.173 15143 15159 I D06M04  : RESULT,group=C,rep=26,valid=true,submitted=5,started=5,skipped=0,finalRequestId=5,finalSubmitNs=48642728921883,finalEngineEnterNs=48642733293983,finalEngineReturnNs=48643503435283,finalPublicationNs=48643506289783,finalStartNs=4372100,finalRuntimeNs=770141300,finalPublicationLatencyNs=777367900,activeAtFinalSubmission=1,peakConcurrency=1,obsoleteDrainNs=1784200,obsoleteCancelled=4,obsoleteCompleted=0,engineOnMain=false,finalEngineThread=DefaultDispatcher-worker-2,publicationThread=main
09-23 21:08:56.175 15143 15143 I D06M04  : EVENT,type=submit,id=1,label=initial,at=48643527981483,thread=main,active=0
09-23 21:08:56.178 15143 15161 I D06M04  : EVENT,type=body,ordinal=1,requestId=1,at=48643530366683,thread=DefaultDispatcher-worker-2
09-23 21:08:56.179 15143 15161 I D06M04  : EVENT,type=engine-enter,ordinal=1,requestId=1,at=48643531048483,thread=DefaultDispatcher-worker-2,active=1
09-23 21:08:56.391 15143 15143 I D06M04  : EVENT,type=submit,id=2,label=burst-1,at=48643743412083,thread=main,active=1
09-23 21:08:56.394 15143 15161 I D06M04  : EVENT,type=engine-return,ordinal=1,requestId=1,at=48643746647483,thread=DefaultDispatcher-worker-2,active=0
09-23 21:08:56.395 15143 15161 I D06M04  : EVENT,type=body,ordinal=2,requestId=2,at=48643747633083,thread=DefaultDispatcher-worker-2
09-23 21:08:56.397 15143 15161 I D06M04  : EVENT,type=engine-enter,ordinal=2,requestId=2,at=48643749875283,thread=DefaultDispatcher-worker-2,active=1
09-23 21:08:56.608 15143 15143 I D06M04  : EVENT,type=submit,id=3,label=burst-2,at=48643960408483,thread=main,active=1
09-23 21:08:56.608 15143 15161 I D06M04  : EVENT,type=engine-return,ordinal=2,requestId=2,at=48643961026983,thread=DefaultDispatcher-worker-2,active=0
09-23 21:08:56.611 15143 15161 I D06M04  : EVENT,type=body,ordinal=3,requestId=3,at=48643963520983,thread=DefaultDispatcher-worker-2
09-23 21:08:56.611 15143 15161 I D06M04  : EVENT,type=engine-enter,ordinal=3,requestId=3,at=48643963816783,thread=DefaultDispatcher-worker-2,active=1
09-23 21:08:56.812 15143 15143 I D06M04  : EVENT,type=submit,id=4,label=burst-3,at=48644164473283,thread=main,active=1
09-23 21:08:56.814 15143 15161 I D06M04  : EVENT,type=engine-return,ordinal=3,requestId=3,at=48644166270983,thread=DefaultDispatcher-worker-2,active=0
09-23 21:08:56.816 15143 15161 I D06M04  : EVENT,type=body,ordinal=4,requestId=4,at=48644168214983,thread=DefaultDispatcher-worker-2
09-23 21:08:56.816 15143 15161 I D06M04  : EVENT,type=engine-enter,ordinal=4,requestId=4,at=48644168546183,thread=DefaultDispatcher-worker-2,active=1
09-23 21:08:57.030 15143 15143 I D06M04  : EVENT,type=submit,id=5,label=burst-final,at=48644382273983,thread=main,active=1
09-23 21:08:57.032 15143 15161 I D06M04  : EVENT,type=engine-return,ordinal=4,requestId=4,at=48644384784983,thread=DefaultDispatcher-worker-2,active=0
09-23 21:08:57.035 15143 15161 I D06M04  : EVENT,type=body,ordinal=5,requestId=5,at=48644387802083,thread=DefaultDispatcher-worker-2
09-23 21:08:57.035 15143 15161 I D06M04  : EVENT,type=engine-enter,ordinal=5,requestId=5,at=48644388015383,thread=DefaultDispatcher-worker-2,active=1
09-23 21:08:57.807 15143 15161 I D06M04  : EVENT,type=engine-return,ordinal=5,requestId=5,at=48645159334683,thread=DefaultDispatcher-worker-2,active=0
09-23 21:08:57.811 15143 15161 I D06M04  : EVENT,type=calculator-return,ordinal=5,requestId=5,at=48645162786683,thread=DefaultDispatcher-worker-2
09-23 21:08:57.814 15143 15143 I D06M04  : EVENT,type=publication,ordinal=5,requestId=5,at=48645166773283,thread=main
09-23 21:08:57.817 15143 15159 I D06M04  : RESULT,group=C,rep=27,valid=true,submitted=5,started=5,skipped=0,finalRequestId=5,finalSubmitNs=48644382273983,finalEngineEnterNs=48644388015383,finalEngineReturnNs=48645159334683,finalPublicationNs=48645166773283,finalStartNs=5741400,finalRuntimeNs=771319300,finalPublicationLatencyNs=784499300,activeAtFinalSubmission=1,peakConcurrency=1,obsoleteDrainNs=2511000,obsoleteCancelled=4,obsoleteCompleted=0,engineOnMain=false,finalEngineThread=DefaultDispatcher-worker-2,publicationThread=main
09-23 21:08:57.821 15143 15143 I D06M04  : EVENT,type=submit,id=1,label=initial,at=48645173822783,thread=main,active=0
09-23 21:08:57.825 15143 15161 I D06M04  : EVENT,type=body,ordinal=1,requestId=1,at=48645177626783,thread=DefaultDispatcher-worker-2
09-23 21:08:57.828 15143 15161 I D06M04  : EVENT,type=engine-enter,ordinal=1,requestId=1,at=48645180196683,thread=DefaultDispatcher-worker-2,active=1
09-23 21:08:58.043 15143 15143 I D06M04  : EVENT,type=submit,id=2,label=burst-1,at=48645396097983,thread=main,active=1
09-23 21:08:58.044 15143 15161 I D06M04  : EVENT,type=engine-return,ordinal=1,requestId=1,at=48645396478083,thread=DefaultDispatcher-worker-2,active=0
09-23 21:08:58.049 15143 15161 I D06M04  : EVENT,type=body,ordinal=2,requestId=2,at=48645401411783,thread=DefaultDispatcher-worker-2
09-23 21:08:58.049 15143 15161 I D06M04  : EVENT,type=engine-enter,ordinal=2,requestId=2,at=48645401790083,thread=DefaultDispatcher-worker-2,active=1
09-23 21:08:58.246 15143 15143 I D06M04  : EVENT,type=submit,id=3,label=burst-2,at=48645598549383,thread=main,active=1
09-23 21:08:58.249 15143 15161 I D06M04  : EVENT,type=engine-return,ordinal=2,requestId=2,at=48645601289683,thread=DefaultDispatcher-worker-2,active=0
09-23 21:08:58.251 15143 15161 I D06M04  : EVENT,type=body,ordinal=3,requestId=3,at=48645603601783,thread=DefaultDispatcher-worker-2
09-23 21:08:58.251 15143 15161 I D06M04  : EVENT,type=engine-enter,ordinal=3,requestId=3,at=48645603806283,thread=DefaultDispatcher-worker-2,active=1
09-23 21:08:58.463 15143 15143 I D06M04  : EVENT,type=submit,id=4,label=burst-3,at=48645815634483,thread=main,active=1
09-23 21:08:58.466 15143 15161 I D06M04  : EVENT,type=engine-return,ordinal=3,requestId=3,at=48645818989683,thread=DefaultDispatcher-worker-2,active=0
09-23 21:08:58.468 15143 15161 I D06M04  : EVENT,type=body,ordinal=4,requestId=4,at=48645821078983,thread=DefaultDispatcher-worker-2
09-23 21:08:58.469 15143 15161 I D06M04  : EVENT,type=engine-enter,ordinal=4,requestId=4,at=48645821409383,thread=DefaultDispatcher-worker-2,active=1
09-23 21:08:58.681 15143 15143 I D06M04  : EVENT,type=submit,id=5,label=burst-final,at=48646033929083,thread=main,active=1
09-23 21:08:58.682 15143 15161 I D06M04  : EVENT,type=engine-return,ordinal=4,requestId=4,at=48646034866483,thread=DefaultDispatcher-worker-2,active=0
09-23 21:08:58.688 15143 15161 I D06M04  : EVENT,type=body,ordinal=5,requestId=5,at=48646040708783,thread=DefaultDispatcher-worker-2
09-23 21:08:58.688 15143 15161 I D06M04  : EVENT,type=engine-enter,ordinal=5,requestId=5,at=48646041078383,thread=DefaultDispatcher-worker-2,active=1
09-23 21:08:59.460 15143 15161 I D06M04  : EVENT,type=engine-return,ordinal=5,requestId=5,at=48646812824383,thread=DefaultDispatcher-worker-2,active=0
09-23 21:08:59.460 15143 15161 I D06M04  : EVENT,type=calculator-return,ordinal=5,requestId=5,at=48646813015983,thread=DefaultDispatcher-worker-2
09-23 21:08:59.461 15143 15143 I D06M04  : EVENT,type=publication,ordinal=5,requestId=5,at=48646813521683,thread=main
09-23 21:08:59.463 15143 15159 I D06M04  : RESULT,group=C,rep=28,valid=true,submitted=5,started=5,skipped=0,finalRequestId=5,finalSubmitNs=48646033929083,finalEngineEnterNs=48646041078383,finalEngineReturnNs=48646812824383,finalPublicationNs=48646813521683,finalStartNs=7149300,finalRuntimeNs=771746000,finalPublicationLatencyNs=779592600,activeAtFinalSubmission=1,peakConcurrency=1,obsoleteDrainNs=937400,obsoleteCancelled=4,obsoleteCompleted=0,engineOnMain=false,finalEngineThread=DefaultDispatcher-worker-2,publicationThread=main
09-23 21:08:59.465 15143 15143 I D06M04  : EVENT,type=submit,id=1,label=initial,at=48646817202783,thread=main,active=0
09-23 21:08:59.469 15143 15161 I D06M04  : EVENT,type=body,ordinal=1,requestId=1,at=48646821613083,thread=DefaultDispatcher-worker-2
09-23 21:08:59.469 15143 15161 I D06M04  : EVENT,type=engine-enter,ordinal=1,requestId=1,at=48646821870783,thread=DefaultDispatcher-worker-2,active=1
09-23 21:08:59.682 15143 15143 I D06M04  : EVENT,type=submit,id=2,label=burst-1,at=48647034598983,thread=main,active=1
09-23 21:08:59.682 15143 15161 I D06M04  : EVENT,type=engine-return,ordinal=1,requestId=1,at=48647035042983,thread=DefaultDispatcher-worker-2,active=0
09-23 21:08:59.686 15143 15161 I D06M04  : EVENT,type=body,ordinal=2,requestId=2,at=48647038867683,thread=DefaultDispatcher-worker-2
09-23 21:08:59.687 15143 15161 I D06M04  : EVENT,type=engine-enter,ordinal=2,requestId=2,at=48647039226483,thread=DefaultDispatcher-worker-2,active=1
09-23 21:08:59.886 15143 15143 I D06M04  : EVENT,type=submit,id=3,label=burst-2,at=48647239051283,thread=main,active=1
09-23 21:08:59.887 15143 15161 I D06M04  : EVENT,type=engine-return,ordinal=2,requestId=2,at=48647239635083,thread=DefaultDispatcher-worker-2,active=0
09-23 21:08:59.891 15143 15161 I D06M04  : EVENT,type=body,ordinal=3,requestId=3,at=48647243333183,thread=DefaultDispatcher-worker-2
09-23 21:08:59.891 15143 15161 I D06M04  : EVENT,type=engine-enter,ordinal=3,requestId=3,at=48647243664783,thread=DefaultDispatcher-worker-2,active=1
09-23 21:09:00.089 15143 15143 I D06M04  : EVENT,type=submit,id=4,label=burst-3,at=48647441789283,thread=main,active=1
09-23 21:09:00.090 15143 15161 I D06M04  : EVENT,type=engine-return,ordinal=3,requestId=3,at=48647442338183,thread=DefaultDispatcher-worker-2,active=0
09-23 21:09:00.093 15143 15161 I D06M04  : EVENT,type=body,ordinal=4,requestId=4,at=48647446071983,thread=DefaultDispatcher-worker-2
09-23 21:09:00.094 15143 15161 I D06M04  : EVENT,type=engine-enter,ordinal=4,requestId=4,at=48647446435983,thread=DefaultDispatcher-worker-2,active=1
09-23 21:09:00.306 15143 15143 I D06M04  : EVENT,type=submit,id=5,label=burst-final,at=48647658734083,thread=main,active=1
09-23 21:09:00.309 15143 15161 I D06M04  : EVENT,type=engine-return,ordinal=4,requestId=4,at=48647661723683,thread=DefaultDispatcher-worker-2,active=0
09-23 21:09:00.312 15143 15161 I D06M04  : EVENT,type=body,ordinal=5,requestId=5,at=48647664498683,thread=DefaultDispatcher-worker-2
09-23 21:09:00.312 15143 15161 I D06M04  : EVENT,type=engine-enter,ordinal=5,requestId=5,at=48647664668383,thread=DefaultDispatcher-worker-2,active=1
09-23 21:09:01.094 15143 15161 I D06M04  : EVENT,type=engine-return,ordinal=5,requestId=5,at=48648446214683,thread=DefaultDispatcher-worker-2,active=0
09-23 21:09:01.094 15143 15161 I D06M04  : EVENT,type=calculator-return,ordinal=5,requestId=5,at=48648446768183,thread=DefaultDispatcher-worker-2
09-23 21:09:01.098 15143 15143 I D06M04  : EVENT,type=publication,ordinal=5,requestId=5,at=48648450669483,thread=main
09-23 21:09:01.116 15143 15159 I D06M04  : RESULT,group=C,rep=29,valid=true,submitted=5,started=5,skipped=0,finalRequestId=5,finalSubmitNs=48647658734083,finalEngineEnterNs=48647664668383,finalEngineReturnNs=48648446214683,finalPublicationNs=48648450669483,finalStartNs=5934300,finalRuntimeNs=781546300,finalPublicationLatencyNs=791935400,activeAtFinalSubmission=1,peakConcurrency=1,obsoleteDrainNs=2989600,obsoleteCancelled=4,obsoleteCompleted=0,engineOnMain=false,finalEngineThread=DefaultDispatcher-worker-2,publicationThread=main
