--------- beginning of main
09-23 22:19:57.580 16891 16906 I EvoluneD08: D08_M01 SAMPLE dataset=small-1000 metric=interpolation-main-wall index=0 value_ms=1.1611
09-23 22:19:57.580 16891 16906 I EvoluneD08: D08_M01 SAMPLE dataset=small-1000 metric=interpolation-main-wall index=1 value_ms=0.5525
09-23 22:19:57.580 16891 16906 I EvoluneD08: D08_M01 SAMPLE dataset=small-1000 metric=interpolation-main-wall index=2 value_ms=0.9279
09-23 22:19:57.583 16891 16906 I EvoluneD08: D08_M01 SAMPLE dataset=small-1000 metric=interpolation-main-wall index=3 value_ms=1.5528
09-23 22:19:57.586 16891 16906 I EvoluneD08: D08_M01 SAMPLE dataset=small-1000 metric=interpolation-main-wall index=4 value_ms=0.9307
09-23 22:19:57.586 16891 16906 I EvoluneD08: D08_M01 SAMPLE dataset=small-1000 metric=interpolation-main-wall index=5 value_ms=0.6503
09-23 22:19:57.586 16891 16906 I EvoluneD08: D08_M01 SAMPLE dataset=small-1000 metric=interpolation-main-wall index=6 value_ms=0.8252
09-23 22:19:57.586 16891 16906 I EvoluneD08: D08_M01 SAMPLE dataset=small-1000 metric=interpolation-main-wall index=7 value_ms=0.7324
09-23 22:19:57.586 16891 16906 I EvoluneD08: D08_M01 SAMPLE dataset=small-1000 metric=interpolation-main-wall index=8 value_ms=0.7970
09-23 22:19:57.586 16891 16906 I EvoluneD08: D08_M01 SAMPLE dataset=small-1000 metric=interpolation-main-wall index=9 value_ms=0.9311
09-23 22:19:57.586 16891 16906 I EvoluneD08: D08_M01 SAMPLE dataset=small-1000 metric=interpolation-main-wall index=10 value_ms=0.9372
09-23 22:19:57.589 16891 16906 I EvoluneD08: D08_M01 SAMPLE dataset=small-1000 metric=interpolation-main-wall index=11 value_ms=1.1146
09-23 22:19:57.591 16891 16906 I EvoluneD08: D08_M01 SAMPLE dataset=small-1000 metric=interpolation-main-wall index=12 value_ms=1.0145
09-23 22:19:57.592 16891 16906 I EvoluneD08: D08_M01 SAMPLE dataset=small-1000 metric=interpolation-main-wall index=13 value_ms=1.1221
09-23 22:19:57.593 16891 16906 I EvoluneD08: D08_M01 SAMPLE dataset=small-1000 metric=interpolation-main-wall index=14 value_ms=2.5057
09-23 22:19:57.595 16891 16906 I EvoluneD08: D08_M01 SAMPLE dataset=small-1000 metric=interpolation-main-wall index=15 value_ms=1.0788
09-23 22:19:57.596 16891 16906 I EvoluneD08: D08_M01 SAMPLE dataset=small-1000 metric=interpolation-main-wall index=16 value_ms=0.8089
09-23 22:19:57.602 16891 16906 I EvoluneD08: D08_M01 SAMPLE dataset=small-1000 metric=interpolation-main-wall index=17 value_ms=1.9953
09-23 22:19:57.602 16891 16906 I EvoluneD08: D08_M01 SAMPLE dataset=small-1000 metric=interpolation-main-wall index=18 value_ms=0.9342
09-23 22:19:57.605 16891 16906 I EvoluneD08: D08_M01 SAMPLE dataset=small-1000 metric=interpolation-main-wall index=19 value_ms=0.9584
09-23 22:19:57.605 16891 16906 I EvoluneD08: D08_M01 SAMPLE dataset=small-1000 metric=interpolation-main-wall index=20 value_ms=0.5662
09-23 22:19:57.605 16891 16906 I EvoluneD08: D08_M01 SAMPLE dataset=small-1000 metric=interpolation-main-wall index=21 value_ms=0.8017
09-23 22:19:57.605 16891 16906 I EvoluneD08: D08_M01 SAMPLE dataset=small-1000 metric=interpolation-main-wall index=22 value_ms=1.0415
09-23 22:19:57.605 16891 16906 I EvoluneD08: D08_M01 SAMPLE dataset=small-1000 metric=interpolation-main-wall index=23 value_ms=0.8107
09-23 22:19:57.606 16891 16906 I EvoluneD08: D08_M01 SAMPLE dataset=small-1000 metric=interpolation-main-wall index=24 value_ms=0.7725
09-23 22:19:57.606 16891 16906 I EvoluneD08: D08_M01 SAMPLE dataset=small-1000 metric=interpolation-main-wall index=25 value_ms=0.7448
09-23 22:19:57.606 16891 16906 I EvoluneD08: D08_M01 SAMPLE dataset=small-1000 metric=interpolation-main-wall index=26 value_ms=0.7525
09-23 22:19:57.606 16891 16906 I EvoluneD08: D08_M01 SAMPLE dataset=small-1000 metric=interpolation-main-wall index=27 value_ms=0.4680
09-23 22:19:57.606 16891 16906 I EvoluneD08: D08_M01 SAMPLE dataset=small-1000 metric=interpolation-main-wall index=28 value_ms=0.6341
09-23 22:19:57.606 16891 16906 I EvoluneD08: D08_M01 SAMPLE dataset=small-1000 metric=interpolation-main-wall index=29 value_ms=0.2461
09-23 22:19:57.606 16891 16906 I EvoluneD08: D08_M01 SAMPLE dataset=small-1000 metric=interpolation-main-wall index=30 value_ms=0.7028
09-23 22:19:57.606 16891 16906 I EvoluneD08: D08_M01 SAMPLE dataset=small-1000 metric=interpolation-main-wall index=31 value_ms=0.3487
09-23 22:19:57.606 16891 16906 I EvoluneD08: D08_M01 SAMPLE dataset=small-1000 metric=interpolation-main-wall index=32 value_ms=0.3455
09-23 22:19:57.606 16891 16906 I EvoluneD08: D08_M01 SAMPLE dataset=small-1000 metric=interpolation-main-wall index=33 value_ms=0.2835
09-23 22:19:57.606 16891 16906 I EvoluneD08: D08_M01 SAMPLE dataset=small-1000 metric=interpolation-main-wall index=34 value_ms=0.2820
09-23 22:19:57.607 16891 16906 I EvoluneD08: D08_M01 SAMPLE dataset=small-1000 metric=interpolation-main-wall index=35 value_ms=0.2867
09-23 22:19:57.607 16891 16906 I EvoluneD08: D08_M01 SAMPLE dataset=small-1000 metric=interpolation-main-wall index=36 value_ms=0.2340
09-23 22:19:57.607 16891 16906 I EvoluneD08: D08_M01 SAMPLE dataset=small-1000 metric=interpolation-main-wall index=37 value_ms=0.2677
09-23 22:19:57.607 16891 16906 I EvoluneD08: D08_M01 SAMPLE dataset=small-1000 metric=interpolation-main-wall index=38 value_ms=0.3336
09-23 22:19:57.607 16891 16906 I EvoluneD08: D08_M01 SAMPLE dataset=small-1000 metric=interpolation-main-wall index=39 value_ms=0.4136
09-23 22:19:57.610 16891 16906 I EvoluneD08: D08_M01 SAMPLE dataset=small-1000 metric=interpolation-main-wall index=40 value_ms=0.4104
09-23 22:19:57.610 16891 16906 I EvoluneD08: D08_M01 SAMPLE dataset=small-1000 metric=interpolation-main-wall index=41 value_ms=0.6178
09-23 22:19:57.614 16891 16906 I EvoluneD08: D08_M01 SAMPLE dataset=small-1000 metric=interpolation-main-wall index=42 value_ms=0.1162
09-23 22:19:57.614 16891 16906 I EvoluneD08: D08_M01 SAMPLE dataset=small-1000 metric=interpolation-main-wall index=43 value_ms=0.1161
09-23 22:19:57.615 16891 16906 I EvoluneD08: D08_M01 SAMPLE dataset=small-1000 metric=interpolation-main-wall index=44 value_ms=0.1160
09-23 22:19:57.616 16891 16906 I EvoluneD08: D08_M01 SAMPLE dataset=small-1000 metric=interpolation-main-wall index=45 value_ms=0.1480
09-23 22:19:57.616 16891 16906 I EvoluneD08: D08_M01 SAMPLE dataset=small-1000 metric=interpolation-main-wall index=46 value_ms=0.0972
09-23 22:19:57.619 16891 16906 I EvoluneD08: D08_M01 SAMPLE dataset=small-1000 metric=interpolation-main-wall index=47 value_ms=0.0953
09-23 22:19:57.619 16891 16906 I EvoluneD08: D08_M01 SAMPLE dataset=small-1000 metric=interpolation-main-wall index=48 value_ms=0.0611
09-23 22:19:57.622 16891 16906 I EvoluneD08: D08_M01 SAMPLE dataset=small-1000 metric=interpolation-main-wall index=49 value_ms=0.0610
09-23 22:19:57.622 16891 16906 I EvoluneD08: D08_M01 SAMPLE dataset=small-1000 metric=interpolation-main-wall index=50 value_ms=0.0610
09-23 22:19:57.624 16891 16906 I EvoluneD08: D08_M01 SAMPLE dataset=small-1000 metric=interpolation-main-wall index=51 value_ms=0.0610
09-23 22:19:57.629 16891 16906 I EvoluneD08: D08_M01 SAMPLE dataset=small-1000 metric=interpolation-main-wall index=52 value_ms=0.0610
09-23 22:19:57.629 16891 16906 I EvoluneD08: D08_M01 SAMPLE dataset=small-1000 metric=interpolation-main-wall index=53 value_ms=0.0610
09-23 22:19:57.629 16891 16906 I EvoluneD08: D08_M01 SAMPLE dataset=small-1000 metric=interpolation-main-wall index=54 value_ms=0.0613
09-23 22:19:57.631 16891 16906 I EvoluneD08: D08_M01 SAMPLE dataset=small-1000 metric=interpolation-main-wall index=55 value_ms=0.0610
09-23 22:19:57.633 16891 16906 I EvoluneD08: D08_M01 SAMPLE dataset=small-1000 metric=interpolation-main-wall index=56 value_ms=0.0613
09-23 22:19:57.635 16891 16906 I EvoluneD08: D08_M01 SAMPLE dataset=small-1000 metric=interpolation-main-wall index=57 value_ms=0.0613
09-23 22:19:57.637 16891 16906 I EvoluneD08: D08_M01 SAMPLE dataset=small-1000 metric=interpolation-main-wall index=58 value_ms=0.0623
09-23 22:19:57.638 16891 16906 I EvoluneD08: D08_M01 SAMPLE dataset=small-1000 metric=interpolation-main-wall index=59 value_ms=0.0609
09-23 22:19:57.639 16891 16906 I EvoluneD08: D08_M01 small-1000 interpolation-main-wall n=60 min_ms=0.0609 max_ms=2.5057 mean_ms=0.5720 median_ms=0.4680 p95_ms=1.1611
09-23 22:19:57.641 16891 16906 I EvoluneD08: D08_M01 SAMPLE dataset=small-1000 metric=interpolation-main-cpu index=0 value_ms=1.0118
09-23 22:19:57.643 16891 16906 I EvoluneD08: D08_M01 SAMPLE dataset=small-1000 metric=interpolation-main-cpu index=1 value_ms=0.5449
09-23 22:19:57.646 16891 16906 I EvoluneD08: D08_M01 SAMPLE dataset=small-1000 metric=interpolation-main-cpu index=2 value_ms=0.9205
09-23 22:19:57.647 16891 16906 I EvoluneD08: D08_M01 SAMPLE dataset=small-1000 metric=interpolation-main-cpu index=3 value_ms=1.0151
09-23 22:19:57.647 16891 16906 I EvoluneD08: D08_M01 SAMPLE dataset=small-1000 metric=interpolation-main-cpu index=4 value_ms=0.9167
09-23 22:19:57.647 16891 16906 I EvoluneD08: D08_M01 SAMPLE dataset=small-1000 metric=interpolation-main-cpu index=5 value_ms=0.6480
09-23 22:19:57.653 16891 16906 I EvoluneD08: D08_M01 SAMPLE dataset=small-1000 metric=interpolation-main-cpu index=6 value_ms=0.8143
09-23 22:19:57.654 16891 16906 I EvoluneD08: D08_M01 SAMPLE dataset=small-1000 metric=interpolation-main-cpu index=7 value_ms=0.5671
09-23 22:19:57.655 16891 16906 I EvoluneD08: D08_M01 SAMPLE dataset=small-1000 metric=interpolation-main-cpu index=8 value_ms=0.7862
09-23 22:19:57.655 16891 16906 I EvoluneD08: D08_M01 SAMPLE dataset=small-1000 metric=interpolation-main-cpu index=9 value_ms=0.9233
09-23 22:19:57.661 16891 16906 I EvoluneD08: D08_M01 SAMPLE dataset=small-1000 metric=interpolation-main-cpu index=10 value_ms=0.9271
09-23 22:19:57.661 16891 16906 I EvoluneD08: D08_M01 SAMPLE dataset=small-1000 metric=interpolation-main-cpu index=11 value_ms=0.9819
09-23 22:19:57.665 16891 16906 I EvoluneD08: D08_M01 SAMPLE dataset=small-1000 metric=interpolation-main-cpu index=12 value_ms=0.8769
09-23 22:19:57.665 16891 16906 I EvoluneD08: D08_M01 SAMPLE dataset=small-1000 metric=interpolation-main-cpu index=13 value_ms=0.7466
09-23 22:19:57.666 16891 16906 I EvoluneD08: D08_M01 SAMPLE dataset=small-1000 metric=interpolation-main-cpu index=14 value_ms=1.3674
09-23 22:19:57.672 16891 16906 I EvoluneD08: D08_M01 SAMPLE dataset=small-1000 metric=interpolation-main-cpu index=15 value_ms=0.9195
09-23 22:19:57.672 16891 16906 I EvoluneD08: D08_M01 SAMPLE dataset=small-1000 metric=interpolation-main-cpu index=16 value_ms=0.7688
09-23 22:19:57.673 16891 16906 I EvoluneD08: D08_M01 SAMPLE dataset=small-1000 metric=interpolation-main-cpu index=17 value_ms=1.0206
09-23 22:19:57.674 16891 16906 I EvoluneD08: D08_M01 SAMPLE dataset=small-1000 metric=interpolation-main-cpu index=18 value_ms=0.9228
09-23 22:19:57.675 16891 16906 I EvoluneD08: D08_M01 SAMPLE dataset=small-1000 metric=interpolation-main-cpu index=19 value_ms=0.9481
09-23 22:19:57.675 16891 16906 I EvoluneD08: D08_M01 SAMPLE dataset=small-1000 metric=interpolation-main-cpu index=20 value_ms=0.5587
09-23 22:19:57.675 16891 16906 I EvoluneD08: D08_M01 SAMPLE dataset=small-1000 metric=interpolation-main-cpu index=21 value_ms=0.5955
09-23 22:19:57.675 16891 16906 I EvoluneD08: D08_M01 SAMPLE dataset=small-1000 metric=interpolation-main-cpu index=22 value_ms=0.6536
09-23 22:19:57.677 16891 16906 I EvoluneD08: D08_M01 SAMPLE dataset=small-1000 metric=interpolation-main-cpu index=23 value_ms=0.7960
09-23 22:19:57.677 16891 16906 I EvoluneD08: D08_M01 SAMPLE dataset=small-1000 metric=interpolation-main-cpu index=24 value_ms=0.7624
09-23 22:19:57.679 16891 16906 I EvoluneD08: D08_M01 SAMPLE dataset=small-1000 metric=interpolation-main-cpu index=25 value_ms=0.7090
09-23 22:19:57.681 16891 16906 I EvoluneD08: D08_M01 SAMPLE dataset=small-1000 metric=interpolation-main-cpu index=26 value_ms=0.7200
09-23 22:19:57.683 16891 16906 I EvoluneD08: D08_M01 SAMPLE dataset=small-1000 metric=interpolation-main-cpu index=27 value_ms=0.4584
09-23 22:19:57.684 16891 16906 I EvoluneD08: D08_M01 SAMPLE dataset=small-1000 metric=interpolation-main-cpu index=28 value_ms=0.4740
09-23 22:19:57.684 16891 16906 I EvoluneD08: D08_M01 SAMPLE dataset=small-1000 metric=interpolation-main-cpu index=29 value_ms=0.2389
09-23 22:19:57.684 16891 16906 I EvoluneD08: D08_M01 SAMPLE dataset=small-1000 metric=interpolation-main-cpu index=30 value_ms=0.4099
09-23 22:19:57.684 16891 16906 I EvoluneD08: D08_M01 SAMPLE dataset=small-1000 metric=interpolation-main-cpu index=31 value_ms=0.3272
09-23 22:19:57.684 16891 16906 I EvoluneD08: D08_M01 SAMPLE dataset=small-1000 metric=interpolation-main-cpu index=32 value_ms=0.3239
09-23 22:19:57.684 16891 16906 I EvoluneD08: D08_M01 SAMPLE dataset=small-1000 metric=interpolation-main-cpu index=33 value_ms=0.2727
09-23 22:19:57.684 16891 16906 I EvoluneD08: D08_M01 SAMPLE dataset=small-1000 metric=interpolation-main-cpu index=34 value_ms=0.2646
09-23 22:19:57.684 16891 16906 I EvoluneD08: D08_M01 SAMPLE dataset=small-1000 metric=interpolation-main-cpu index=35 value_ms=0.2693
09-23 22:19:57.684 16891 16906 I EvoluneD08: D08_M01 SAMPLE dataset=small-1000 metric=interpolation-main-cpu index=36 value_ms=0.2261
09-23 22:19:57.684 16891 16906 I EvoluneD08: D08_M01 SAMPLE dataset=small-1000 metric=interpolation-main-cpu index=37 value_ms=0.2533
09-23 22:19:57.685 16891 16906 I EvoluneD08: D08_M01 SAMPLE dataset=small-1000 metric=interpolation-main-cpu index=38 value_ms=0.3110
09-23 22:19:57.685 16891 16906 I EvoluneD08: D08_M01 SAMPLE dataset=small-1000 metric=interpolation-main-cpu index=39 value_ms=0.1211
09-23 22:19:57.685 16891 16906 I EvoluneD08: D08_M01 SAMPLE dataset=small-1000 metric=interpolation-main-cpu index=40 value_ms=0.0000
09-23 22:19:57.685 16891 16906 I EvoluneD08: D08_M01 SAMPLE dataset=small-1000 metric=interpolation-main-cpu index=41 value_ms=0.0472
09-23 22:19:57.685 16891 16906 I EvoluneD08: D08_M01 SAMPLE dataset=small-1000 metric=interpolation-main-cpu index=42 value_ms=0.1069
09-23 22:19:57.685 16891 16906 I EvoluneD08: D08_M01 SAMPLE dataset=small-1000 metric=interpolation-main-cpu index=43 value_ms=0.1067
09-23 22:19:57.685 16891 16906 I EvoluneD08: D08_M01 SAMPLE dataset=small-1000 metric=interpolation-main-cpu index=44 value_ms=0.1066
09-23 22:19:57.686 16891 16906 I EvoluneD08: D08_M01 SAMPLE dataset=small-1000 metric=interpolation-main-cpu index=45 value_ms=0.1385
09-23 22:19:57.689 16891 16906 I EvoluneD08: D08_M01 SAMPLE dataset=small-1000 metric=interpolation-main-cpu index=46 value_ms=0.0883
09-23 22:19:57.690 16891 16906 I EvoluneD08: D08_M01 SAMPLE dataset=small-1000 metric=interpolation-main-cpu index=47 value_ms=0.0892
09-23 22:19:57.690 16891 16906 I EvoluneD08: D08_M01 SAMPLE dataset=small-1000 metric=interpolation-main-cpu index=48 value_ms=0.0516
09-23 22:19:57.690 16891 16906 I EvoluneD08: D08_M01 SAMPLE dataset=small-1000 metric=interpolation-main-cpu index=49 value_ms=0.0516
09-23 22:19:57.690 16891 16906 I EvoluneD08: D08_M01 SAMPLE dataset=small-1000 metric=interpolation-main-cpu index=50 value_ms=0.0517
09-23 22:19:57.691 16891 16906 I EvoluneD08: D08_M01 SAMPLE dataset=small-1000 metric=interpolation-main-cpu index=51 value_ms=0.0516
09-23 22:19:57.691 16891 16906 I EvoluneD08: D08_M01 SAMPLE dataset=small-1000 metric=interpolation-main-cpu index=52 value_ms=0.0517
09-23 22:19:57.691 16891 16906 I EvoluneD08: D08_M01 SAMPLE dataset=small-1000 metric=interpolation-main-cpu index=53 value_ms=0.0516
09-23 22:19:57.691 16891 16906 I EvoluneD08: D08_M01 SAMPLE dataset=small-1000 metric=interpolation-main-cpu index=54 value_ms=0.0519
09-23 22:19:57.692 16891 16906 I EvoluneD08: D08_M01 SAMPLE dataset=small-1000 metric=interpolation-main-cpu index=55 value_ms=0.0517
09-23 22:19:57.692 16891 16906 I EvoluneD08: D08_M01 SAMPLE dataset=small-1000 metric=interpolation-main-cpu index=56 value_ms=0.0520
09-23 22:19:57.692 16891 16906 I EvoluneD08: D08_M01 SAMPLE dataset=small-1000 metric=interpolation-main-cpu index=57 value_ms=0.0518
09-23 22:19:57.692 16891 16906 I EvoluneD08: D08_M01 SAMPLE dataset=small-1000 metric=interpolation-main-cpu index=58 value_ms=0.0529
09-23 22:19:57.692 16891 16906 I EvoluneD08: D08_M01 SAMPLE dataset=small-1000 metric=interpolation-main-cpu index=59 value_ms=0.0515
09-23 22:19:57.692 16891 16906 I EvoluneD08: D08_M01 small-1000 interpolation-main-cpu n=60 min_ms=0.0000 max_ms=1.3674 mean_ms=0.4613 median_ms=0.3272 p95_ms=1.0118
09-23 22:19:57.692 16891 16906 I EvoluneD08: D08_M01 small-1000 resource phase=before gc_count=0 gc_time_ms=0
09-23 22:19:59.790 16891 16906 I EvoluneD08: D08_M01 SAMPLE dataset=small-1000 metric=chart-warm-wall index=0 value_ms=103.1673
09-23 22:19:59.790 16891 16906 I EvoluneD08: D08_M01 SAMPLE dataset=small-1000 metric=chart-warm-wall index=1 value_ms=61.2857
09-23 22:19:59.790 16891 16906 I EvoluneD08: D08_M01 SAMPLE dataset=small-1000 metric=chart-warm-wall index=2 value_ms=61.8808
09-23 22:19:59.790 16891 16906 I EvoluneD08: D08_M01 SAMPLE dataset=small-1000 metric=chart-warm-wall index=3 value_ms=79.5207
09-23 22:19:59.790 16891 16906 I EvoluneD08: D08_M01 SAMPLE dataset=small-1000 metric=chart-warm-wall index=4 value_ms=78.5921
09-23 22:19:59.791 16891 16906 I EvoluneD08: D08_M01 SAMPLE dataset=small-1000 metric=chart-warm-wall index=5 value_ms=59.8322
09-23 22:19:59.791 16891 16906 I EvoluneD08: D08_M01 SAMPLE dataset=small-1000 metric=chart-warm-wall index=6 value_ms=62.4357
09-23 22:19:59.793 16891 16906 I EvoluneD08: D08_M01 SAMPLE dataset=small-1000 metric=chart-warm-wall index=7 value_ms=75.9463
09-23 22:19:59.794 16891 16906 I EvoluneD08: D08_M01 SAMPLE dataset=small-1000 metric=chart-warm-wall index=8 value_ms=63.1220
09-23 22:19:59.794 16891 16906 I EvoluneD08: D08_M01 SAMPLE dataset=small-1000 metric=chart-warm-wall index=9 value_ms=63.4822
09-23 22:19:59.795 16891 16906 I EvoluneD08: D08_M01 SAMPLE dataset=small-1000 metric=chart-warm-wall index=10 value_ms=108.5892
09-23 22:19:59.797 16891 16906 I EvoluneD08: D08_M01 SAMPLE dataset=small-1000 metric=chart-warm-wall index=11 value_ms=64.0203
09-23 22:19:59.797 16891 16906 I EvoluneD08: D08_M01 SAMPLE dataset=small-1000 metric=chart-warm-wall index=12 value_ms=59.8971
09-23 22:19:59.800 16891 16906 I EvoluneD08: D08_M01 SAMPLE dataset=small-1000 metric=chart-warm-wall index=13 value_ms=75.6905
09-23 22:19:59.801 16891 16906 I EvoluneD08: D08_M01 SAMPLE dataset=small-1000 metric=chart-warm-wall index=14 value_ms=63.3987
09-23 22:19:59.804 16891 16906 I EvoluneD08: D08_M01 SAMPLE dataset=small-1000 metric=chart-warm-wall index=15 value_ms=61.2256
09-23 22:19:59.804 16891 16906 I EvoluneD08: D08_M01 SAMPLE dataset=small-1000 metric=chart-warm-wall index=16 value_ms=78.3582
09-23 22:19:59.804 16891 16906 I EvoluneD08: D08_M01 SAMPLE dataset=small-1000 metric=chart-warm-wall index=17 value_ms=65.2755
09-23 22:19:59.807 16891 16906 I EvoluneD08: D08_M01 SAMPLE dataset=small-1000 metric=chart-warm-wall index=18 value_ms=74.1256
09-23 22:19:59.807 16891 16906 I EvoluneD08: D08_M01 SAMPLE dataset=small-1000 metric=chart-warm-wall index=19 value_ms=64.0015
09-23 22:19:59.809 16891 16906 I EvoluneD08: D08_M01 SAMPLE dataset=small-1000 metric=chart-warm-wall index=20 value_ms=77.9236
09-23 22:19:59.810 16891 16906 I EvoluneD08: D08_M01 SAMPLE dataset=small-1000 metric=chart-warm-wall index=21 value_ms=62.9790
09-23 22:19:59.811 16891 16906 I EvoluneD08: D08_M01 SAMPLE dataset=small-1000 metric=chart-warm-wall index=22 value_ms=61.2642
09-23 22:19:59.811 16891 16906 I EvoluneD08: D08_M01 SAMPLE dataset=small-1000 metric=chart-warm-wall index=23 value_ms=62.8615
09-23 22:19:59.813 16891 16906 I EvoluneD08: D08_M01 SAMPLE dataset=small-1000 metric=chart-warm-wall index=24 value_ms=76.9147
09-23 22:19:59.814 16891 16906 I EvoluneD08: D08_M01 SAMPLE dataset=small-1000 metric=chart-warm-wall index=25 value_ms=63.5086
09-23 22:19:59.815 16891 16906 I EvoluneD08: D08_M01 SAMPLE dataset=small-1000 metric=chart-warm-wall index=26 value_ms=60.7967
09-23 22:19:59.817 16891 16906 I EvoluneD08: D08_M01 SAMPLE dataset=small-1000 metric=chart-warm-wall index=27 value_ms=80.1043
09-23 22:19:59.819 16891 16906 I EvoluneD08: D08_M01 SAMPLE dataset=small-1000 metric=chart-warm-wall index=28 value_ms=63.6549
09-23 22:19:59.821 16891 16906 I EvoluneD08: D08_M01 SAMPLE dataset=small-1000 metric=chart-warm-wall index=29 value_ms=61.7116
09-23 22:19:59.821 16891 16906 I EvoluneD08: D08_M01 small-1000 chart-warm-wall n=30 min_ms=59.8322 max_ms=108.5892 mean_ms=69.8522 median_ms=63.5086 p95_ms=103.1673
09-23 22:19:59.822 16891 16906 I EvoluneD08: D08_M01 SAMPLE dataset=small-1000 metric=chart-warm-ui-cpu index=0 value_ms=25.1387
09-23 22:19:59.825 16891 16906 I EvoluneD08: D08_M01 SAMPLE dataset=small-1000 metric=chart-warm-ui-cpu index=1 value_ms=26.5835
09-23 22:19:59.827 16891 16906 I EvoluneD08: D08_M01 SAMPLE dataset=small-1000 metric=chart-warm-ui-cpu index=2 value_ms=26.6187
09-23 22:19:59.829 16891 16906 I EvoluneD08: D08_M01 SAMPLE dataset=small-1000 metric=chart-warm-ui-cpu index=3 value_ms=42.2959
09-23 22:19:59.830 16891 16906 I EvoluneD08: D08_M01 SAMPLE dataset=small-1000 metric=chart-warm-ui-cpu index=4 value_ms=23.7864
09-23 22:19:59.831 16891 16906 I EvoluneD08: D08_M01 SAMPLE dataset=small-1000 metric=chart-warm-ui-cpu index=5 value_ms=25.6854
09-23 22:19:59.831 16891 16906 I EvoluneD08: D08_M01 SAMPLE dataset=small-1000 metric=chart-warm-ui-cpu index=6 value_ms=27.8698
09-23 22:19:59.834 16891 16906 I EvoluneD08: D08_M01 SAMPLE dataset=small-1000 metric=chart-warm-ui-cpu index=7 value_ms=25.6405
09-23 22:19:59.836 16891 16906 I EvoluneD08: D08_M01 SAMPLE dataset=small-1000 metric=chart-warm-ui-cpu index=8 value_ms=25.2868
09-23 22:19:59.836 16891 16906 I EvoluneD08: D08_M01 SAMPLE dataset=small-1000 metric=chart-warm-ui-cpu index=9 value_ms=19.2701
09-23 22:19:59.838 16891 16906 I EvoluneD08: D08_M01 SAMPLE dataset=small-1000 metric=chart-warm-ui-cpu index=10 value_ms=49.9221
09-23 22:19:59.841 16891 16906 I EvoluneD08: D08_M01 SAMPLE dataset=small-1000 metric=chart-warm-ui-cpu index=11 value_ms=22.8257
09-23 22:19:59.842 16891 16906 I EvoluneD08: D08_M01 SAMPLE dataset=small-1000 metric=chart-warm-ui-cpu index=12 value_ms=22.8244
09-23 22:19:59.844 16891 16906 I EvoluneD08: D08_M01 SAMPLE dataset=small-1000 metric=chart-warm-ui-cpu index=13 value_ms=37.1759
09-23 22:19:59.845 16891 16906 I EvoluneD08: D08_M01 SAMPLE dataset=small-1000 metric=chart-warm-ui-cpu index=14 value_ms=26.6544
09-23 22:19:59.848 16891 16906 I EvoluneD08: D08_M01 SAMPLE dataset=small-1000 metric=chart-warm-ui-cpu index=15 value_ms=24.6578
09-23 22:19:59.848 16891 16906 I EvoluneD08: D08_M01 SAMPLE dataset=small-1000 metric=chart-warm-ui-cpu index=16 value_ms=35.7148
09-23 22:19:59.848 16891 16906 I EvoluneD08: D08_M01 SAMPLE dataset=small-1000 metric=chart-warm-ui-cpu index=17 value_ms=25.1382
09-23 22:19:59.849 16891 16906 I EvoluneD08: D08_M01 SAMPLE dataset=small-1000 metric=chart-warm-ui-cpu index=18 value_ms=35.0782
09-23 22:19:59.849 16891 16906 I EvoluneD08: D08_M01 SAMPLE dataset=small-1000 metric=chart-warm-ui-cpu index=19 value_ms=25.0684
09-23 22:19:59.851 16891 16906 I EvoluneD08: D08_M01 SAMPLE dataset=small-1000 metric=chart-warm-ui-cpu index=20 value_ms=23.7985
09-23 22:19:59.851 16891 16906 I EvoluneD08: D08_M01 SAMPLE dataset=small-1000 metric=chart-warm-ui-cpu index=21 value_ms=25.0921
09-23 22:19:59.853 16891 16906 I EvoluneD08: D08_M01 SAMPLE dataset=small-1000 metric=chart-warm-ui-cpu index=22 value_ms=23.1079
09-23 22:19:59.854 16891 16906 I EvoluneD08: D08_M01 SAMPLE dataset=small-1000 metric=chart-warm-ui-cpu index=23 value_ms=28.4477
09-23 22:19:59.856 16891 16906 I EvoluneD08: D08_M01 SAMPLE dataset=small-1000 metric=chart-warm-ui-cpu index=24 value_ms=24.6600
09-23 22:19:59.856 16891 16906 I EvoluneD08: D08_M01 SAMPLE dataset=small-1000 metric=chart-warm-ui-cpu index=25 value_ms=26.3254
09-23 22:19:59.857 16891 16906 I EvoluneD08: D08_M01 SAMPLE dataset=small-1000 metric=chart-warm-ui-cpu index=26 value_ms=24.5180
09-23 22:19:59.858 16891 16906 I EvoluneD08: D08_M01 SAMPLE dataset=small-1000 metric=chart-warm-ui-cpu index=27 value_ms=35.7145
09-23 22:19:59.858 16891 16906 I EvoluneD08: D08_M01 SAMPLE dataset=small-1000 metric=chart-warm-ui-cpu index=28 value_ms=22.0376
09-23 22:19:59.861 16891 16906 I EvoluneD08: D08_M01 SAMPLE dataset=small-1000 metric=chart-warm-ui-cpu index=29 value_ms=24.3852
09-23 22:19:59.862 16891 16906 I EvoluneD08: D08_M01 small-1000 chart-warm-ui-cpu n=30 min_ms=19.2701 max_ms=49.9221 mean_ms=27.7108 median_ms=25.1387 p95_ms=42.2959
09-23 22:19:59.863 16891 16906 I EvoluneD08: D08_M01 small-1000 resource phase=after gc_count=0 gc_time_ms=0
09-23 22:20:00.005 16891 16906 I EvoluneD08: D08_M01 SAMPLE dataset=representative-8641 metric=interpolation-main-wall index=0 value_ms=0.3505
09-23 22:20:00.009 16891 16906 I EvoluneD08: D08_M01 SAMPLE dataset=representative-8641 metric=interpolation-main-wall index=1 value_ms=0.2840
09-23 22:20:00.009 16891 16906 I EvoluneD08: D08_M01 SAMPLE dataset=representative-8641 metric=interpolation-main-wall index=2 value_ms=0.2073
09-23 22:20:00.009 16891 16906 I EvoluneD08: D08_M01 SAMPLE dataset=representative-8641 metric=interpolation-main-wall index=3 value_ms=0.2476
09-23 22:20:00.009 16891 16906 I EvoluneD08: D08_M01 SAMPLE dataset=representative-8641 metric=interpolation-main-wall index=4 value_ms=0.2430
09-23 22:20:00.009 16891 16906 I EvoluneD08: D08_M01 SAMPLE dataset=representative-8641 metric=interpolation-main-wall index=5 value_ms=0.2099
09-23 22:20:00.009 16891 16906 I EvoluneD08: D08_M01 SAMPLE dataset=representative-8641 metric=interpolation-main-wall index=6 value_ms=0.2463
09-23 22:20:00.009 16891 16906 I EvoluneD08: D08_M01 SAMPLE dataset=representative-8641 metric=interpolation-main-wall index=7 value_ms=0.2096
09-23 22:20:00.009 16891 16906 I EvoluneD08: D08_M01 SAMPLE dataset=representative-8641 metric=interpolation-main-wall index=8 value_ms=0.2105
09-23 22:20:00.010 16891 16906 I EvoluneD08: D08_M01 SAMPLE dataset=representative-8641 metric=interpolation-main-wall index=9 value_ms=0.2065
09-23 22:20:00.011 16891 16906 I EvoluneD08: D08_M01 SAMPLE dataset=representative-8641 metric=interpolation-main-wall index=10 value_ms=0.2611
09-23 22:20:00.014 16891 16906 I EvoluneD08: D08_M01 SAMPLE dataset=representative-8641 metric=interpolation-main-wall index=11 value_ms=0.2555
09-23 22:20:00.017 16891 16906 I EvoluneD08: D08_M01 SAMPLE dataset=representative-8641 metric=interpolation-main-wall index=12 value_ms=0.2077
09-23 22:20:00.019 16891 16906 I EvoluneD08: D08_M01 SAMPLE dataset=representative-8641 metric=interpolation-main-wall index=13 value_ms=0.2184
09-23 22:20:00.021 16891 16906 I EvoluneD08: D08_M01 SAMPLE dataset=representative-8641 metric=interpolation-main-wall index=14 value_ms=0.2044
09-23 22:20:00.023 16891 16906 I EvoluneD08: D08_M01 SAMPLE dataset=representative-8641 metric=interpolation-main-wall index=15 value_ms=0.2044
09-23 22:20:00.023 16891 16906 I EvoluneD08: D08_M01 SAMPLE dataset=representative-8641 metric=interpolation-main-wall index=16 value_ms=0.2042
09-23 22:20:00.027 16891 16906 I EvoluneD08: D08_M01 SAMPLE dataset=representative-8641 metric=interpolation-main-wall index=17 value_ms=0.2045
09-23 22:20:00.028 16891 16906 I EvoluneD08: D08_M01 SAMPLE dataset=representative-8641 metric=interpolation-main-wall index=18 value_ms=0.2050
09-23 22:20:00.030 16891 16906 I EvoluneD08: D08_M01 SAMPLE dataset=representative-8641 metric=interpolation-main-wall index=19 value_ms=0.2336
09-23 22:20:00.033 16891 16906 I EvoluneD08: D08_M01 SAMPLE dataset=representative-8641 metric=interpolation-main-wall index=20 value_ms=0.2087
09-23 22:20:00.034 16891 16906 I EvoluneD08: D08_M01 SAMPLE dataset=representative-8641 metric=interpolation-main-wall index=21 value_ms=0.2054
09-23 22:20:00.034 16891 16906 I EvoluneD08: D08_M01 SAMPLE dataset=representative-8641 metric=interpolation-main-wall index=22 value_ms=0.2183
09-23 22:20:00.034 16891 16906 I EvoluneD08: D08_M01 SAMPLE dataset=representative-8641 metric=interpolation-main-wall index=23 value_ms=0.2391
09-23 22:20:00.034 16891 16906 I EvoluneD08: D08_M01 SAMPLE dataset=representative-8641 metric=interpolation-main-wall index=24 value_ms=0.2082
09-23 22:20:00.034 16891 16906 I EvoluneD08: D08_M01 SAMPLE dataset=representative-8641 metric=interpolation-main-wall index=25 value_ms=0.2082
09-23 22:20:00.034 16891 16906 I EvoluneD08: D08_M01 SAMPLE dataset=representative-8641 metric=interpolation-main-wall index=26 value_ms=0.2081
09-23 22:20:00.034 16891 16906 I EvoluneD08: D08_M01 SAMPLE dataset=representative-8641 metric=interpolation-main-wall index=27 value_ms=0.2096
09-23 22:20:00.034 16891 16906 I EvoluneD08: D08_M01 SAMPLE dataset=representative-8641 metric=interpolation-main-wall index=28 value_ms=0.2099
09-23 22:20:00.034 16891 16906 I EvoluneD08: D08_M01 SAMPLE dataset=representative-8641 metric=interpolation-main-wall index=29 value_ms=0.2095
09-23 22:20:00.034 16891 16906 I EvoluneD08: D08_M01 SAMPLE dataset=representative-8641 metric=interpolation-main-wall index=30 value_ms=0.2198
09-23 22:20:00.034 16891 16906 I EvoluneD08: D08_M01 SAMPLE dataset=representative-8641 metric=interpolation-main-wall index=31 value_ms=0.2112
09-23 22:20:00.034 16891 16906 I EvoluneD08: D08_M01 SAMPLE dataset=representative-8641 metric=interpolation-main-wall index=32 value_ms=0.2168
09-23 22:20:00.034 16891 16906 I EvoluneD08: D08_M01 SAMPLE dataset=representative-8641 metric=interpolation-main-wall index=33 value_ms=0.2147
09-23 22:20:00.034 16891 16906 I EvoluneD08: D08_M01 SAMPLE dataset=representative-8641 metric=interpolation-main-wall index=34 value_ms=0.2098
09-23 22:20:00.035 16891 16906 I EvoluneD08: D08_M01 SAMPLE dataset=representative-8641 metric=interpolation-main-wall index=35 value_ms=0.2098
09-23 22:20:00.035 16891 16906 I EvoluneD08: D08_M01 SAMPLE dataset=representative-8641 metric=interpolation-main-wall index=36 value_ms=0.2097
09-23 22:20:00.035 16891 16906 I EvoluneD08: D08_M01 SAMPLE dataset=representative-8641 metric=interpolation-main-wall index=37 value_ms=0.2091
09-23 22:20:00.035 16891 16906 I EvoluneD08: D08_M01 SAMPLE dataset=representative-8641 metric=interpolation-main-wall index=38 value_ms=0.2090
09-23 22:20:00.035 16891 16906 I EvoluneD08: D08_M01 SAMPLE dataset=representative-8641 metric=interpolation-main-wall index=39 value_ms=0.2148
09-23 22:20:00.035 16891 16906 I EvoluneD08: D08_M01 SAMPLE dataset=representative-8641 metric=interpolation-main-wall index=40 value_ms=0.3463
09-23 22:20:00.035 16891 16906 I EvoluneD08: D08_M01 SAMPLE dataset=representative-8641 metric=interpolation-main-wall index=41 value_ms=0.3615
09-23 22:20:00.035 16891 16906 I EvoluneD08: D08_M01 SAMPLE dataset=representative-8641 metric=interpolation-main-wall index=42 value_ms=0.2379
09-23 22:20:00.039 16891 16906 I EvoluneD08: D08_M01 SAMPLE dataset=representative-8641 metric=interpolation-main-wall index=43 value_ms=0.2089
09-23 22:20:00.040 16891 16906 I EvoluneD08: D08_M01 SAMPLE dataset=representative-8641 metric=interpolation-main-wall index=44 value_ms=0.2073
09-23 22:20:00.041 16891 16906 I EvoluneD08: D08_M01 SAMPLE dataset=representative-8641 metric=interpolation-main-wall index=45 value_ms=0.2077
09-23 22:20:00.042 16891 16906 I EvoluneD08: D08_M01 SAMPLE dataset=representative-8641 metric=interpolation-main-wall index=46 value_ms=0.2177
09-23 22:20:00.042 16891 16906 I EvoluneD08: D08_M01 SAMPLE dataset=representative-8641 metric=interpolation-main-wall index=47 value_ms=0.2064
09-23 22:20:00.048 16891 16906 I EvoluneD08: D08_M01 SAMPLE dataset=representative-8641 metric=interpolation-main-wall index=48 value_ms=0.2067
09-23 22:20:00.048 16891 16906 I EvoluneD08: D08_M01 SAMPLE dataset=representative-8641 metric=interpolation-main-wall index=49 value_ms=0.2067
09-23 22:20:00.049 16891 16906 I EvoluneD08: D08_M01 SAMPLE dataset=representative-8641 metric=interpolation-main-wall index=50 value_ms=0.2071
09-23 22:20:00.051 16891 16906 I EvoluneD08: D08_M01 SAMPLE dataset=representative-8641 metric=interpolation-main-wall index=51 value_ms=0.2065
09-23 22:20:00.053 16891 16906 I EvoluneD08: D08_M01 SAMPLE dataset=representative-8641 metric=interpolation-main-wall index=52 value_ms=0.2080
09-23 22:20:00.057 16891 16906 I EvoluneD08: D08_M01 SAMPLE dataset=representative-8641 metric=interpolation-main-wall index=53 value_ms=0.2087
09-23 22:20:00.057 16891 16906 I EvoluneD08: D08_M01 SAMPLE dataset=representative-8641 metric=interpolation-main-wall index=54 value_ms=0.2320
09-23 22:20:00.058 16891 16906 I EvoluneD08: D08_M01 SAMPLE dataset=representative-8641 metric=interpolation-main-wall index=55 value_ms=0.2239
09-23 22:20:00.061 16891 16906 I EvoluneD08: D08_M01 SAMPLE dataset=representative-8641 metric=interpolation-main-wall index=56 value_ms=0.2083
09-23 22:20:00.063 16891 16906 I EvoluneD08: D08_M01 SAMPLE dataset=representative-8641 metric=interpolation-main-wall index=57 value_ms=0.2078
09-23 22:20:00.065 16891 16906 I EvoluneD08: D08_M01 SAMPLE dataset=representative-8641 metric=interpolation-main-wall index=58 value_ms=0.2082
09-23 22:20:00.067 16891 16906 I EvoluneD08: D08_M01 SAMPLE dataset=representative-8641 metric=interpolation-main-wall index=59 value_ms=0.2082
09-23 22:20:00.068 16891 16906 I EvoluneD08: D08_M01 representative-8641 interpolation-main-wall n=60 min_ms=0.2042 max_ms=0.3615 mean_ms=0.2232 median_ms=0.2095 p95_ms=0.2840
09-23 22:20:00.068 16891 16906 I EvoluneD08: D08_M01 SAMPLE dataset=representative-8641 metric=interpolation-main-cpu index=0 value_ms=0.3323
09-23 22:20:00.068 16891 16906 I EvoluneD08: D08_M01 SAMPLE dataset=representative-8641 metric=interpolation-main-cpu index=1 value_ms=0.2726
09-23 22:20:00.068 16891 16906 I EvoluneD08: D08_M01 SAMPLE dataset=representative-8641 metric=interpolation-main-cpu index=2 value_ms=0.2003
09-23 22:20:00.068 16891 16906 I EvoluneD08: D08_M01 SAMPLE dataset=representative-8641 metric=interpolation-main-cpu index=3 value_ms=0.2264
09-23 22:20:00.068 16891 16906 I EvoluneD08: D08_M01 SAMPLE dataset=representative-8641 metric=interpolation-main-cpu index=4 value_ms=0.2256
09-23 22:20:00.069 16891 16906 I EvoluneD08: D08_M01 SAMPLE dataset=representative-8641 metric=interpolation-main-cpu index=5 value_ms=0.2022
09-23 22:20:00.069 16891 16906 I EvoluneD08: D08_M01 SAMPLE dataset=representative-8641 metric=interpolation-main-cpu index=6 value_ms=0.2261
09-23 22:20:00.069 16891 16906 I EvoluneD08: D08_M01 SAMPLE dataset=representative-8641 metric=interpolation-main-cpu index=7 value_ms=0.2021
09-23 22:20:00.070 16891 16906 I EvoluneD08: D08_M01 SAMPLE dataset=representative-8641 metric=interpolation-main-cpu index=8 value_ms=0.2036
09-23 22:20:00.072 16891 16906 I EvoluneD08: D08_M01 SAMPLE dataset=representative-8641 metric=interpolation-main-cpu index=9 value_ms=0.1996
09-23 22:20:00.074 16891 16906 I EvoluneD08: D08_M01 SAMPLE dataset=representative-8641 metric=interpolation-main-cpu index=10 value_ms=0.2511
09-23 22:20:00.074 16891 16906 I EvoluneD08: D08_M01 SAMPLE dataset=representative-8641 metric=interpolation-main-cpu index=11 value_ms=0.2467
09-23 22:20:00.074 16891 16906 I EvoluneD08: D08_M01 SAMPLE dataset=representative-8641 metric=interpolation-main-cpu index=12 value_ms=0.2007
09-23 22:20:00.074 16891 16906 I EvoluneD08: D08_M01 SAMPLE dataset=representative-8641 metric=interpolation-main-cpu index=13 value_ms=0.2110
09-23 22:20:00.074 16891 16906 I EvoluneD08: D08_M01 SAMPLE dataset=representative-8641 metric=interpolation-main-cpu index=14 value_ms=0.1977
09-23 22:20:00.074 16891 16906 I EvoluneD08: D08_M01 SAMPLE dataset=representative-8641 metric=interpolation-main-cpu index=15 value_ms=0.0000
09-23 22:20:00.074 16891 16906 I EvoluneD08: D08_M01 SAMPLE dataset=representative-8641 metric=interpolation-main-cpu index=16 value_ms=0.0000
09-23 22:20:00.074 16891 16906 I EvoluneD08: D08_M01 SAMPLE dataset=representative-8641 metric=interpolation-main-cpu index=17 value_ms=0.0000
09-23 22:20:00.074 16891 16906 I EvoluneD08: D08_M01 SAMPLE dataset=representative-8641 metric=interpolation-main-cpu index=18 value_ms=0.0000
09-23 22:20:00.074 16891 16906 I EvoluneD08: D08_M01 SAMPLE dataset=representative-8641 metric=interpolation-main-cpu index=19 value_ms=0.0000
09-23 22:20:00.074 16891 16906 I EvoluneD08: D08_M01 SAMPLE dataset=representative-8641 metric=interpolation-main-cpu index=20 value_ms=0.0000
09-23 22:20:00.074 16891 16906 I EvoluneD08: D08_M01 SAMPLE dataset=representative-8641 metric=interpolation-main-cpu index=21 value_ms=0.0000
09-23 22:20:00.075 16891 16906 I EvoluneD08: D08_M01 SAMPLE dataset=representative-8641 metric=interpolation-main-cpu index=22 value_ms=0.0000
09-23 22:20:00.075 16891 16906 I EvoluneD08: D08_M01 SAMPLE dataset=representative-8641 metric=interpolation-main-cpu index=23 value_ms=0.0000
09-23 22:20:00.075 16891 16906 I EvoluneD08: D08_M01 SAMPLE dataset=representative-8641 metric=interpolation-main-cpu index=24 value_ms=0.0000
09-23 22:20:00.075 16891 16906 I EvoluneD08: D08_M01 SAMPLE dataset=representative-8641 metric=interpolation-main-cpu index=25 value_ms=0.0000
09-23 22:20:00.075 16891 16906 I EvoluneD08: D08_M01 SAMPLE dataset=representative-8641 metric=interpolation-main-cpu index=26 value_ms=0.0000
09-23 22:20:00.075 16891 16906 I EvoluneD08: D08_M01 SAMPLE dataset=representative-8641 metric=interpolation-main-cpu index=27 value_ms=0.0000
09-23 22:20:00.075 16891 16906 I EvoluneD08: D08_M01 SAMPLE dataset=representative-8641 metric=interpolation-main-cpu index=28 value_ms=0.0000
09-23 22:20:00.075 16891 16906 I EvoluneD08: D08_M01 SAMPLE dataset=representative-8641 metric=interpolation-main-cpu index=29 value_ms=0.0000
09-23 22:20:00.075 16891 16906 I EvoluneD08: D08_M01 SAMPLE dataset=representative-8641 metric=interpolation-main-cpu index=30 value_ms=0.0000
09-23 22:20:00.079 16891 16906 I EvoluneD08: D08_M01 SAMPLE dataset=representative-8641 metric=interpolation-main-cpu index=31 value_ms=0.0000
09-23 22:20:00.082 16891 16906 I EvoluneD08: D08_M01 SAMPLE dataset=representative-8641 metric=interpolation-main-cpu index=32 value_ms=0.0000
09-23 22:20:00.083 16891 16906 I EvoluneD08: D08_M01 SAMPLE dataset=representative-8641 metric=interpolation-main-cpu index=33 value_ms=0.0000
09-23 22:20:00.083 16891 16906 I EvoluneD08: D08_M01 SAMPLE dataset=representative-8641 metric=interpolation-main-cpu index=34 value_ms=0.0000
09-23 22:20:00.083 16891 16906 I EvoluneD08: D08_M01 SAMPLE dataset=representative-8641 metric=interpolation-main-cpu index=35 value_ms=0.0000
09-23 22:20:00.083 16891 16906 I EvoluneD08: D08_M01 SAMPLE dataset=representative-8641 metric=interpolation-main-cpu index=36 value_ms=0.0000
09-23 22:20:00.085 16891 16906 I EvoluneD08: D08_M01 SAMPLE dataset=representative-8641 metric=interpolation-main-cpu index=37 value_ms=0.0000
09-23 22:20:00.085 16891 16906 I EvoluneD08: D08_M01 SAMPLE dataset=representative-8641 metric=interpolation-main-cpu index=38 value_ms=0.0000
09-23 22:20:00.087 16891 16906 I EvoluneD08: D08_M01 SAMPLE dataset=representative-8641 metric=interpolation-main-cpu index=39 value_ms=0.0000
09-23 22:20:00.090 16891 16906 I EvoluneD08: D08_M01 SAMPLE dataset=representative-8641 metric=interpolation-main-cpu index=40 value_ms=0.0000
09-23 22:20:00.091 16891 16906 I EvoluneD08: D08_M01 SAMPLE dataset=representative-8641 metric=interpolation-main-cpu index=41 value_ms=0.0000
09-23 22:20:00.094 16891 16906 I EvoluneD08: D08_M01 SAMPLE dataset=representative-8641 metric=interpolation-main-cpu index=42 value_ms=0.0000
09-23 22:20:00.096 16891 16906 I EvoluneD08: D08_M01 SAMPLE dataset=representative-8641 metric=interpolation-main-cpu index=43 value_ms=0.0000
09-23 22:20:00.098 16891 16906 I EvoluneD08: D08_M01 SAMPLE dataset=representative-8641 metric=interpolation-main-cpu index=44 value_ms=0.0000
09-23 22:20:00.099 16891 16906 I EvoluneD08: D08_M01 SAMPLE dataset=representative-8641 metric=interpolation-main-cpu index=45 value_ms=0.0000
09-23 22:20:00.104 16891 16906 I EvoluneD08: D08_M01 SAMPLE dataset=representative-8641 metric=interpolation-main-cpu index=46 value_ms=0.0000
09-23 22:20:00.104 16891 16906 I EvoluneD08: D08_M01 SAMPLE dataset=representative-8641 metric=interpolation-main-cpu index=47 value_ms=0.0000
09-23 22:20:00.105 16891 16906 I EvoluneD08: D08_M01 SAMPLE dataset=representative-8641 metric=interpolation-main-cpu index=48 value_ms=0.0000
09-23 22:20:00.106 16891 16906 I EvoluneD08: D08_M01 SAMPLE dataset=representative-8641 metric=interpolation-main-cpu index=49 value_ms=0.0000
09-23 22:20:00.109 16891 16906 I EvoluneD08: D08_M01 SAMPLE dataset=representative-8641 metric=interpolation-main-cpu index=50 value_ms=0.0000
09-23 22:20:00.110 16891 16906 I EvoluneD08: D08_M01 SAMPLE dataset=representative-8641 metric=interpolation-main-cpu index=51 value_ms=0.0000
09-23 22:20:00.110 16891 16906 I EvoluneD08: D08_M01 SAMPLE dataset=representative-8641 metric=interpolation-main-cpu index=52 value_ms=0.0000
09-23 22:20:00.110 16891 16906 I EvoluneD08: D08_M01 SAMPLE dataset=representative-8641 metric=interpolation-main-cpu index=53 value_ms=0.0000
09-23 22:20:00.112 16891 16906 I EvoluneD08: D08_M01 SAMPLE dataset=representative-8641 metric=interpolation-main-cpu index=54 value_ms=0.0000
09-23 22:20:00.113 16891 16906 I EvoluneD08: D08_M01 SAMPLE dataset=representative-8641 metric=interpolation-main-cpu index=55 value_ms=0.0000
09-23 22:20:00.114 16891 16906 I EvoluneD08: D08_M01 SAMPLE dataset=representative-8641 metric=interpolation-main-cpu index=56 value_ms=0.0000
09-23 22:20:00.115 16891 16906 I EvoluneD08: D08_M01 SAMPLE dataset=representative-8641 metric=interpolation-main-cpu index=57 value_ms=0.0000
09-23 22:20:00.118 16891 16906 I EvoluneD08: D08_M01 SAMPLE dataset=representative-8641 metric=interpolation-main-cpu index=58 value_ms=0.0000
09-23 22:20:00.118 16891 16906 I EvoluneD08: D08_M01 SAMPLE dataset=representative-8641 metric=interpolation-main-cpu index=59 value_ms=0.0000
09-23 22:20:00.121 16891 16906 I EvoluneD08: D08_M01 representative-8641 interpolation-main-cpu n=60 min_ms=0.0000 max_ms=0.3323 mean_ms=0.0566 median_ms=0.0000 p95_ms=0.2467
09-23 22:20:00.121 16891 16906 I EvoluneD08: D08_M01 representative-8641 resource phase=before gc_count=0 gc_time_ms=0
09-23 22:20:02.328 16891 16906 I EvoluneD08: D08_M01 SAMPLE dataset=representative-8641 metric=chart-warm-wall index=0 value_ms=62.5901
09-23 22:20:02.328 16891 16906 I EvoluneD08: D08_M01 SAMPLE dataset=representative-8641 metric=chart-warm-wall index=1 value_ms=86.0298
09-23 22:20:02.328 16891 16906 I EvoluneD08: D08_M01 SAMPLE dataset=representative-8641 metric=chart-warm-wall index=2 value_ms=110.1827
09-23 22:20:02.328 16891 16906 I EvoluneD08: D08_M01 SAMPLE dataset=representative-8641 metric=chart-warm-wall index=3 value_ms=76.7427
09-23 22:20:02.330 16891 16906 I EvoluneD08: D08_M01 SAMPLE dataset=representative-8641 metric=chart-warm-wall index=4 value_ms=66.5621
09-23 22:20:02.330 16891 16906 I EvoluneD08: D08_M01 SAMPLE dataset=representative-8641 metric=chart-warm-wall index=5 value_ms=60.2813
09-23 22:20:02.331 16891 16906 I EvoluneD08: D08_M01 SAMPLE dataset=representative-8641 metric=chart-warm-wall index=6 value_ms=94.0292
09-23 22:20:02.333 16891 16906 I EvoluneD08: D08_M01 SAMPLE dataset=representative-8641 metric=chart-warm-wall index=7 value_ms=60.2837
09-23 22:20:02.335 16891 16906 I EvoluneD08: D08_M01 SAMPLE dataset=representative-8641 metric=chart-warm-wall index=8 value_ms=60.3997
09-23 22:20:02.335 16891 16906 I EvoluneD08: D08_M01 SAMPLE dataset=representative-8641 metric=chart-warm-wall index=9 value_ms=79.1396
09-23 22:20:02.335 16891 16906 I EvoluneD08: D08_M01 SAMPLE dataset=representative-8641 metric=chart-warm-wall index=10 value_ms=60.9031
09-23 22:20:02.335 16891 16906 I EvoluneD08: D08_M01 SAMPLE dataset=representative-8641 metric=chart-warm-wall index=11 value_ms=62.2854
09-23 22:20:02.336 16891 16906 I EvoluneD08: D08_M01 SAMPLE dataset=representative-8641 metric=chart-warm-wall index=12 value_ms=110.3103
09-23 22:20:02.336 16891 16906 I EvoluneD08: D08_M01 SAMPLE dataset=representative-8641 metric=chart-warm-wall index=13 value_ms=65.0474
09-23 22:20:02.338 16891 16906 I EvoluneD08: D08_M01 SAMPLE dataset=representative-8641 metric=chart-warm-wall index=14 value_ms=62.1932
09-23 22:20:02.338 16891 16906 I EvoluneD08: D08_M01 SAMPLE dataset=representative-8641 metric=chart-warm-wall index=15 value_ms=62.9937
09-23 22:20:02.338 16891 16906 I EvoluneD08: D08_M01 SAMPLE dataset=representative-8641 metric=chart-warm-wall index=16 value_ms=79.6869
09-23 22:20:02.338 16891 16906 I EvoluneD08: D08_M01 SAMPLE dataset=representative-8641 metric=chart-warm-wall index=17 value_ms=86.9734
09-23 22:20:02.339 16891 16906 I EvoluneD08: D08_M01 SAMPLE dataset=representative-8641 metric=chart-warm-wall index=18 value_ms=63.4824
09-23 22:20:02.339 16891 16906 I EvoluneD08: D08_M01 SAMPLE dataset=representative-8641 metric=chart-warm-wall index=19 value_ms=78.8619
09-23 22:20:02.341 16891 16906 I EvoluneD08: D08_M01 SAMPLE dataset=representative-8641 metric=chart-warm-wall index=20 value_ms=61.8106
09-23 22:20:02.343 16891 16906 I EvoluneD08: D08_M01 SAMPLE dataset=representative-8641 metric=chart-warm-wall index=21 value_ms=62.1174
09-23 22:20:02.343 16891 16906 I EvoluneD08: D08_M01 SAMPLE dataset=representative-8641 metric=chart-warm-wall index=22 value_ms=78.9316
09-23 22:20:02.345 16891 16906 I EvoluneD08: D08_M01 SAMPLE dataset=representative-8641 metric=chart-warm-wall index=23 value_ms=78.8343
09-23 22:20:02.346 16891 16906 I EvoluneD08: D08_M01 SAMPLE dataset=representative-8641 metric=chart-warm-wall index=24 value_ms=63.9001
09-23 22:20:02.346 16891 16906 I EvoluneD08: D08_M01 SAMPLE dataset=representative-8641 metric=chart-warm-wall index=25 value_ms=59.4124
09-23 22:20:02.348 16891 16906 I EvoluneD08: D08_M01 SAMPLE dataset=representative-8641 metric=chart-warm-wall index=26 value_ms=65.3457
09-23 22:20:02.349 16891 16906 I EvoluneD08: D08_M01 SAMPLE dataset=representative-8641 metric=chart-warm-wall index=27 value_ms=75.9389
09-23 22:20:02.350 16891 16906 I EvoluneD08: D08_M01 SAMPLE dataset=representative-8641 metric=chart-warm-wall index=28 value_ms=77.8796
09-23 22:20:02.351 16891 16906 I EvoluneD08: D08_M01 SAMPLE dataset=representative-8641 metric=chart-warm-wall index=29 value_ms=91.1150
09-23 22:20:02.351 16891 16906 I EvoluneD08: D08_M01 representative-8641 chart-warm-wall n=30 min_ms=59.4124 max_ms=110.3103 mean_ms=73.4755 median_ms=65.3457 p95_ms=110.1827
09-23 22:20:02.353 16891 16906 I EvoluneD08: D08_M01 SAMPLE dataset=representative-8641 metric=chart-warm-ui-cpu index=0 value_ms=18.5513
09-23 22:20:02.353 16891 16906 I EvoluneD08: D08_M01 SAMPLE dataset=representative-8641 metric=chart-warm-ui-cpu index=1 value_ms=23.1276
09-23 22:20:02.354 16891 16906 I EvoluneD08: D08_M01 SAMPLE dataset=representative-8641 metric=chart-warm-ui-cpu index=2 value_ms=54.3202
09-23 22:20:02.355 16891 16906 I EvoluneD08: D08_M01 SAMPLE dataset=representative-8641 metric=chart-warm-ui-cpu index=3 value_ms=26.8773
09-23 22:20:02.357 16891 16906 I EvoluneD08: D08_M01 SAMPLE dataset=representative-8641 metric=chart-warm-ui-cpu index=4 value_ms=21.9530
09-23 22:20:02.357 16891 16906 I EvoluneD08: D08_M01 SAMPLE dataset=representative-8641 metric=chart-warm-ui-cpu index=5 value_ms=23.4690
09-23 22:20:02.357 16891 16906 I EvoluneD08: D08_M01 SAMPLE dataset=representative-8641 metric=chart-warm-ui-cpu index=6 value_ms=25.9634
09-23 22:20:02.357 16891 16906 I EvoluneD08: D08_M01 SAMPLE dataset=representative-8641 metric=chart-warm-ui-cpu index=7 value_ms=22.3832
09-23 22:20:02.357 16891 16906 I EvoluneD08: D08_M01 SAMPLE dataset=representative-8641 metric=chart-warm-ui-cpu index=8 value_ms=25.0844
09-23 22:20:02.357 16891 16906 I EvoluneD08: D08_M01 SAMPLE dataset=representative-8641 metric=chart-warm-ui-cpu index=9 value_ms=22.6056
09-23 22:20:02.358 16891 16906 I EvoluneD08: D08_M01 SAMPLE dataset=representative-8641 metric=chart-warm-ui-cpu index=10 value_ms=15.4614
09-23 22:20:02.358 16891 16906 I EvoluneD08: D08_M01 SAMPLE dataset=representative-8641 metric=chart-warm-ui-cpu index=11 value_ms=23.4481
09-23 22:20:02.358 16891 16906 I EvoluneD08: D08_M01 SAMPLE dataset=representative-8641 metric=chart-warm-ui-cpu index=12 value_ms=49.6929
09-23 22:20:02.359 16891 16906 I EvoluneD08: D08_M01 SAMPLE dataset=representative-8641 metric=chart-warm-ui-cpu index=13 value_ms=20.1424
09-23 22:20:02.359 16891 16906 I EvoluneD08: D08_M01 SAMPLE dataset=representative-8641 metric=chart-warm-ui-cpu index=14 value_ms=26.2762
09-23 22:20:02.361 16891 16906 I EvoluneD08: D08_M01 SAMPLE dataset=representative-8641 metric=chart-warm-ui-cpu index=15 value_ms=27.5842
09-23 22:20:02.361 16891 16906 I EvoluneD08: D08_M01 SAMPLE dataset=representative-8641 metric=chart-warm-ui-cpu index=16 value_ms=26.4555
09-23 22:20:02.363 16891 16906 I EvoluneD08: D08_M01 SAMPLE dataset=representative-8641 metric=chart-warm-ui-cpu index=17 value_ms=31.8672
09-23 22:20:02.363 16891 16906 I EvoluneD08: D08_M01 SAMPLE dataset=representative-8641 metric=chart-warm-ui-cpu index=18 value_ms=28.3793
09-23 22:20:02.363 16891 16906 I EvoluneD08: D08_M01 SAMPLE dataset=representative-8641 metric=chart-warm-ui-cpu index=19 value_ms=22.8297
09-23 22:20:02.363 16891 16906 I EvoluneD08: D08_M01 SAMPLE dataset=representative-8641 metric=chart-warm-ui-cpu index=20 value_ms=18.3393
09-23 22:20:02.363 16891 16906 I EvoluneD08: D08_M01 SAMPLE dataset=representative-8641 metric=chart-warm-ui-cpu index=21 value_ms=21.9912
09-23 22:20:02.363 16891 16906 I EvoluneD08: D08_M01 SAMPLE dataset=representative-8641 metric=chart-warm-ui-cpu index=22 value_ms=29.1067
09-23 22:20:02.364 16891 16906 I EvoluneD08: D08_M01 SAMPLE dataset=representative-8641 metric=chart-warm-ui-cpu index=23 value_ms=18.9165
09-23 22:20:02.365 16891 16906 I EvoluneD08: D08_M01 SAMPLE dataset=representative-8641 metric=chart-warm-ui-cpu index=24 value_ms=20.8688
09-23 22:20:02.365 16891 16906 I EvoluneD08: D08_M01 SAMPLE dataset=representative-8641 metric=chart-warm-ui-cpu index=25 value_ms=19.6968
09-23 22:20:02.366 16891 16906 I EvoluneD08: D08_M01 SAMPLE dataset=representative-8641 metric=chart-warm-ui-cpu index=26 value_ms=28.6347
09-23 22:20:02.366 16891 16906 I EvoluneD08: D08_M01 SAMPLE dataset=representative-8641 metric=chart-warm-ui-cpu index=27 value_ms=17.7283
09-23 22:20:02.366 16891 16906 I EvoluneD08: D08_M01 SAMPLE dataset=representative-8641 metric=chart-warm-ui-cpu index=28 value_ms=28.5808
09-23 22:20:02.367 16891 16906 I EvoluneD08: D08_M01 SAMPLE dataset=representative-8641 metric=chart-warm-ui-cpu index=29 value_ms=40.1236
09-23 22:20:02.368 16891 16906 I EvoluneD08: D08_M01 representative-8641 chart-warm-ui-cpu n=30 min_ms=15.4614 max_ms=54.3202 mean_ms=26.0153 median_ms=23.4481 p95_ms=49.6929
09-23 22:21:07.184 16891 16906 I EvoluneD08: D08_M01 SAMPLE dataset=representative-8641 metric=chart-idle-1hz-wall index=0 value_ms=63.2219
09-23 22:21:07.185 16891 16906 I EvoluneD08: D08_M01 SAMPLE dataset=representative-8641 metric=chart-idle-1hz-wall index=1 value_ms=64.7519
09-23 22:21:07.185 16891 16906 I EvoluneD08: D08_M01 SAMPLE dataset=representative-8641 metric=chart-idle-1hz-wall index=2 value_ms=63.2785
09-23 22:21:07.185 16891 16906 I EvoluneD08: D08_M01 SAMPLE dataset=representative-8641 metric=chart-idle-1hz-wall index=3 value_ms=64.6298
09-23 22:21:07.185 16891 16906 I EvoluneD08: D08_M01 SAMPLE dataset=representative-8641 metric=chart-idle-1hz-wall index=4 value_ms=63.3183
09-23 22:21:07.187 16891 16906 I EvoluneD08: D08_M01 SAMPLE dataset=representative-8641 metric=chart-idle-1hz-wall index=5 value_ms=65.4311
09-23 22:21:07.187 16891 16906 I EvoluneD08: D08_M01 SAMPLE dataset=representative-8641 metric=chart-idle-1hz-wall index=6 value_ms=79.2068
09-23 22:21:07.187 16891 16906 I EvoluneD08: D08_M01 SAMPLE dataset=representative-8641 metric=chart-idle-1hz-wall index=7 value_ms=61.9776
09-23 22:21:07.187 16891 16906 I EvoluneD08: D08_M01 SAMPLE dataset=representative-8641 metric=chart-idle-1hz-wall index=8 value_ms=110.8285
09-23 22:21:07.187 16891 16906 I EvoluneD08: D08_M01 SAMPLE dataset=representative-8641 metric=chart-idle-1hz-wall index=9 value_ms=65.1195
09-23 22:21:07.187 16891 16906 I EvoluneD08: D08_M01 SAMPLE dataset=representative-8641 metric=chart-idle-1hz-wall index=10 value_ms=63.4895
09-23 22:21:07.187 16891 16906 I EvoluneD08: D08_M01 SAMPLE dataset=representative-8641 metric=chart-idle-1hz-wall index=11 value_ms=63.5102
09-23 22:21:07.187 16891 16906 I EvoluneD08: D08_M01 SAMPLE dataset=representative-8641 metric=chart-idle-1hz-wall index=12 value_ms=67.1849
09-23 22:21:07.187 16891 16906 I EvoluneD08: D08_M01 SAMPLE dataset=representative-8641 metric=chart-idle-1hz-wall index=13 value_ms=81.7815
09-23 22:21:07.188 16891 16906 I EvoluneD08: D08_M01 SAMPLE dataset=representative-8641 metric=chart-idle-1hz-wall index=14 value_ms=62.5431
09-23 22:21:07.188 16891 16906 I EvoluneD08: D08_M01 SAMPLE dataset=representative-8641 metric=chart-idle-1hz-wall index=15 value_ms=96.6933
09-23 22:21:07.188 16891 16906 I EvoluneD08: D08_M01 SAMPLE dataset=representative-8641 metric=chart-idle-1hz-wall index=16 value_ms=63.2894
09-23 22:21:07.188 16891 16906 I EvoluneD08: D08_M01 SAMPLE dataset=representative-8641 metric=chart-idle-1hz-wall index=17 value_ms=64.5612
09-23 22:21:07.188 16891 16906 I EvoluneD08: D08_M01 SAMPLE dataset=representative-8641 metric=chart-idle-1hz-wall index=18 value_ms=63.1431
09-23 22:21:07.188 16891 16906 I EvoluneD08: D08_M01 SAMPLE dataset=representative-8641 metric=chart-idle-1hz-wall index=19 value_ms=63.7798
09-23 22:21:07.188 16891 16906 I EvoluneD08: D08_M01 SAMPLE dataset=representative-8641 metric=chart-idle-1hz-wall index=20 value_ms=63.9162
09-23 22:21:07.188 16891 16906 I EvoluneD08: D08_M01 SAMPLE dataset=representative-8641 metric=chart-idle-1hz-wall index=21 value_ms=79.0326
09-23 22:21:07.188 16891 16906 I EvoluneD08: D08_M01 SAMPLE dataset=representative-8641 metric=chart-idle-1hz-wall index=22 value_ms=61.6151
09-23 22:21:07.188 16891 16906 I EvoluneD08: D08_M01 SAMPLE dataset=representative-8641 metric=chart-idle-1hz-wall index=23 value_ms=65.1962
09-23 22:21:07.188 16891 16906 I EvoluneD08: D08_M01 SAMPLE dataset=representative-8641 metric=chart-idle-1hz-wall index=24 value_ms=94.9276
09-23 22:21:07.188 16891 16906 I EvoluneD08: D08_M01 SAMPLE dataset=representative-8641 metric=chart-idle-1hz-wall index=25 value_ms=64.0991
09-23 22:21:07.188 16891 16906 I EvoluneD08: D08_M01 SAMPLE dataset=representative-8641 metric=chart-idle-1hz-wall index=26 value_ms=64.2726
09-23 22:21:07.188 16891 16906 I EvoluneD08: D08_M01 SAMPLE dataset=representative-8641 metric=chart-idle-1hz-wall index=27 value_ms=62.5915
09-23 22:21:07.189 16891 16906 I EvoluneD08: D08_M01 SAMPLE dataset=representative-8641 metric=chart-idle-1hz-wall index=28 value_ms=62.9154
09-23 22:21:07.189 16891 16906 I EvoluneD08: D08_M01 SAMPLE dataset=representative-8641 metric=chart-idle-1hz-wall index=29 value_ms=79.2025
09-23 22:21:07.189 16891 16906 I EvoluneD08: D08_M01 SAMPLE dataset=representative-8641 metric=chart-idle-1hz-wall index=30 value_ms=63.4479
09-23 22:21:07.189 16891 16906 I EvoluneD08: D08_M01 SAMPLE dataset=representative-8641 metric=chart-idle-1hz-wall index=31 value_ms=80.2456
09-23 22:21:07.189 16891 16906 I EvoluneD08: D08_M01 SAMPLE dataset=representative-8641 metric=chart-idle-1hz-wall index=32 value_ms=63.8441
09-23 22:21:07.189 16891 16906 I EvoluneD08: D08_M01 SAMPLE dataset=representative-8641 metric=chart-idle-1hz-wall index=33 value_ms=79.0692
09-23 22:21:07.189 16891 16906 I EvoluneD08: D08_M01 SAMPLE dataset=representative-8641 metric=chart-idle-1hz-wall index=34 value_ms=63.4650
09-23 22:21:07.189 16891 16906 I EvoluneD08: D08_M01 SAMPLE dataset=representative-8641 metric=chart-idle-1hz-wall index=35 value_ms=63.7353
09-23 22:21:07.189 16891 16906 I EvoluneD08: D08_M01 SAMPLE dataset=representative-8641 metric=chart-idle-1hz-wall index=36 value_ms=62.3653
09-23 22:21:07.189 16891 16906 I EvoluneD08: D08_M01 SAMPLE dataset=representative-8641 metric=chart-idle-1hz-wall index=37 value_ms=94.3330
09-23 22:21:07.189 16891 16906 I EvoluneD08: D08_M01 SAMPLE dataset=representative-8641 metric=chart-idle-1hz-wall index=38 value_ms=64.4731
09-23 22:21:07.189 16891 16906 I EvoluneD08: D08_M01 SAMPLE dataset=representative-8641 metric=chart-idle-1hz-wall index=39 value_ms=93.0387
09-23 22:21:07.189 16891 16906 I EvoluneD08: D08_M01 SAMPLE dataset=representative-8641 metric=chart-idle-1hz-wall index=40 value_ms=63.5496
09-23 22:21:07.189 16891 16906 I EvoluneD08: D08_M01 SAMPLE dataset=representative-8641 metric=chart-idle-1hz-wall index=41 value_ms=82.9525
09-23 22:21:07.190 16891 16906 I EvoluneD08: D08_M01 SAMPLE dataset=representative-8641 metric=chart-idle-1hz-wall index=42 value_ms=63.6837
09-23 22:21:07.190 16891 16906 I EvoluneD08: D08_M01 SAMPLE dataset=representative-8641 metric=chart-idle-1hz-wall index=43 value_ms=79.4330
09-23 22:21:07.190 16891 16906 I EvoluneD08: D08_M01 SAMPLE dataset=representative-8641 metric=chart-idle-1hz-wall index=44 value_ms=64.6804
09-23 22:21:07.190 16891 16906 I EvoluneD08: D08_M01 SAMPLE dataset=representative-8641 metric=chart-idle-1hz-wall index=45 value_ms=84.0461
09-23 22:21:07.190 16891 16906 I EvoluneD08: D08_M01 SAMPLE dataset=representative-8641 metric=chart-idle-1hz-wall index=46 value_ms=63.4170
09-23 22:21:07.190 16891 16906 I EvoluneD08: D08_M01 SAMPLE dataset=representative-8641 metric=chart-idle-1hz-wall index=47 value_ms=65.7264
09-23 22:21:07.190 16891 16906 I EvoluneD08: D08_M01 SAMPLE dataset=representative-8641 metric=chart-idle-1hz-wall index=48 value_ms=65.5595
09-23 22:21:07.190 16891 16906 I EvoluneD08: D08_M01 SAMPLE dataset=representative-8641 metric=chart-idle-1hz-wall index=49 value_ms=62.3849
09-23 22:21:07.190 16891 16906 I EvoluneD08: D08_M01 SAMPLE dataset=representative-8641 metric=chart-idle-1hz-wall index=50 value_ms=62.7757
09-23 22:21:07.190 16891 16906 I EvoluneD08: D08_M01 SAMPLE dataset=representative-8641 metric=chart-idle-1hz-wall index=51 value_ms=61.3975
09-23 22:21:07.190 16891 16906 I EvoluneD08: D08_M01 SAMPLE dataset=representative-8641 metric=chart-idle-1hz-wall index=52 value_ms=63.8360
09-23 22:21:07.190 16891 16906 I EvoluneD08: D08_M01 SAMPLE dataset=representative-8641 metric=chart-idle-1hz-wall index=53 value_ms=63.0773
09-23 22:21:07.190 16891 16906 I EvoluneD08: D08_M01 SAMPLE dataset=representative-8641 metric=chart-idle-1hz-wall index=54 value_ms=64.5061
09-23 22:21:07.190 16891 16906 I EvoluneD08: D08_M01 SAMPLE dataset=representative-8641 metric=chart-idle-1hz-wall index=55 value_ms=61.5437
09-23 22:21:07.191 16891 16906 I EvoluneD08: D08_M01 SAMPLE dataset=representative-8641 metric=chart-idle-1hz-wall index=56 value_ms=92.1502
09-23 22:21:07.191 16891 16906 I EvoluneD08: D08_M01 SAMPLE dataset=representative-8641 metric=chart-idle-1hz-wall index=57 value_ms=62.8635
09-23 22:21:07.191 16891 16906 I EvoluneD08: D08_M01 SAMPLE dataset=representative-8641 metric=chart-idle-1hz-wall index=58 value_ms=64.2917
09-23 22:21:07.191 16891 16906 I EvoluneD08: D08_M01 SAMPLE dataset=representative-8641 metric=chart-idle-1hz-wall index=59 value_ms=83.3742
09-23 22:21:07.191 16891 16906 I EvoluneD08: D08_M01 representative-8641 chart-idle-1hz-wall n=60 min_ms=61.3975 max_ms=110.8285 mean_ms=69.8796 median_ms=64.0991 p95_ms=94.3330
09-23 22:21:07.191 16891 16906 I EvoluneD08: D08_M01 SAMPLE dataset=representative-8641 metric=chart-idle-1hz-ui-cpu index=0 value_ms=18.1985
09-23 22:21:07.191 16891 16906 I EvoluneD08: D08_M01 SAMPLE dataset=representative-8641 metric=chart-idle-1hz-ui-cpu index=1 value_ms=26.6797
09-23 22:21:07.191 16891 16906 I EvoluneD08: D08_M01 SAMPLE dataset=representative-8641 metric=chart-idle-1hz-ui-cpu index=2 value_ms=20.8498
09-23 22:21:07.191 16891 16906 I EvoluneD08: D08_M01 SAMPLE dataset=representative-8641 metric=chart-idle-1hz-ui-cpu index=3 value_ms=21.9954
09-23 22:21:07.191 16891 16906 I EvoluneD08: D08_M01 SAMPLE dataset=representative-8641 metric=chart-idle-1hz-ui-cpu index=4 value_ms=19.3591
09-23 22:21:07.191 16891 16906 I EvoluneD08: D08_M01 SAMPLE dataset=representative-8641 metric=chart-idle-1hz-ui-cpu index=5 value_ms=21.1740
09-23 22:21:07.191 16891 16906 I EvoluneD08: D08_M01 SAMPLE dataset=representative-8641 metric=chart-idle-1hz-ui-cpu index=6 value_ms=22.7864
09-23 22:21:07.192 16891 16906 I EvoluneD08: D08_M01 SAMPLE dataset=representative-8641 metric=chart-idle-1hz-ui-cpu index=7 value_ms=22.1090
09-23 22:21:07.192 16891 16906 I EvoluneD08: D08_M01 SAMPLE dataset=representative-8641 metric=chart-idle-1hz-ui-cpu index=8 value_ms=30.5994
09-23 22:21:07.192 16891 16906 I EvoluneD08: D08_M01 SAMPLE dataset=representative-8641 metric=chart-idle-1hz-ui-cpu index=9 value_ms=20.4300
09-23 22:21:07.192 16891 16906 I EvoluneD08: D08_M01 SAMPLE dataset=representative-8641 metric=chart-idle-1hz-ui-cpu index=10 value_ms=20.0271
09-23 22:21:07.192 16891 16906 I EvoluneD08: D08_M01 SAMPLE dataset=representative-8641 metric=chart-idle-1hz-ui-cpu index=11 value_ms=21.1309
09-23 22:21:07.192 16891 16906 I EvoluneD08: D08_M01 SAMPLE dataset=representative-8641 metric=chart-idle-1hz-ui-cpu index=12 value_ms=22.5999
09-23 22:21:07.192 16891 16906 I EvoluneD08: D08_M01 SAMPLE dataset=representative-8641 metric=chart-idle-1hz-ui-cpu index=13 value_ms=19.8827
09-23 22:21:07.192 16891 16906 I EvoluneD08: D08_M01 SAMPLE dataset=representative-8641 metric=chart-idle-1hz-ui-cpu index=14 value_ms=20.0061
09-23 22:21:07.192 16891 16906 I EvoluneD08: D08_M01 SAMPLE dataset=representative-8641 metric=chart-idle-1hz-ui-cpu index=15 value_ms=19.7939
09-23 22:21:07.192 16891 16906 I EvoluneD08: D08_M01 SAMPLE dataset=representative-8641 metric=chart-idle-1hz-ui-cpu index=16 value_ms=20.8087
09-23 22:21:07.194 16891 16906 I EvoluneD08: D08_M01 SAMPLE dataset=representative-8641 metric=chart-idle-1hz-ui-cpu index=17 value_ms=19.6502
09-23 22:21:07.196 16891 16906 I EvoluneD08: D08_M01 SAMPLE dataset=representative-8641 metric=chart-idle-1hz-ui-cpu index=18 value_ms=20.5357
09-23 22:21:07.196 16891 16906 I EvoluneD08: D08_M01 SAMPLE dataset=representative-8641 metric=chart-idle-1hz-ui-cpu index=19 value_ms=17.0279
09-23 22:21:07.198 16891 16906 I EvoluneD08: D08_M01 SAMPLE dataset=representative-8641 metric=chart-idle-1hz-ui-cpu index=20 value_ms=28.0924
09-23 22:21:07.198 16891 16906 I EvoluneD08: D08_M01 SAMPLE dataset=representative-8641 metric=chart-idle-1hz-ui-cpu index=21 value_ms=20.9366
09-23 22:21:07.200 16891 16906 I EvoluneD08: D08_M01 SAMPLE dataset=representative-8641 metric=chart-idle-1hz-ui-cpu index=22 value_ms=19.4565
09-23 22:21:07.201 16891 16906 I EvoluneD08: D08_M01 SAMPLE dataset=representative-8641 metric=chart-idle-1hz-ui-cpu index=23 value_ms=23.4977
09-23 22:21:07.202 16891 16906 I EvoluneD08: D08_M01 SAMPLE dataset=representative-8641 metric=chart-idle-1hz-ui-cpu index=24 value_ms=44.6778
09-23 22:21:07.202 16891 16906 I EvoluneD08: D08_M01 SAMPLE dataset=representative-8641 metric=chart-idle-1hz-ui-cpu index=25 value_ms=19.7292
09-23 22:21:07.202 16891 16906 I EvoluneD08: D08_M01 SAMPLE dataset=representative-8641 metric=chart-idle-1hz-ui-cpu index=26 value_ms=19.7301
09-23 22:21:07.202 16891 16906 I EvoluneD08: D08_M01 SAMPLE dataset=representative-8641 metric=chart-idle-1hz-ui-cpu index=27 value_ms=19.2654
09-23 22:21:07.202 16891 16906 I EvoluneD08: D08_M01 SAMPLE dataset=representative-8641 metric=chart-idle-1hz-ui-cpu index=28 value_ms=17.0259
09-23 22:21:07.202 16891 16906 I EvoluneD08: D08_M01 SAMPLE dataset=representative-8641 metric=chart-idle-1hz-ui-cpu index=29 value_ms=22.1196
09-23 22:21:07.202 16891 16906 I EvoluneD08: D08_M01 SAMPLE dataset=representative-8641 metric=chart-idle-1hz-ui-cpu index=30 value_ms=21.4772
09-23 22:21:07.205 16891 16906 I EvoluneD08: D08_M01 SAMPLE dataset=representative-8641 metric=chart-idle-1hz-ui-cpu index=31 value_ms=20.3049
09-23 22:21:07.206 16891 16906 I EvoluneD08: D08_M01 SAMPLE dataset=representative-8641 metric=chart-idle-1hz-ui-cpu index=32 value_ms=19.3743
09-23 22:21:07.207 16891 16906 I EvoluneD08: D08_M01 SAMPLE dataset=representative-8641 metric=chart-idle-1hz-ui-cpu index=33 value_ms=19.1737
09-23 22:21:07.209 16891 16906 I EvoluneD08: D08_M01 SAMPLE dataset=representative-8641 metric=chart-idle-1hz-ui-cpu index=34 value_ms=19.7042
09-23 22:21:07.210 16891 16906 I EvoluneD08: D08_M01 SAMPLE dataset=representative-8641 metric=chart-idle-1hz-ui-cpu index=35 value_ms=21.5649
09-23 22:21:07.211 16891 16906 I EvoluneD08: D08_M01 SAMPLE dataset=representative-8641 metric=chart-idle-1hz-ui-cpu index=36 value_ms=21.0574
09-23 22:21:07.213 16891 16906 I EvoluneD08: D08_M01 SAMPLE dataset=representative-8641 metric=chart-idle-1hz-ui-cpu index=37 value_ms=21.8170
09-23 22:21:07.215 16891 16906 I EvoluneD08: D08_M01 SAMPLE dataset=representative-8641 metric=chart-idle-1hz-ui-cpu index=38 value_ms=24.6705
09-23 22:21:07.215 16891 16906 I EvoluneD08: D08_M01 SAMPLE dataset=representative-8641 metric=chart-idle-1hz-ui-cpu index=39 value_ms=39.1189
09-23 22:21:07.215 16891 16906 I EvoluneD08: D08_M01 SAMPLE dataset=representative-8641 metric=chart-idle-1hz-ui-cpu index=40 value_ms=19.6506
09-23 22:21:07.215 16891 16906 I EvoluneD08: D08_M01 SAMPLE dataset=representative-8641 metric=chart-idle-1hz-ui-cpu index=41 value_ms=21.3567
09-23 22:21:07.215 16891 16906 I EvoluneD08: D08_M01 SAMPLE dataset=representative-8641 metric=chart-idle-1hz-ui-cpu index=42 value_ms=19.5943
09-23 22:21:07.215 16891 16906 I EvoluneD08: D08_M01 SAMPLE dataset=representative-8641 metric=chart-idle-1hz-ui-cpu index=43 value_ms=21.5409
09-23 22:21:07.215 16891 16906 I EvoluneD08: D08_M01 SAMPLE dataset=representative-8641 metric=chart-idle-1hz-ui-cpu index=44 value_ms=20.4241
09-23 22:21:07.217 16891 16906 I EvoluneD08: D08_M01 SAMPLE dataset=representative-8641 metric=chart-idle-1hz-ui-cpu index=45 value_ms=17.2278
09-23 22:21:07.218 16891 16906 I EvoluneD08: D08_M01 SAMPLE dataset=representative-8641 metric=chart-idle-1hz-ui-cpu index=46 value_ms=28.0252
09-23 22:21:07.218 16891 16906 I EvoluneD08: D08_M01 SAMPLE dataset=representative-8641 metric=chart-idle-1hz-ui-cpu index=47 value_ms=22.4953
09-23 22:21:07.221 16891 16906 I EvoluneD08: D08_M01 SAMPLE dataset=representative-8641 metric=chart-idle-1hz-ui-cpu index=48 value_ms=20.3851
09-23 22:21:07.222 16891 16906 I EvoluneD08: D08_M01 SAMPLE dataset=representative-8641 metric=chart-idle-1hz-ui-cpu index=49 value_ms=17.2010
09-23 22:21:07.222 16891 16906 I EvoluneD08: D08_M01 SAMPLE dataset=representative-8641 metric=chart-idle-1hz-ui-cpu index=50 value_ms=27.7113
09-23 22:21:07.222 16891 16906 I EvoluneD08: D08_M01 SAMPLE dataset=representative-8641 metric=chart-idle-1hz-ui-cpu index=51 value_ms=23.9414
09-23 22:21:07.222 16891 16906 I EvoluneD08: D08_M01 SAMPLE dataset=representative-8641 metric=chart-idle-1hz-ui-cpu index=52 value_ms=19.5576
09-23 22:21:07.224 16891 16906 I EvoluneD08: D08_M01 SAMPLE dataset=representative-8641 metric=chart-idle-1hz-ui-cpu index=53 value_ms=20.5558
09-23 22:21:07.224 16891 16906 I EvoluneD08: D08_M01 SAMPLE dataset=representative-8641 metric=chart-idle-1hz-ui-cpu index=54 value_ms=21.6432
09-23 22:21:07.226 16891 16906 I EvoluneD08: D08_M01 SAMPLE dataset=representative-8641 metric=chart-idle-1hz-ui-cpu index=55 value_ms=20.0504
09-23 22:21:07.227 16891 16906 I EvoluneD08: D08_M01 SAMPLE dataset=representative-8641 metric=chart-idle-1hz-ui-cpu index=56 value_ms=32.9942
09-23 22:21:07.229 16891 16906 I EvoluneD08: D08_M01 SAMPLE dataset=representative-8641 metric=chart-idle-1hz-ui-cpu index=57 value_ms=17.6861
09-23 22:21:07.232 16891 16906 I EvoluneD08: D08_M01 SAMPLE dataset=representative-8641 metric=chart-idle-1hz-ui-cpu index=58 value_ms=19.7687
09-23 22:21:07.232 16891 16906 I EvoluneD08: D08_M01 SAMPLE dataset=representative-8641 metric=chart-idle-1hz-ui-cpu index=59 value_ms=21.8148
09-23 22:21:07.232 16891 16906 I EvoluneD08: D08_M01 representative-8641 chart-idle-1hz-ui-cpu n=60 min_ms=17.0259 max_ms=44.6778 mean_ms=22.0344 median_ms=20.5558 p95_ms=30.5994
09-23 22:21:09.629 16891 16906 I EvoluneD08: D08_M01 SAMPLE dataset=representative-8641 metric=gesture-pan-wall index=0 value_ms=168.6634
09-23 22:21:09.629 16891 16906 I EvoluneD08: D08_M01 SAMPLE dataset=representative-8641 metric=gesture-pan-wall index=1 value_ms=109.7297
09-23 22:21:09.629 16891 16906 I EvoluneD08: D08_M01 SAMPLE dataset=representative-8641 metric=gesture-pan-wall index=2 value_ms=141.9412
09-23 22:21:09.629 16891 16906 I EvoluneD08: D08_M01 SAMPLE dataset=representative-8641 metric=gesture-pan-wall index=3 value_ms=107.7495
09-23 22:21:09.629 16891 16906 I EvoluneD08: D08_M01 SAMPLE dataset=representative-8641 metric=gesture-pan-wall index=4 value_ms=109.5482
09-23 22:21:09.629 16891 16906 I EvoluneD08: D08_M01 SAMPLE dataset=representative-8641 metric=gesture-pan-wall index=5 value_ms=125.9103
09-23 22:21:09.629 16891 16906 I EvoluneD08: D08_M01 SAMPLE dataset=representative-8641 metric=gesture-pan-wall index=6 value_ms=91.9768
09-23 22:21:09.629 16891 16906 I EvoluneD08: D08_M01 SAMPLE dataset=representative-8641 metric=gesture-pan-wall index=7 value_ms=126.2082
09-23 22:21:09.633 16891 16906 I EvoluneD08: D08_M01 SAMPLE dataset=representative-8641 metric=gesture-pan-wall index=8 value_ms=92.5174
09-23 22:21:09.634 16891 16906 I EvoluneD08: D08_M01 SAMPLE dataset=representative-8641 metric=gesture-pan-wall index=9 value_ms=124.7839
09-23 22:21:09.634 16891 16906 I EvoluneD08: D08_M01 SAMPLE dataset=representative-8641 metric=gesture-pan-wall index=10 value_ms=126.1887
09-23 22:21:09.634 16891 16906 I EvoluneD08: D08_M01 SAMPLE dataset=representative-8641 metric=gesture-pan-wall index=11 value_ms=139.6875
09-23 22:21:09.634 16891 16906 I EvoluneD08: D08_M01 SAMPLE dataset=representative-8641 metric=gesture-pan-wall index=12 value_ms=106.6642
09-23 22:21:09.635 16891 16906 I EvoluneD08: D08_M01 SAMPLE dataset=representative-8641 metric=gesture-pan-wall index=13 value_ms=126.2443
09-23 22:21:09.635 16891 16906 I EvoluneD08: D08_M01 SAMPLE dataset=representative-8641 metric=gesture-pan-wall index=14 value_ms=139.3858
09-23 22:21:09.638 16891 16906 I EvoluneD08: D08_M01 SAMPLE dataset=representative-8641 metric=gesture-pan-wall index=15 value_ms=109.1980
09-23 22:21:09.639 16891 16906 I EvoluneD08: D08_M01 SAMPLE dataset=representative-8641 metric=gesture-pan-wall index=16 value_ms=94.0679
09-23 22:21:09.640 16891 16906 I EvoluneD08: D08_M01 SAMPLE dataset=representative-8641 metric=gesture-pan-wall index=17 value_ms=124.6822
09-23 22:21:09.641 16891 16906 I EvoluneD08: D08_M01 SAMPLE dataset=representative-8641 metric=gesture-pan-wall index=18 value_ms=106.4115
09-23 22:21:09.642 16891 16906 I EvoluneD08: D08_M01 SAMPLE dataset=representative-8641 metric=gesture-pan-wall index=19 value_ms=112.1533
09-23 22:21:09.644 16891 16906 I EvoluneD08: D08_M01 representative-8641 gesture-pan-wall n=20 min_ms=91.9768 max_ms=168.6634 mean_ms=119.1856 median_ms=112.1533 p95_ms=141.9412
09-23 22:21:09.645 16891 16906 I EvoluneD08: D08_M01 representative-8641 gesture-pan-ui-cpu unavailable=gesture injection is test-thread timed
09-23 22:21:11.081 16891 16906 I EvoluneD08: D08_M01 SAMPLE dataset=representative-8641 metric=gesture-zoom-wall index=0 value_ms=93.4590
09-23 22:21:11.081 16891 16906 I EvoluneD08: D08_M01 SAMPLE dataset=representative-8641 metric=gesture-zoom-wall index=1 value_ms=78.9845
09-23 22:21:11.081 16891 16906 I EvoluneD08: D08_M01 SAMPLE dataset=representative-8641 metric=gesture-zoom-wall index=2 value_ms=93.5640
09-23 22:21:11.081 16891 16906 I EvoluneD08: D08_M01 SAMPLE dataset=representative-8641 metric=gesture-zoom-wall index=3 value_ms=64.1796
09-23 22:21:11.081 16891 16906 I EvoluneD08: D08_M01 SAMPLE dataset=representative-8641 metric=gesture-zoom-wall index=4 value_ms=61.2371
09-23 22:21:11.081 16891 16906 I EvoluneD08: D08_M01 SAMPLE dataset=representative-8641 metric=gesture-zoom-wall index=5 value_ms=62.5992
09-23 22:21:11.081 16891 16906 I EvoluneD08: D08_M01 SAMPLE dataset=representative-8641 metric=gesture-zoom-wall index=6 value_ms=55.8983
09-23 22:21:11.081 16891 16906 I EvoluneD08: D08_M01 SAMPLE dataset=representative-8641 metric=gesture-zoom-wall index=7 value_ms=86.5058
09-23 22:21:11.081 16891 16906 I EvoluneD08: D08_M01 SAMPLE dataset=representative-8641 metric=gesture-zoom-wall index=8 value_ms=76.4665
09-23 22:21:11.081 16891 16906 I EvoluneD08: D08_M01 SAMPLE dataset=representative-8641 metric=gesture-zoom-wall index=9 value_ms=61.6015
09-23 22:21:11.082 16891 16906 I EvoluneD08: D08_M01 SAMPLE dataset=representative-8641 metric=gesture-zoom-wall index=10 value_ms=39.2183
09-23 22:21:11.082 16891 16906 I EvoluneD08: D08_M01 SAMPLE dataset=representative-8641 metric=gesture-zoom-wall index=11 value_ms=68.3363
09-23 22:21:11.087 16891 16906 I EvoluneD08: D08_M01 SAMPLE dataset=representative-8641 metric=gesture-zoom-wall index=12 value_ms=61.4129
09-23 22:21:11.087 16891 16906 I EvoluneD08: D08_M01 SAMPLE dataset=representative-8641 metric=gesture-zoom-wall index=13 value_ms=77.9400
09-23 22:21:11.087 16891 16906 I EvoluneD08: D08_M01 SAMPLE dataset=representative-8641 metric=gesture-zoom-wall index=14 value_ms=75.2173
09-23 22:21:11.087 16891 16906 I EvoluneD08: D08_M01 SAMPLE dataset=representative-8641 metric=gesture-zoom-wall index=15 value_ms=93.6460
09-23 22:21:11.087 16891 16906 I EvoluneD08: D08_M01 SAMPLE dataset=representative-8641 metric=gesture-zoom-wall index=16 value_ms=79.4097
09-23 22:21:11.087 16891 16906 I EvoluneD08: D08_M01 SAMPLE dataset=representative-8641 metric=gesture-zoom-wall index=17 value_ms=78.9520
09-23 22:21:11.087 16891 16906 I EvoluneD08: D08_M01 SAMPLE dataset=representative-8641 metric=gesture-zoom-wall index=18 value_ms=63.5487
09-23 22:21:11.087 16891 16906 I EvoluneD08: D08_M01 SAMPLE dataset=representative-8641 metric=gesture-zoom-wall index=19 value_ms=62.5039
09-23 22:21:11.090 16891 16906 I EvoluneD08: D08_M01 representative-8641 gesture-zoom-wall n=20 min_ms=39.2183 max_ms=93.6460 mean_ms=71.7340 median_ms=68.3363 p95_ms=93.5640
09-23 22:21:11.090 16891 16906 I EvoluneD08: D08_M01 representative-8641 resource phase=after gc_count=20 gc_time_ms=379
09-23 22:21:11.234 16891 16906 I EvoluneD08: D08_M01 SAMPLE dataset=synthetic-large-17281 metric=interpolation-main-wall index=0 value_ms=0.4191
09-23 22:21:11.235 16891 16906 I EvoluneD08: D08_M01 SAMPLE dataset=synthetic-large-17281 metric=interpolation-main-wall index=1 value_ms=0.4067
09-23 22:21:11.235 16891 16906 I EvoluneD08: D08_M01 SAMPLE dataset=synthetic-large-17281 metric=interpolation-main-wall index=2 value_ms=0.4074
09-23 22:21:11.237 16891 16906 I EvoluneD08: D08_M01 SAMPLE dataset=synthetic-large-17281 metric=interpolation-main-wall index=3 value_ms=0.4033
09-23 22:21:11.238 16891 16906 I EvoluneD08: D08_M01 SAMPLE dataset=synthetic-large-17281 metric=interpolation-main-wall index=4 value_ms=0.4189
09-23 22:21:11.240 16891 16906 I EvoluneD08: D08_M01 SAMPLE dataset=synthetic-large-17281 metric=interpolation-main-wall index=5 value_ms=0.4068
09-23 22:21:11.240 16891 16906 I EvoluneD08: D08_M01 SAMPLE dataset=synthetic-large-17281 metric=interpolation-main-wall index=6 value_ms=0.4202
09-23 22:21:11.240 16891 16906 I EvoluneD08: D08_M01 SAMPLE dataset=synthetic-large-17281 metric=interpolation-main-wall index=7 value_ms=0.4259
09-23 22:21:11.240 16891 16906 I EvoluneD08: D08_M01 SAMPLE dataset=synthetic-large-17281 metric=interpolation-main-wall index=8 value_ms=0.4218
09-23 22:21:11.245 16891 16906 I EvoluneD08: D08_M01 SAMPLE dataset=synthetic-large-17281 metric=interpolation-main-wall index=9 value_ms=0.4184
09-23 22:21:11.245 16891 16906 I EvoluneD08: D08_M01 SAMPLE dataset=synthetic-large-17281 metric=interpolation-main-wall index=10 value_ms=0.4180
09-23 22:21:11.245 16891 16906 I EvoluneD08: D08_M01 SAMPLE dataset=synthetic-large-17281 metric=interpolation-main-wall index=11 value_ms=0.4186
09-23 22:21:11.246 16891 16906 I EvoluneD08: D08_M01 SAMPLE dataset=synthetic-large-17281 metric=interpolation-main-wall index=12 value_ms=0.6926
09-23 22:21:11.247 16891 16906 I EvoluneD08: D08_M01 SAMPLE dataset=synthetic-large-17281 metric=interpolation-main-wall index=13 value_ms=0.5657
09-23 22:21:11.247 16891 16906 I EvoluneD08: D08_M01 SAMPLE dataset=synthetic-large-17281 metric=interpolation-main-wall index=14 value_ms=0.4222
09-23 22:21:11.247 16891 16906 I EvoluneD08: D08_M01 SAMPLE dataset=synthetic-large-17281 metric=interpolation-main-wall index=15 value_ms=0.4170
09-23 22:21:11.247 16891 16906 I EvoluneD08: D08_M01 SAMPLE dataset=synthetic-large-17281 metric=interpolation-main-wall index=16 value_ms=0.4111
09-23 22:21:11.247 16891 16906 I EvoluneD08: D08_M01 SAMPLE dataset=synthetic-large-17281 metric=interpolation-main-wall index=17 value_ms=0.4480
09-23 22:21:11.248 16891 16906 I EvoluneD08: D08_M01 SAMPLE dataset=synthetic-large-17281 metric=interpolation-main-wall index=18 value_ms=0.4151
09-23 22:21:11.248 16891 16906 I EvoluneD08: D08_M01 SAMPLE dataset=synthetic-large-17281 metric=interpolation-main-wall index=19 value_ms=0.4128
09-23 22:21:11.248 16891 16906 I EvoluneD08: D08_M01 SAMPLE dataset=synthetic-large-17281 metric=interpolation-main-wall index=20 value_ms=0.4134
09-23 22:21:11.248 16891 16906 I EvoluneD08: D08_M01 SAMPLE dataset=synthetic-large-17281 metric=interpolation-main-wall index=21 value_ms=0.4207
09-23 22:21:11.248 16891 16906 I EvoluneD08: D08_M01 SAMPLE dataset=synthetic-large-17281 metric=interpolation-main-wall index=22 value_ms=0.4202
09-23 22:21:11.248 16891 16906 I EvoluneD08: D08_M01 SAMPLE dataset=synthetic-large-17281 metric=interpolation-main-wall index=23 value_ms=0.4146
09-23 22:21:11.248 16891 16906 I EvoluneD08: D08_M01 SAMPLE dataset=synthetic-large-17281 metric=interpolation-main-wall index=24 value_ms=0.4489
09-23 22:21:11.248 16891 16906 I EvoluneD08: D08_M01 SAMPLE dataset=synthetic-large-17281 metric=interpolation-main-wall index=25 value_ms=0.4234
09-23 22:21:11.248 16891 16906 I EvoluneD08: D08_M01 SAMPLE dataset=synthetic-large-17281 metric=interpolation-main-wall index=26 value_ms=0.4232
09-23 22:21:11.248 16891 16906 I EvoluneD08: D08_M01 SAMPLE dataset=synthetic-large-17281 metric=interpolation-main-wall index=27 value_ms=0.4211
09-23 22:21:11.249 16891 16906 I EvoluneD08: D08_M01 SAMPLE dataset=synthetic-large-17281 metric=interpolation-main-wall index=28 value_ms=0.4152
09-23 22:21:11.249 16891 16906 I EvoluneD08: D08_M01 SAMPLE dataset=synthetic-large-17281 metric=interpolation-main-wall index=29 value_ms=1.9342
09-23 22:21:11.249 16891 16906 I EvoluneD08: D08_M01 SAMPLE dataset=synthetic-large-17281 metric=interpolation-main-wall index=30 value_ms=1.0032
09-23 22:21:11.249 16891 16906 I EvoluneD08: D08_M01 SAMPLE dataset=synthetic-large-17281 metric=interpolation-main-wall index=31 value_ms=0.4653
09-23 22:21:11.249 16891 16906 I EvoluneD08: D08_M01 SAMPLE dataset=synthetic-large-17281 metric=interpolation-main-wall index=32 value_ms=0.4137
09-23 22:21:11.249 16891 16906 I EvoluneD08: D08_M01 SAMPLE dataset=synthetic-large-17281 metric=interpolation-main-wall index=33 value_ms=0.4109
09-23 22:21:11.249 16891 16906 I EvoluneD08: D08_M01 SAMPLE dataset=synthetic-large-17281 metric=interpolation-main-wall index=34 value_ms=0.4180
09-23 22:21:11.250 16891 16906 I EvoluneD08: D08_M01 SAMPLE dataset=synthetic-large-17281 metric=interpolation-main-wall index=35 value_ms=0.4153
09-23 22:21:11.250 16891 16906 I EvoluneD08: D08_M01 SAMPLE dataset=synthetic-large-17281 metric=interpolation-main-wall index=36 value_ms=0.4276
09-23 22:21:11.250 16891 16906 I EvoluneD08: D08_M01 SAMPLE dataset=synthetic-large-17281 metric=interpolation-main-wall index=37 value_ms=0.4195
09-23 22:21:11.250 16891 16906 I EvoluneD08: D08_M01 SAMPLE dataset=synthetic-large-17281 metric=interpolation-main-wall index=38 value_ms=0.4289
09-23 22:21:11.250 16891 16906 I EvoluneD08: D08_M01 SAMPLE dataset=synthetic-large-17281 metric=interpolation-main-wall index=39 value_ms=0.4146
09-23 22:21:11.250 16891 16906 I EvoluneD08: D08_M01 SAMPLE dataset=synthetic-large-17281 metric=interpolation-main-wall index=40 value_ms=0.4191
09-23 22:21:11.250 16891 16906 I EvoluneD08: D08_M01 SAMPLE dataset=synthetic-large-17281 metric=interpolation-main-wall index=41 value_ms=0.4192
09-23 22:21:11.250 16891 16906 I EvoluneD08: D08_M01 SAMPLE dataset=synthetic-large-17281 metric=interpolation-main-wall index=42 value_ms=0.4157
09-23 22:21:11.250 16891 16906 I EvoluneD08: D08_M01 SAMPLE dataset=synthetic-large-17281 metric=interpolation-main-wall index=43 value_ms=0.4154
09-23 22:21:11.251 16891 16906 I EvoluneD08: D08_M01 SAMPLE dataset=synthetic-large-17281 metric=interpolation-main-wall index=44 value_ms=0.4149
09-23 22:21:11.255 16891 16906 I EvoluneD08: D08_M01 SAMPLE dataset=synthetic-large-17281 metric=interpolation-main-wall index=45 value_ms=0.5346
09-23 22:21:11.255 16891 16906 I EvoluneD08: D08_M01 SAMPLE dataset=synthetic-large-17281 metric=interpolation-main-wall index=46 value_ms=0.4775
09-23 22:21:11.257 16891 16906 I EvoluneD08: D08_M01 SAMPLE dataset=synthetic-large-17281 metric=interpolation-main-wall index=47 value_ms=0.4213
09-23 22:21:11.259 16891 16906 I EvoluneD08: D08_M01 SAMPLE dataset=synthetic-large-17281 metric=interpolation-main-wall index=48 value_ms=0.4158
09-23 22:21:11.260 16891 16906 I EvoluneD08: D08_M01 SAMPLE dataset=synthetic-large-17281 metric=interpolation-main-wall index=49 value_ms=0.4646
09-23 22:21:11.261 16891 16906 I EvoluneD08: D08_M01 SAMPLE dataset=synthetic-large-17281 metric=interpolation-main-wall index=50 value_ms=0.4212
09-23 22:21:11.265 16891 16906 I EvoluneD08: D08_M01 SAMPLE dataset=synthetic-large-17281 metric=interpolation-main-wall index=51 value_ms=0.4150
09-23 22:21:11.266 16891 16906 I EvoluneD08: D08_M01 SAMPLE dataset=synthetic-large-17281 metric=interpolation-main-wall index=52 value_ms=0.4394
09-23 22:21:11.268 16891 16906 I EvoluneD08: D08_M01 SAMPLE dataset=synthetic-large-17281 metric=interpolation-main-wall index=53 value_ms=0.4296
09-23 22:21:11.270 16891 16906 I EvoluneD08: D08_M01 SAMPLE dataset=synthetic-large-17281 metric=interpolation-main-wall index=54 value_ms=0.4415
09-23 22:21:11.272 16891 16906 I EvoluneD08: D08_M01 SAMPLE dataset=synthetic-large-17281 metric=interpolation-main-wall index=55 value_ms=0.4148
09-23 22:21:11.272 16891 16906 I EvoluneD08: D08_M01 SAMPLE dataset=synthetic-large-17281 metric=interpolation-main-wall index=56 value_ms=0.4151
09-23 22:21:11.273 16891 16906 I EvoluneD08: D08_M01 SAMPLE dataset=synthetic-large-17281 metric=interpolation-main-wall index=57 value_ms=0.4223
09-23 22:21:11.274 16891 16906 I EvoluneD08: D08_M01 SAMPLE dataset=synthetic-large-17281 metric=interpolation-main-wall index=58 value_ms=0.4443
09-23 22:21:11.274 16891 16906 I EvoluneD08: D08_M01 SAMPLE dataset=synthetic-large-17281 metric=interpolation-main-wall index=59 value_ms=0.4342
09-23 22:21:11.275 16891 16906 I EvoluneD08: D08_M01 synthetic-large-17281 interpolation-main-wall n=60 min_ms=0.4033 max_ms=1.9342 mean_ms=0.4666 median_ms=0.4192 p95_ms=0.5657
09-23 22:21:11.275 16891 16906 I EvoluneD08: D08_M01 SAMPLE dataset=synthetic-large-17281 metric=interpolation-main-cpu index=0 value_ms=0.4067
09-23 22:21:11.275 16891 16906 I EvoluneD08: D08_M01 SAMPLE dataset=synthetic-large-17281 metric=interpolation-main-cpu index=1 value_ms=0.3996
09-23 22:21:11.275 16891 16906 I EvoluneD08: D08_M01 SAMPLE dataset=synthetic-large-17281 metric=interpolation-main-cpu index=2 value_ms=0.4004
09-23 22:21:11.276 16891 16906 I EvoluneD08: D08_M01 SAMPLE dataset=synthetic-large-17281 metric=interpolation-main-cpu index=3 value_ms=0.3964
09-23 22:21:11.276 16891 16906 I EvoluneD08: D08_M01 SAMPLE dataset=synthetic-large-17281 metric=interpolation-main-cpu index=4 value_ms=0.4112
09-23 22:21:11.276 16891 16906 I EvoluneD08: D08_M01 SAMPLE dataset=synthetic-large-17281 metric=interpolation-main-cpu index=5 value_ms=0.3998
09-23 22:21:11.276 16891 16906 I EvoluneD08: D08_M01 SAMPLE dataset=synthetic-large-17281 metric=interpolation-main-cpu index=6 value_ms=0.4123
09-23 22:21:11.276 16891 16906 I EvoluneD08: D08_M01 SAMPLE dataset=synthetic-large-17281 metric=interpolation-main-cpu index=7 value_ms=0.4182
09-23 22:21:11.276 16891 16906 I EvoluneD08: D08_M01 SAMPLE dataset=synthetic-large-17281 metric=interpolation-main-cpu index=8 value_ms=0.1632
09-23 22:21:11.276 16891 16906 I EvoluneD08: D08_M01 SAMPLE dataset=synthetic-large-17281 metric=interpolation-main-cpu index=9 value_ms=0.0000
09-23 22:21:11.276 16891 16906 I EvoluneD08: D08_M01 SAMPLE dataset=synthetic-large-17281 metric=interpolation-main-cpu index=10 value_ms=0.0000
09-23 22:21:11.276 16891 16906 I EvoluneD08: D08_M01 SAMPLE dataset=synthetic-large-17281 metric=interpolation-main-cpu index=11 value_ms=0.0000
09-23 22:21:11.276 16891 16906 I EvoluneD08: D08_M01 SAMPLE dataset=synthetic-large-17281 metric=interpolation-main-cpu index=12 value_ms=0.0000
09-23 22:21:11.276 16891 16906 I EvoluneD08: D08_M01 SAMPLE dataset=synthetic-large-17281 metric=interpolation-main-cpu index=13 value_ms=0.0000
09-23 22:21:11.276 16891 16906 I EvoluneD08: D08_M01 SAMPLE dataset=synthetic-large-17281 metric=interpolation-main-cpu index=14 value_ms=0.0000
09-23 22:21:11.277 16891 16906 I EvoluneD08: D08_M01 SAMPLE dataset=synthetic-large-17281 metric=interpolation-main-cpu index=15 value_ms=0.0000
09-23 22:21:11.277 16891 16906 I EvoluneD08: D08_M01 SAMPLE dataset=synthetic-large-17281 metric=interpolation-main-cpu index=16 value_ms=0.0000
09-23 22:21:11.277 16891 16906 I EvoluneD08: D08_M01 SAMPLE dataset=synthetic-large-17281 metric=interpolation-main-cpu index=17 value_ms=0.0000
09-23 22:21:11.277 16891 16906 I EvoluneD08: D08_M01 SAMPLE dataset=synthetic-large-17281 metric=interpolation-main-cpu index=18 value_ms=0.0000
09-23 22:21:11.277 16891 16906 I EvoluneD08: D08_M01 SAMPLE dataset=synthetic-large-17281 metric=interpolation-main-cpu index=19 value_ms=0.0000
09-23 22:21:11.277 16891 16906 I EvoluneD08: D08_M01 SAMPLE dataset=synthetic-large-17281 metric=interpolation-main-cpu index=20 value_ms=0.0000
09-23 22:21:11.277 16891 16906 I EvoluneD08: D08_M01 SAMPLE dataset=synthetic-large-17281 metric=interpolation-main-cpu index=21 value_ms=0.0000
09-23 22:21:11.277 16891 16906 I EvoluneD08: D08_M01 SAMPLE dataset=synthetic-large-17281 metric=interpolation-main-cpu index=22 value_ms=0.0000
09-23 22:21:11.277 16891 16906 I EvoluneD08: D08_M01 SAMPLE dataset=synthetic-large-17281 metric=interpolation-main-cpu index=23 value_ms=0.0000
09-23 22:21:11.277 16891 16906 I EvoluneD08: D08_M01 SAMPLE dataset=synthetic-large-17281 metric=interpolation-main-cpu index=24 value_ms=0.0000
09-23 22:21:11.277 16891 16906 I EvoluneD08: D08_M01 SAMPLE dataset=synthetic-large-17281 metric=interpolation-main-cpu index=25 value_ms=0.0000
09-23 22:21:11.277 16891 16906 I EvoluneD08: D08_M01 SAMPLE dataset=synthetic-large-17281 metric=interpolation-main-cpu index=26 value_ms=0.0000
09-23 22:21:11.277 16891 16906 I EvoluneD08: D08_M01 SAMPLE dataset=synthetic-large-17281 metric=interpolation-main-cpu index=27 value_ms=0.0000
09-23 22:21:11.278 16891 16906 I EvoluneD08: D08_M01 SAMPLE dataset=synthetic-large-17281 metric=interpolation-main-cpu index=28 value_ms=0.0000
09-23 22:21:11.278 16891 16906 I EvoluneD08: D08_M01 SAMPLE dataset=synthetic-large-17281 metric=interpolation-main-cpu index=29 value_ms=0.0000
09-23 22:21:11.278 16891 16906 I EvoluneD08: D08_M01 SAMPLE dataset=synthetic-large-17281 metric=interpolation-main-cpu index=30 value_ms=0.9396
09-23 22:21:11.278 16891 16906 I EvoluneD08: D08_M01 SAMPLE dataset=synthetic-large-17281 metric=interpolation-main-cpu index=31 value_ms=0.4543
09-23 22:21:11.278 16891 16906 I EvoluneD08: D08_M01 SAMPLE dataset=synthetic-large-17281 metric=interpolation-main-cpu index=32 value_ms=0.4064
09-23 22:21:11.278 16891 16906 I EvoluneD08: D08_M01 SAMPLE dataset=synthetic-large-17281 metric=interpolation-main-cpu index=33 value_ms=0.4037
09-23 22:21:11.278 16891 16906 I EvoluneD08: D08_M01 SAMPLE dataset=synthetic-large-17281 metric=interpolation-main-cpu index=34 value_ms=0.4109
09-23 22:21:11.278 16891 16906 I EvoluneD08: D08_M01 SAMPLE dataset=synthetic-large-17281 metric=interpolation-main-cpu index=35 value_ms=0.4081
09-23 22:21:11.279 16891 16906 I EvoluneD08: D08_M01 SAMPLE dataset=synthetic-large-17281 metric=interpolation-main-cpu index=36 value_ms=0.0250
09-23 22:21:11.279 16891 16906 I EvoluneD08: D08_M01 SAMPLE dataset=synthetic-large-17281 metric=interpolation-main-cpu index=37 value_ms=0.0000
09-23 22:21:11.279 16891 16906 I EvoluneD08: D08_M01 SAMPLE dataset=synthetic-large-17281 metric=interpolation-main-cpu index=38 value_ms=0.0000
09-23 22:21:11.279 16891 16906 I EvoluneD08: D08_M01 SAMPLE dataset=synthetic-large-17281 metric=interpolation-main-cpu index=39 value_ms=0.0000
09-23 22:21:11.279 16891 16906 I EvoluneD08: D08_M01 SAMPLE dataset=synthetic-large-17281 metric=interpolation-main-cpu index=40 value_ms=0.0000
09-23 22:21:11.279 16891 16906 I EvoluneD08: D08_M01 SAMPLE dataset=synthetic-large-17281 metric=interpolation-main-cpu index=41 value_ms=0.0000
09-23 22:21:11.279 16891 16906 I EvoluneD08: D08_M01 SAMPLE dataset=synthetic-large-17281 metric=interpolation-main-cpu index=42 value_ms=0.0000
09-23 22:21:11.279 16891 16906 I EvoluneD08: D08_M01 SAMPLE dataset=synthetic-large-17281 metric=interpolation-main-cpu index=43 value_ms=0.0000
09-23 22:21:11.279 16891 16906 I EvoluneD08: D08_M01 SAMPLE dataset=synthetic-large-17281 metric=interpolation-main-cpu index=44 value_ms=0.0000
09-23 22:21:11.279 16891 16906 I EvoluneD08: D08_M01 SAMPLE dataset=synthetic-large-17281 metric=interpolation-main-cpu index=45 value_ms=0.0000
09-23 22:21:11.279 16891 16906 I EvoluneD08: D08_M01 SAMPLE dataset=synthetic-large-17281 metric=interpolation-main-cpu index=46 value_ms=0.0000
09-23 22:21:11.279 16891 16906 I EvoluneD08: D08_M01 SAMPLE dataset=synthetic-large-17281 metric=interpolation-main-cpu index=47 value_ms=0.0000
09-23 22:21:11.279 16891 16906 I EvoluneD08: D08_M01 SAMPLE dataset=synthetic-large-17281 metric=interpolation-main-cpu index=48 value_ms=0.0000
09-23 22:21:11.280 16891 16906 I EvoluneD08: D08_M01 SAMPLE dataset=synthetic-large-17281 metric=interpolation-main-cpu index=49 value_ms=0.0000
09-23 22:21:11.280 16891 16906 I EvoluneD08: D08_M01 SAMPLE dataset=synthetic-large-17281 metric=interpolation-main-cpu index=50 value_ms=0.0000
09-23 22:21:11.280 16891 16906 I EvoluneD08: D08_M01 SAMPLE dataset=synthetic-large-17281 metric=interpolation-main-cpu index=51 value_ms=0.0000
09-23 22:21:11.280 16891 16906 I EvoluneD08: D08_M01 SAMPLE dataset=synthetic-large-17281 metric=interpolation-main-cpu index=52 value_ms=0.0000
09-23 22:21:11.280 16891 16906 I EvoluneD08: D08_M01 SAMPLE dataset=synthetic-large-17281 metric=interpolation-main-cpu index=53 value_ms=0.0000
09-23 22:21:11.280 16891 16906 I EvoluneD08: D08_M01 SAMPLE dataset=synthetic-large-17281 metric=interpolation-main-cpu index=54 value_ms=0.0000
09-23 22:21:11.280 16891 16906 I EvoluneD08: D08_M01 SAMPLE dataset=synthetic-large-17281 metric=interpolation-main-cpu index=55 value_ms=0.0000
09-23 22:21:11.280 16891 16906 I EvoluneD08: D08_M01 SAMPLE dataset=synthetic-large-17281 metric=interpolation-main-cpu index=56 value_ms=0.0000
09-23 22:21:11.280 16891 16906 I EvoluneD08: D08_M01 SAMPLE dataset=synthetic-large-17281 metric=interpolation-main-cpu index=57 value_ms=0.0000
09-23 22:21:11.280 16891 16906 I EvoluneD08: D08_M01 SAMPLE dataset=synthetic-large-17281 metric=interpolation-main-cpu index=58 value_ms=0.0000
09-23 22:21:11.280 16891 16906 I EvoluneD08: D08_M01 SAMPLE dataset=synthetic-large-17281 metric=interpolation-main-cpu index=59 value_ms=0.0000
09-23 22:21:11.281 16891 16906 I EvoluneD08: D08_M01 synthetic-large-17281 interpolation-main-cpu n=60 min_ms=0.0000 max_ms=0.9396 mean_ms=0.1076 median_ms=0.0000 p95_ms=0.4123
09-23 22:21:11.281 16891 16906 I EvoluneD08: D08_M01 synthetic-large-17281 resource phase=before gc_count=20 gc_time_ms=379
09-23 22:21:13.343 16891 16906 I EvoluneD08: D08_M01 SAMPLE dataset=synthetic-large-17281 metric=chart-warm-wall index=0 value_ms=80.7402
09-23 22:21:13.343 16891 16906 I EvoluneD08: D08_M01 SAMPLE dataset=synthetic-large-17281 metric=chart-warm-wall index=1 value_ms=64.5994
09-23 22:21:13.346 16891 16906 I EvoluneD08: D08_M01 SAMPLE dataset=synthetic-large-17281 metric=chart-warm-wall index=2 value_ms=62.3191
09-23 22:21:13.346 16891 16906 I EvoluneD08: D08_M01 SAMPLE dataset=synthetic-large-17281 metric=chart-warm-wall index=3 value_ms=62.4964
09-23 22:21:13.348 16891 16906 I EvoluneD08: D08_M01 SAMPLE dataset=synthetic-large-17281 metric=chart-warm-wall index=4 value_ms=94.3173
09-23 22:21:13.350 16891 16906 I EvoluneD08: D08_M01 SAMPLE dataset=synthetic-large-17281 metric=chart-warm-wall index=5 value_ms=62.7945
09-23 22:21:13.350 16891 16906 I EvoluneD08: D08_M01 SAMPLE dataset=synthetic-large-17281 metric=chart-warm-wall index=6 value_ms=77.3110
09-23 22:21:13.350 16891 16906 I EvoluneD08: D08_M01 SAMPLE dataset=synthetic-large-17281 metric=chart-warm-wall index=7 value_ms=78.1215
09-23 22:21:13.350 16891 16906 I EvoluneD08: D08_M01 SAMPLE dataset=synthetic-large-17281 metric=chart-warm-wall index=8 value_ms=61.4358
09-23 22:21:13.350 16891 16906 I EvoluneD08: D08_M01 SAMPLE dataset=synthetic-large-17281 metric=chart-warm-wall index=9 value_ms=63.7926
09-23 22:21:13.350 16891 16906 I EvoluneD08: D08_M01 SAMPLE dataset=synthetic-large-17281 metric=chart-warm-wall index=10 value_ms=61.5162
09-23 22:21:13.350 16891 16906 I EvoluneD08: D08_M01 SAMPLE dataset=synthetic-large-17281 metric=chart-warm-wall index=11 value_ms=93.6131
09-23 22:21:13.350 16891 16906 I EvoluneD08: D08_M01 SAMPLE dataset=synthetic-large-17281 metric=chart-warm-wall index=12 value_ms=63.0176
09-23 22:21:13.351 16891 16906 I EvoluneD08: D08_M01 SAMPLE dataset=synthetic-large-17281 metric=chart-warm-wall index=13 value_ms=61.1257
09-23 22:21:13.351 16891 16906 I EvoluneD08: D08_M01 SAMPLE dataset=synthetic-large-17281 metric=chart-warm-wall index=14 value_ms=65.3337
09-23 22:21:13.351 16891 16906 I EvoluneD08: D08_M01 SAMPLE dataset=synthetic-large-17281 metric=chart-warm-wall index=15 value_ms=75.1901
09-23 22:21:13.351 16891 16906 I EvoluneD08: D08_M01 SAMPLE dataset=synthetic-large-17281 metric=chart-warm-wall index=16 value_ms=65.1277
09-23 22:21:13.351 16891 16906 I EvoluneD08: D08_M01 SAMPLE dataset=synthetic-large-17281 metric=chart-warm-wall index=17 value_ms=61.0676
09-23 22:21:13.351 16891 16906 I EvoluneD08: D08_M01 SAMPLE dataset=synthetic-large-17281 metric=chart-warm-wall index=18 value_ms=76.8612
09-23 22:21:13.351 16891 16906 I EvoluneD08: D08_M01 SAMPLE dataset=synthetic-large-17281 metric=chart-warm-wall index=19 value_ms=64.1261
09-23 22:21:13.351 16891 16906 I EvoluneD08: D08_M01 SAMPLE dataset=synthetic-large-17281 metric=chart-warm-wall index=20 value_ms=62.4423
09-23 22:21:13.351 16891 16906 I EvoluneD08: D08_M01 SAMPLE dataset=synthetic-large-17281 metric=chart-warm-wall index=21 value_ms=60.6589
09-23 22:21:13.351 16891 16906 I EvoluneD08: D08_M01 SAMPLE dataset=synthetic-large-17281 metric=chart-warm-wall index=22 value_ms=80.1240
09-23 22:21:13.351 16891 16906 I EvoluneD08: D08_M01 SAMPLE dataset=synthetic-large-17281 metric=chart-warm-wall index=23 value_ms=62.5748
09-23 22:21:13.351 16891 16906 I EvoluneD08: D08_M01 SAMPLE dataset=synthetic-large-17281 metric=chart-warm-wall index=24 value_ms=62.4323
09-23 22:21:13.352 16891 16906 I EvoluneD08: D08_M01 SAMPLE dataset=synthetic-large-17281 metric=chart-warm-wall index=25 value_ms=75.3523
09-23 22:21:13.352 16891 16906 I EvoluneD08: D08_M01 SAMPLE dataset=synthetic-large-17281 metric=chart-warm-wall index=26 value_ms=61.8949
09-23 22:21:13.352 16891 16906 I EvoluneD08: D08_M01 SAMPLE dataset=synthetic-large-17281 metric=chart-warm-wall index=27 value_ms=61.1127
09-23 22:21:13.352 16891 16906 I EvoluneD08: D08_M01 SAMPLE dataset=synthetic-large-17281 metric=chart-warm-wall index=28 value_ms=78.1976
09-23 22:21:13.352 16891 16906 I EvoluneD08: D08_M01 SAMPLE dataset=synthetic-large-17281 metric=chart-warm-wall index=29 value_ms=61.1972
09-23 22:21:13.352 16891 16906 I EvoluneD08: D08_M01 synthetic-large-17281 chart-warm-wall n=30 min_ms=60.6589 max_ms=94.3173 mean_ms=68.6965 median_ms=63.0176 p95_ms=93.6131
09-23 22:21:13.352 16891 16906 I EvoluneD08: D08_M01 SAMPLE dataset=synthetic-large-17281 metric=chart-warm-ui-cpu index=0 value_ms=18.1719
09-23 22:21:13.352 16891 16906 I EvoluneD08: D08_M01 SAMPLE dataset=synthetic-large-17281 metric=chart-warm-ui-cpu index=1 value_ms=20.6062
09-23 22:21:13.353 16891 16906 I EvoluneD08: D08_M01 SAMPLE dataset=synthetic-large-17281 metric=chart-warm-ui-cpu index=2 value_ms=18.1285
09-23 22:21:13.353 16891 16906 I EvoluneD08: D08_M01 SAMPLE dataset=synthetic-large-17281 metric=chart-warm-ui-cpu index=3 value_ms=19.1658
09-23 22:21:13.353 16891 16906 I EvoluneD08: D08_M01 SAMPLE dataset=synthetic-large-17281 metric=chart-warm-ui-cpu index=4 value_ms=34.7414
09-23 22:21:13.353 16891 16906 I EvoluneD08: D08_M01 SAMPLE dataset=synthetic-large-17281 metric=chart-warm-ui-cpu index=5 value_ms=18.4071
09-23 22:21:13.353 16891 16906 I EvoluneD08: D08_M01 SAMPLE dataset=synthetic-large-17281 metric=chart-warm-ui-cpu index=6 value_ms=31.1621
09-23 22:21:13.353 16891 16906 I EvoluneD08: D08_M01 SAMPLE dataset=synthetic-large-17281 metric=chart-warm-ui-cpu index=7 value_ms=28.2406
09-23 22:21:13.353 16891 16906 I EvoluneD08: D08_M01 SAMPLE dataset=synthetic-large-17281 metric=chart-warm-ui-cpu index=8 value_ms=13.6344
09-23 22:21:13.353 16891 16906 I EvoluneD08: D08_M01 SAMPLE dataset=synthetic-large-17281 metric=chart-warm-ui-cpu index=9 value_ms=18.6308
09-23 22:21:13.353 16891 16906 I EvoluneD08: D08_M01 SAMPLE dataset=synthetic-large-17281 metric=chart-warm-ui-cpu index=10 value_ms=17.5617
09-23 22:21:13.353 16891 16906 I EvoluneD08: D08_M01 SAMPLE dataset=synthetic-large-17281 metric=chart-warm-ui-cpu index=11 value_ms=37.4279
09-23 22:21:13.354 16891 16906 I EvoluneD08: D08_M01 SAMPLE dataset=synthetic-large-17281 metric=chart-warm-ui-cpu index=12 value_ms=18.8265
09-23 22:21:13.354 16891 16906 I EvoluneD08: D08_M01 SAMPLE dataset=synthetic-large-17281 metric=chart-warm-ui-cpu index=13 value_ms=16.2897
09-23 22:21:13.354 16891 16906 I EvoluneD08: D08_M01 SAMPLE dataset=synthetic-large-17281 metric=chart-warm-ui-cpu index=14 value_ms=20.8016
09-23 22:21:13.354 16891 16906 I EvoluneD08: D08_M01 SAMPLE dataset=synthetic-large-17281 metric=chart-warm-ui-cpu index=15 value_ms=17.9116
09-23 22:21:13.354 16891 16906 I EvoluneD08: D08_M01 SAMPLE dataset=synthetic-large-17281 metric=chart-warm-ui-cpu index=16 value_ms=19.8703
09-23 22:21:13.357 16891 16906 I EvoluneD08: D08_M01 SAMPLE dataset=synthetic-large-17281 metric=chart-warm-ui-cpu index=17 value_ms=19.1575
09-23 22:21:13.357 16891 16906 I EvoluneD08: D08_M01 SAMPLE dataset=synthetic-large-17281 metric=chart-warm-ui-cpu index=18 value_ms=27.4111
09-23 22:21:13.358 16891 16906 I EvoluneD08: D08_M01 SAMPLE dataset=synthetic-large-17281 metric=chart-warm-ui-cpu index=19 value_ms=17.1679
09-23 22:21:13.361 16891 16906 I EvoluneD08: D08_M01 SAMPLE dataset=synthetic-large-17281 metric=chart-warm-ui-cpu index=20 value_ms=20.3487
09-23 22:21:13.361 16891 16906 I EvoluneD08: D08_M01 SAMPLE dataset=synthetic-large-17281 metric=chart-warm-ui-cpu index=21 value_ms=17.9961
09-23 22:21:13.361 16891 16906 I EvoluneD08: D08_M01 SAMPLE dataset=synthetic-large-17281 metric=chart-warm-ui-cpu index=22 value_ms=20.1333
09-23 22:21:13.361 16891 16906 I EvoluneD08: D08_M01 SAMPLE dataset=synthetic-large-17281 metric=chart-warm-ui-cpu index=23 value_ms=18.3755
09-23 22:21:13.361 16891 16906 I EvoluneD08: D08_M01 SAMPLE dataset=synthetic-large-17281 metric=chart-warm-ui-cpu index=24 value_ms=18.4817
09-23 22:21:13.361 16891 16906 I EvoluneD08: D08_M01 SAMPLE dataset=synthetic-large-17281 metric=chart-warm-ui-cpu index=25 value_ms=26.6394
09-23 22:21:13.362 16891 16906 I EvoluneD08: D08_M01 SAMPLE dataset=synthetic-large-17281 metric=chart-warm-ui-cpu index=26 value_ms=21.1054
09-23 22:21:13.362 16891 16906 I EvoluneD08: D08_M01 SAMPLE dataset=synthetic-large-17281 metric=chart-warm-ui-cpu index=27 value_ms=16.0214
09-23 22:21:13.362 16891 16906 I EvoluneD08: D08_M01 SAMPLE dataset=synthetic-large-17281 metric=chart-warm-ui-cpu index=28 value_ms=31.3653
09-23 22:21:13.362 16891 16906 I EvoluneD08: D08_M01 SAMPLE dataset=synthetic-large-17281 metric=chart-warm-ui-cpu index=29 value_ms=19.6840
09-23 22:21:13.362 16891 16906 I EvoluneD08: D08_M01 synthetic-large-17281 chart-warm-ui-cpu n=30 min_ms=13.6344 max_ms=37.4279 mean_ms=21.4488 median_ms=19.1575 p95_ms=34.7414
09-23 22:21:13.362 16891 16906 I EvoluneD08: D08_M01 synthetic-large-17281 resource phase=after gc_count=26 gc_time_ms=495
09-23 22:21:13.366 16891 16906 I EvoluneD08: D08_M01 FRAME metric=total frames=194 over16ms=186 over33ms=106 histogram_ms=11:2,12:1,13:1,15:3,16:1,17:5,18:14,19:14,20:7,21:9,22:6,23:3,24:5,25:2,26:1,27:1,30:2,31:2,32:4,33:5,34:1,36:4,37:5,38:4,39:9,40:5,41:12,42:10,43:4,44:16,45:14,46:7,47:7,48:4,49:1,50:2,63:1
09-23 22:21:13.368 16891 16906 I EvoluneD08: D08_M01 FRAME metric=draw frames=194 over16ms=2 over33ms=0 histogram_ms=4:17,5:66,6:43,7:22,8:24,9:10,10:6,11:1,14:1,16:2,18:1,29:1
09-23 22:21:13.370 16891 16906 I EvoluneD08: D08_M01 FRAME metric=command frames=194 over16ms=0 over33ms=0 histogram_ms=1:27,2:120,3:40,4:4,5:2,11:1
